date,sessions,totalUsers,newUsers,activeUsers,bounceRate,averageSessionDuration,screenPageViews,conversions,totalRevenue,eventCount,engagementRate,engagedSessions,userEngagementDuration,sessionsPerUser
20250916,853.0,755.0,642.0,702.0,0.6588511137162955,52.26284762016413,1012.0,56.0,0.0,3649.0,0.34114888628370454,291.0,8955.0,1.2150997150997151
20250917,899.0,808.0,696.0,774.0,0.6807563959955506,75.01287578309233,1135.0,43.0,0.0,4164.0,0.3192436040044494,287.0,14889.0,1.1614987080103358
20250918,747.0,655.0,567.0,619.0,0.749665327978581,62.76189499464525,850.0,33.0,0.0,3101.0,0.250334672021419,187.0,6712.0,1.2067851373182552
20250919,811.0,749.0,641.0,709.0,0.6831072749691739,73.24426590875463,942.0,37.0,0.0,3474.0,0.31689272503082616,257.0,8781.0,1.1438645980253879
20250920,1199.0,1125.0,1032.0,1094.0,0.7714762301918265,27.695311086738947,1337.0,102.0,0.0,4774.0,0.2285237698081735,274.0,7926.0,1.0959780621572213
20250921,1182.0,1122.0,1051.0,1102.0,0.7301184433164128,20.5665237106599,1372.0,117.0,0.0,4927.0,0.26988155668358715,319.0,8895.0,1.072595281306715
20250922,889.0,764.0,644.0,722.0,0.6940382452193475,91.31171541957255,1128.0,57.0,0.0,4177.0,0.3059617547806524,272.0,11009.0,1.2313019390581716
20250923,1016.0,925.0,837.0,897.0,0.6781496062992126,69.07658799114172,1301.0,43.0,0.0,4378.0,0.3218503937007874,327.0,9097.0,1.1326644370122632
20250924,1062.0,943.0,831.0,906.0,0.672316384180791,73.87259017137477,1274.0,56.0,0.0,4430.0,0.327683615819209,348.0,10807.0,1.1721854304635762
20250925,1253.0,1121.0,992.0,1076.0,0.690343176376696,61.245032095770156,1569.0,61.0,0.0,5307.0,0.30965682362330404,388.0,57757.0,1.1644981412639406
20250926,1376.0,1261.0,1125.0,1213.0,0.6918604651162791,59.24690533938954,1658.0,54.0,0.0,5604.0,0.3081395348837209,424.0,17421.0,1.1343775762572135
20250927,1859.0,1743.0,1629.0,1693.0,0.7477138246369016,42.0933293211404,2112.0,104.0,0.0,7179.0,0.25228617536309844,469.0,17325.0,1.0980507974010632
20250928,1773.0,1695.0,1580.0,1649.0,0.7467569091934574,35.603083658770444,2132.0,91.0,0.0,6942.0,0.25324309080654256,449.0,14128.0,1.0751970891449363
20250929,1347.0,1236.0,1089.0,1180.0,0.682256867112101,57.89878082034151,1682.0,58.0,0.0,5552.0,0.317743132887899,428.0,16863.0,1.1415254237288135
20250930,1260.0,1155.0,1015.0,1104.0,0.7222222222222222,49.48889585952381,1470.0,39.0,0.0,4920.0,0.2777777777777778,350.0,18409.0,1.141304347826087
20251001,1173.0,1075.0,943.0,1021.0,0.7161125319693095,72.84258934526855,1359.0,48.0,0.0,4844.0,0.28388746803069054,333.0,20105.0,1.148873653281097
20251002,1174.0,1083.0,956.0,1040.0,0.696763202725724,53.23611032282795,1371.0,67.0,0.0,5046.0,0.303236797274276,356.0,14992.0,1.1288461538461538
20251003,1258.0,1163.0,1045.0,1122.0,0.7201907790143084,49.63496494833069,1439.0,52.0,0.0,5049.0,0.27980922098569155,352.0,16345.0,1.121212121212121
20251004,1637.0,1562.0,1454.0,1520.0,0.7684789248625534,31.855367634086743,1812.0,118.0,0.0,6442.0,0.23152107513744655,379.0,14576.0,1.0769736842105264
20251005,1446.0,1372.0,1275.0,1340.0,0.7655601659751037,27.711917187413555,1572.0,132.0,0.0,5709.0,0.23443983402489627,339.0,12405.0,1.0791044776119403
20251006,1016.0,935.0,843.0,893.0,0.7066929133858267,51.57417948228346,1167.0,17.0,0.0,4078.0,0.2933070866141732,298.0,18226.0,1.137737961926092
20251007,1056.0,979.0,882.0,941.0,0.6439393939393939,67.17812464299243,1345.0,11.0,0.0,4738.0,0.3560606060606061,376.0,33960.0,1.1222104144527099
20251008,1003.0,904.0,802.0,861.0,0.6999002991026919,68.23493636291127,1191.0,28.0,0.0,4238.0,0.3000997008973081,301.0,19838.0,1.164924506387921
20251009,1234.0,1137.0,1020.0,1086.0,0.6645056726094003,73.91461480875203,1584.0,12.0,0.0,5554.0,0.3354943273905997,414.0,30928.0,1.136279926335175
20251010,1467.0,1334.0,1192.0,1278.0,0.6550783912747103,85.66626913837764,1810.0,18.0,0.0,6305.0,0.3449216087252897,506.0,42592.0,1.147887323943662
20251011,1692.0,1573.0,1474.0,1522.0,0.7009456264775413,56.62196255496453,1945.0,20.0,0.0,6672.0,0.2990543735224586,506.0,36321.0,1.111695137976347
20251012,2241.0,2131.0,2014.0,2079.0,0.6680053547523427,64.54737464569389,2700.0,33.0,0.0,9322.0,0.3319946452476573,744.0,57704.0,1.077922077922078
20251013,1618.0,1475.0,1327.0,1402.0,0.6588380716934487,78.06213114524104,1901.0,10.0,0.0,6762.0,0.3411619283065513,552.0,47872.0,1.1540656205420827
20251014,1336.0,1205.0,1038.0,1139.0,0.6796407185628742,79.27266763398204,1518.0,35.0,0.0,5418.0,0.3203592814371258,428.0,36269.0,1.1729587357330993
20251015,1536.0,1421.0,1230.0,1341.0,0.6536458333333334,83.4492836608073,1839.0,25.0,0.0,6705.0,0.3463541666666667,532.0,47812.0,1.145413870246085
20251016,2138.0,2027.0,1844.0,1964.0,0.5827876520112254,72.50954402338634,2680.0,47.0,0.0,10304.0,0.41721234798877455,892.0,51723.0,1.0885947046843176
20251017,966.0,923.0,809.0,880.0,0.5952380952380952,80.44120148240167,1227.0,21.0,0.0,4586.0,0.40476190476190477,391.0,18179.0,1.0977272727272727
20251018,2372.0,2252.0,2082.0,2182.0,0.6509274873524452,66.55082403836425,2933.0,33.0,0.0,10473.0,0.3490725126475548,828.0,51273.0,1.0870760769935839
20251019,1947.0,1861.0,1714.0,1796.0,0.6661530559835644,60.82565874730354,2370.0,25.0,0.0,8406.0,0.33384694401643555,650.0,44948.0,1.084075723830735
20251020,2272.0,2127.0,1885.0,2049.0,0.6382042253521126,71.2036860088028,2798.0,66.0,0.0,10317.0,0.3617957746478873,822.0,48369.0,1.1088335773548073
20251021,1602.0,1503.0,1316.0,1449.0,0.6260923845193508,87.76531059113609,2001.0,62.0,0.0,7446.0,0.3739076154806492,599.0,34119.0,1.1055900621118013
20251022,1166.0,1089.0,943.0,1031.0,0.6397941680960549,82.597039135506,1387.0,52.0,0.0,5260.0,0.3602058319039451,420.0,26595.0,1.13094083414161
20251023,896.0,839.0,733.0,799.0,0.5892857142857143,86.53401201004465,1181.0,32.0,0.0,4342.0,0.4107142857142857,368.0,26470.0,1.1214017521902377
20251024,898.0,856.0,740.0,810.0,0.6057906458797327,69.86537286971047,1047.0,20.0,0.0,3858.0,0.39420935412026725,354.0,18777.0,1.108641975308642
20251025,1054.0,1022.0,929.0,982.0,0.6480075901328273,70.66558283586338,1343.0,12.0,0.0,4587.0,0.3519924098671727,371.0,26622.0,1.0733197556008147
20251026,946.0,908.0,824.0,874.0,0.620507399577167,62.619388908033834,1170.0,10.0,0.0,4038.0,0.379492600422833,359.0,20385.0,1.0823798627002288
20251027,1015.0,954.0,844.0,916.0,0.5862068965517241,89.84799969753693,1358.0,20.0,0.0,4782.0,0.41379310344827586,420.0,23375.0,1.1080786026200873
20251028,1089.0,991.0,866.0,948.0,0.5904499540863177,97.1086025922865,1392.0,16.0,0.0,4867.0,0.40955004591368227,446.0,24864.0,1.1487341772151898
20251029,866.0,834.0,715.0,784.0,0.5542725173210161,98.22628575173209,1089.0,12.0,0.0,3878.0,0.4457274826789838,386.0,23576.0,1.1045918367346939
20251030,895.0,856.0,767.0,814.0,0.6100558659217877,80.51090318547487,1121.0,13.0,0.0,3979.0,0.38994413407821227,349.0,19518.0,1.0995085995085996
20251031,1048.0,1011.0,913.0,979.0,0.6374045801526718,75.0790539351145,1334.0,8.0,0.0,4635.0,0.36259541984732824,380.0,16754.0,1.0704800817160367
20251101,1209.0,1154.0,1059.0,1114.0,0.6501240694789082,67.66699487014061,1448.0,20.0,0.0,4973.0,0.34987593052109184,423.0,21227.0,1.085278276481149
20251102,1017.0,964.0,892.0,937.0,0.6519174041297935,80.26436941396264,1346.0,3.0,0.0,4488.0,0.3480825958702065,354.0,15265.0,1.0853788687299892
20251103,940.0,908.0,804.0,868.0,0.6159574468085106,84.12927937659575,1178.0,13.0,0.0,4128.0,0.3840425531914894,361.0,25616.0,1.0829493087557605
20251104,836.0,805.0,708.0,755.0,0.6901913875598086,66.9134706770335,1070.0,17.0,0.0,3660.0,0.30980861244019137,259.0,17215.0,1.1072847682119205
20251105,374.0,353.0,309.0,329.0,0.6256684491978609,78.95294938235294,499.0,4.0,0.0,1801.0,0.37433155080213903,140.0,7803.0,1.1367781155015197
20251106,831.0,751.0,675.0,712.0,0.7460890493381468,55.68780027918171,940.0,50.0,0.0,3481.0,0.2539109506618532,211.0,7504.0,1.1671348314606742
20251107,909.0,845.0,760.0,802.0,0.7370737073707371,51.134590419141915,1069.0,63.0,0.0,4032.0,0.2629262926292629,239.0,9579.0,1.133416458852868
20251108,1336.0,1285.0,1218.0,1253.0,0.7829341317365269,21.92310877994012,1486.0,114.0,0.0,5580.0,0.21706586826347304,290.0,7065.0,1.066241021548284
20251109,1089.0,1050.0,1012.0,1031.0,0.7401285583103765,30.983905038567496,1254.0,102.0,0.0,4729.0,0.2598714416896235,283.0,11720.0,1.0562560620756547
20251110,805.0,732.0,657.0,705.0,0.6509316770186335,68.38395105341615,1022.0,47.0,0.0,3890.0,0.3490683229813665,281.0,10044.0,1.1418439716312057
20251111,464.0,426.0,372.0,409.0,0.5495689655172413,80.17368625,628.0,22.0,0.0,2389.0,0.4504310344827586,209.0,6968.0,1.1344743276283618
20251112,372.0,338.0,298.0,326.0,0.4274193548387097,86.82734425537635,601.0,12.0,0.0,2262.0,0.5725806451612904,213.0,9631.0,1.1411042944785277
20251113,313.0,301.0,265.0,291.0,0.4217252396166134,98.69397599361022,491.0,2.0,0.0,1884.0,0.5782747603833865,181.0,6327.0,1.0756013745704467
20251114,322.0,299.0,258.0,288.0,0.3944099378881988,114.82152188198758,503.0,2.0,0.0,1912.0,0.6055900621118012,195.0,5588.0,1.1180555555555556
20251115,343.0,335.0,316.0,330.0,0.42857142857142855,71.01554886297376,548.0,4.0,0.0,1932.0,0.5714285714285714,196.0,6179.0,1.0393939393939393
20251116,309.0,302.0,277.0,292.0,0.3818770226537217,89.64527988996764,520.0,6.0,0.0,1917.0,0.6181229773462783,191.0,7162.0,1.0582191780821917
20251117,335.0,318.0,286.0,307.0,0.34626865671641793,71.54932450447761,522.0,17.0,0.0,1981.0,0.6537313432835821,219.0,8795.0,1.0912052117263844
20251118,356.0,341.0,309.0,330.0,0.41292134831460675,106.29502258146067,587.0,6.0,0.0,2275.0,0.5870786516853933,209.0,12216.0,1.0787878787878789
20251119,367.0,349.0,321.0,342.0,0.35149863760217986,109.71183837329701,591.0,6.0,0.0,2186.0,0.6485013623978202,238.0,8346.0,1.0730994152046784
20251120,366.0,348.0,332.0,342.0,0.4180327868852459,88.73149505737705,611.0,4.0,0.0,2116.0,0.5819672131147541,213.0,7979.0,1.0701754385964912
20251121,305.0,291.0,269.0,282.0,0.3770491803278688,102.0190175442623,505.0,3.0,0.0,1902.0,0.6229508196721312,190.0,5900.0,1.0815602836879432
20251122,284.0,278.0,264.0,269.0,0.3732394366197183,78.87544010211268,478.0,4.0,0.0,1716.0,0.6267605633802817,178.0,5750.0,1.0557620817843867
20251123,354.0,332.0,309.0,322.0,0.4180790960451977,78.12377620621469,630.0,15.0,0.0,2236.0,0.5819209039548022,206.0,9349.0,1.0993788819875776
20251124,418.0,370.0,323.0,356.0,0.3444976076555024,158.09918209569378,710.0,9.0,0.0,2729.0,0.6555023923444976,274.0,15472.0,1.1741573033707866
20251125,312.0,293.0,256.0,277.0,0.41025641025641024,106.9244466474359,497.0,4.0,0.0,1993.0,0.5897435897435898,184.0,7906.0,1.1263537906137184
20251126,358.0,331.0,298.0,322.0,0.3854748603351955,151.807030849162,700.0,11.0,0.0,2907.0,0.6145251396648045,220.0,13875.0,1.1118012422360248
20251127,553.0,475.0,420.0,462.0,0.34900542495479203,134.8651426546112,793.0,12.0,0.0,3543.0,0.650994575045208,360.0,18204.0,1.196969696969697
20251128,460.0,405.0,345.0,385.0,0.48478260869565215,110.03061156086956,673.0,3.0,0.0,2697.0,0.5152173913043478,237.0,12463.0,1.1948051948051948
20251129,380.0,360.0,317.0,346.0,0.5210526315789473,93.26874554210526,534.0,2.0,0.0,2013.0,0.4789473684210526,182.0,6668.0,1.0982658959537572
20251130,482.0,443.0,406.0,434.0,0.42531120331950206,122.32316357053942,763.0,11.0,0.0,2845.0,0.5746887966804979,277.0,11130.0,1.1105990783410138
20251201,500.0,451.0,387.0,428.0,0.472,94.70100548399999,742.0,10.0,0.0,2930.0,0.528,264.0,13116.0,1.1682242990654206
20251202,435.0,403.0,348.0,383.0,0.42528735632183906,150.8952307402299,642.0,12.0,0.0,2567.0,0.5747126436781609,250.0,9396.0,1.1357702349869452
20251203,427.0,373.0,304.0,356.0,0.47540983606557374,133.0992850327869,651.0,14.0,0.0,2519.0,0.5245901639344263,224.0,9064.0,1.199438202247191
20251204,380.0,327.0,277.0,309.0,0.4052631578947368,184.05631778157894,609.0,10.0,0.0,2385.0,0.5947368421052631,226.0,8374.0,1.2297734627831716
20251205,378.0,337.0,290.0,318.0,0.4417989417989418,113.38581386507936,531.0,5.0,0.0,2098.0,0.5582010582010583,211.0,8394.0,1.1886792452830188
20251206,283.0,273.0,245.0,262.0,0.4876325088339223,54.896093526501765,414.0,3.0,0.0,1480.0,0.5123674911660777,145.0,5300.0,1.0801526717557253
20251207,317.0,301.0,270.0,289.0,0.4637223974763407,90.90460580126184,462.0,8.0,0.0,1731.0,0.5362776025236593,170.0,8107.0,1.0968858131487889
20251208,405.0,366.0,315.0,352.0,0.3802469135802469,134.8220375876543,602.0,19.0,0.0,2437.0,0.6197530864197531,251.0,11238.0,1.1505681818181819
20251209,374.0,338.0,295.0,324.0,0.4090909090909091,128.0413895962567,548.0,15.0,0.0,2236.0,0.5909090909090909,221.0,11068.0,1.154320987654321
20251210,354.0,325.0,281.0,309.0,0.4180790960451977,110.53960646892655,548.0,14.0,0.0,2186.0,0.5819209039548022,206.0,8385.0,1.145631067961165
20251211,328.0,317.0,274.0,310.0,0.4268292682926829,310.18659847560974,497.0,11.0,0.0,2020.0,0.573170731707317,188.0,8928.0,1.0580645161290323
20251212,319.0,285.0,244.0,276.0,0.43260188087774293,125.24096164263322,478.0,13.0,0.0,1885.0,0.567398119122257,181.0,8087.0,1.1557971014492754
20251213,299.0,280.0,252.0,272.0,0.47157190635451507,94.69332177926421,455.0,5.0,0.0,1749.0,0.5284280936454849,158.0,7319.0,1.099264705882353
20251214,345.0,319.0,290.0,308.0,0.4057971014492754,72.32626248115942,506.0,6.0,0.0,1956.0,0.5942028985507246,205.0,7711.0,1.12012987012987
20251215,507.0,470.0,395.0,456.0,0.4457593688362919,122.00493050295859,728.0,26.0,0.0,3065.0,0.5542406311637081,281.0,18493.0,1.111842105263158
20251216,442.0,411.0,342.0,392.0,0.5158371040723982,220.77614612217192,585.0,16.0,0.0,2492.0,0.4841628959276018,214.0,15990.0,1.1275510204081634
20251217,420.0,376.0,308.0,363.0,0.47619047619047616,113.20342772619047,573.0,9.0,0.0,2374.0,0.5238095238095238,220.0,14353.0,1.1570247933884297
20251218,465.0,429.0,360.0,410.0,0.524731182795699,170.34795056774195,597.0,11.0,0.0,2453.0,0.4752688172043011,221.0,10995.0,1.1341463414634145
20251219,437.0,405.0,339.0,394.0,0.5583524027459954,94.26345603432495,555.0,12.0,0.0,2339.0,0.4416475972540046,193.0,9991.0,1.1091370558375635
20251220,357.0,349.0,323.0,339.0,0.5742296918767507,67.83558634733893,489.0,10.0,0.0,1972.0,0.4257703081232493,152.0,9047.0,1.0530973451327434
20251221,401.0,381.0,352.0,368.0,0.57356608478803,630.6792905910224,532.0,10.0,0.0,2116.0,0.42643391521197005,171.0,9252.0,1.0896739130434783
20251222,469.0,439.0,398.0,420.0,0.4968017057569296,89.13875474413646,615.0,13.0,0.0,2634.0,0.5031982942430704,236.0,14479.0,1.1166666666666667
20251223,449.0,427.0,389.0,415.0,0.532293986636971,100.08258712249443,599.0,6.0,0.0,2513.0,0.46770601336302897,210.0,12270.0,1.0819277108433736
20251224,350.0,336.0,314.0,327.0,0.5742857142857143,93.79673129714286,476.0,36.0,0.0,1865.0,0.4257142857142857,149.0,10041.0,1.070336391437309
20251225,377.0,366.0,338.0,347.0,0.6657824933687002,49.22524215384616,471.0,7.0,0.0,1822.0,0.33421750663129973,126.0,7813.0,1.0864553314121037
20251226,557.0,534.0,488.0,512.0,0.6409335727109515,56.334186301615794,656.0,14.0,0.0,2616.0,0.3590664272890485,200.0,11268.0,1.087890625
20251227,532.0,500.0,470.0,486.0,0.6842105263157895,39.2577737387218,630.0,29.0,0.0,2464.0,0.3157894736842105,168.0,7877.0,1.0946502057613168
20251228,485.0,470.0,446.0,455.0,0.6412371134020619,41.95716080824742,584.0,16.0,0.0,2320.0,0.35876288659793815,174.0,7237.0,1.065934065934066
20251229,623.0,600.0,563.0,586.0,0.6179775280898876,60.935319916532904,746.0,26.0,0.0,3037.0,0.38202247191011235,238.0,11113.0,1.0631399317406143
20251230,602.0,567.0,520.0,549.0,0.6229235880398671,90.93134475747509,719.0,29.0,0.0,2917.0,0.3770764119601329,227.0,14081.0,1.0965391621129326
20251231,272.0,266.0,252.0,258.0,0.6139705882352942,55.78721846691176,333.0,18.0,0.0,1298.0,0.3860294117647059,105.0,5572.0,1.054263565891473
20260101,422.0,404.0,382.0,391.0,0.6421800947867299,48.4092601492891,524.0,5.0,0.0,2023.0,0.3578199052132701,151.0,5199.0,1.0792838874680306
20260102,466.0,450.0,410.0,434.0,0.5836909871244635,68.9331468390558,616.0,14.0,0.0,2508.0,0.41630901287553645,194.0,10529.0,1.0737327188940091
20260103,479.0,453.0,415.0,438.0,0.5908141962421712,62.68196758037578,604.0,5.0,0.0,2356.0,0.4091858037578288,196.0,10526.0,1.0936073059360731
20260104,453.0,440.0,415.0,430.0,0.6004415011037527,54.769529728476826,549.0,6.0,0.0,2126.0,0.3995584988962472,181.0,6838.0,1.0534883720930233
20260105,507.0,490.0,451.0,478.0,0.5996055226824457,72.95049886982248,653.0,11.0,0.0,2649.0,0.40039447731755423,203.0,14902.0,1.0606694560669456
20260106,587.0,556.0,506.0,540.0,0.5826235093696763,68.57993558091992,736.0,10.0,0.0,2923.0,0.41737649063032367,245.0,12115.0,1.087037037037037
20260107,507.0,473.0,434.0,459.0,0.5838264299802761,73.51495112228797,646.0,9.0,0.0,2643.0,0.4161735700197239,211.0,10517.0,1.1045751633986929
20260108,528.0,481.0,446.0,471.0,0.5909090909090909,117.34932743371212,662.0,14.0,0.0,2687.0,0.4090909090909091,216.0,10805.0,1.1210191082802548
20260109,466.0,428.0,386.0,412.0,0.5515021459227468,99.58089413090129,594.0,11.0,0.0,2513.0,0.44849785407725323,209.0,11352.0,1.1310679611650485
20260110,546.0,529.0,499.0,515.0,0.6538461538461539,47.515131410256416,649.0,12.0,0.0,2565.0,0.34615384615384615,189.0,8864.0,1.0601941747572816
20260111,620.0,589.0,559.0,576.0,0.5661290322580645,63.769205724193554,782.0,7.0,0.0,3153.0,0.4338709677419355,269.0,14904.0,1.0763888888888888
20260112,708.0,654.0,596.0,632.0,0.5296610169491526,122.93906239265537,1093.0,20.0,0.0,4329.0,0.4703389830508475,333.0,17053.0,1.120253164556962
20260113,575.0,539.0,487.0,522.0,0.5095652173913043,114.57092828347827,922.0,10.0,0.0,3668.0,0.49043478260869566,282.0,14953.0,1.1015325670498084
20260114,712.0,662.0,594.0,640.0,0.5547752808988764,136.25792346769663,1187.0,34.0,0.0,4737.0,0.4452247191011236,317.0,22517.0,1.1125
20260115,849.0,794.0,718.0,765.0,0.6383981154299175,53.966027533568905,1055.0,53.0,0.0,4261.0,0.36160188457008247,307.0,13006.0,1.1098039215686275
20260116,761.0,694.0,631.0,672.0,0.6097240473061761,74.86621221419185,992.0,27.0,0.0,3878.0,0.3902759526938239,297.0,13984.0,1.1324404761904763
20260117,621.0,602.0,570.0,587.0,0.6876006441223832,61.032342677938814,711.0,51.0,0.0,2758.0,0.31239935587761675,194.0,9118.0,1.0579216354344123
20260118,597.0,571.0,533.0,554.0,0.6750418760469011,36.75888867839196,672.0,25.0,0.0,2596.0,0.3249581239530988,194.0,7483.0,1.0776173285198556
20260119,702.0,650.0,594.0,629.0,0.6866096866096866,55.11090558689459,823.0,33.0,0.0,3204.0,0.31339031339031337,220.0,9253.0,1.1160572337042924
20260120,699.0,641.0,581.0,617.0,0.6394849785407726,54.90236448927039,829.0,42.0,0.0,3264.0,0.3605150214592275,252.0,8194.0,1.13290113452188
20260121,629.0,583.0,526.0,564.0,0.6200317965023847,82.60369369316375,742.0,63.0,0.0,2990.0,0.3799682034976153,239.0,9631.0,1.1152482269503545
20260122,573.0,524.0,483.0,509.0,0.6230366492146597,61.19240002094241,673.0,37.0,0.0,2699.0,0.3769633507853403,216.0,10457.0,1.12573673870334
20260123,555.0,517.0,473.0,500.0,0.6720720720720721,56.491058165765764,660.0,48.0,0.0,2565.0,0.3279279279279279,182.0,8238.0,1.11
20260124,545.0,516.0,466.0,487.0,0.7211009174311926,34.59116657431193,613.0,49.0,0.0,2346.0,0.27889908256880735,152.0,5654.0,1.1190965092402465
20260125,492.0,476.0,452.0,464.0,0.709349593495935,33.46572414430895,550.0,26.0,0.0,2073.0,0.29065040650406504,143.0,5125.0,1.0603448275862069
20260126,553.0,521.0,460.0,496.0,0.6311030741410488,59.68291232730561,665.0,36.0,0.0,2613.0,0.3688969258589512,204.0,8786.0,1.1149193548387097
20260127,642.0,592.0,521.0,566.0,0.6417445482866043,82.98247292056075,783.0,36.0,0.0,3151.0,0.3582554517133956,230.0,12168.0,1.1342756183745584
20260128,629.0,580.0,523.0,558.0,0.5977742448330684,80.64647682193959,781.0,49.0,0.0,3118.0,0.40222575516693165,253.0,10599.0,1.1272401433691757
20260129,579.0,533.0,464.0,504.0,0.6252158894645942,67.45298406390329,681.0,36.0,0.0,2783.0,0.3747841105354059,217.0,8483.0,1.1488095238095237
20260130,558.0,508.0,451.0,486.0,0.6630824372759857,55.31227245878136,641.0,49.0,0.0,2586.0,0.33691756272401435,188.0,7537.0,1.1481481481481481
20260131,619.0,587.0,538.0,564.0,0.6510500807754442,57.25963666558966,773.0,42.0,0.0,2909.0,0.34894991922455576,216.0,10468.0,1.0975177304964538
20260201,413.0,396.0,372.0,380.0,0.648910411622276,41.56162131476998,500.0,41.0,0.0,2038.0,0.35108958837772397,145.0,5489.0,1.0868421052631578
20260202,563.0,521.0,458.0,496.0,0.6394316163410302,54.46567120071048,649.0,37.0,0.0,2690.0,0.3605683836589698,203.0,8875.0,1.1350806451612903
20260203,688.0,641.0,583.0,619.0,0.6162790697674418,75.22039813953488,816.0,41.0,0.0,3413.0,0.38372093023255816,264.0,11401.0,1.111470113085622
20260204,684.0,641.0,576.0,613.0,0.6301169590643275,61.172144217836255,823.0,44.0,0.0,3285.0,0.36988304093567254,253.0,8737.0,1.1158238172920065
20260205,738.0,702.0,631.0,675.0,0.6097560975609756,67.06040872086722,921.0,44.0,0.0,3650.0,0.3902439024390244,288.0,10329.0,1.0933333333333333
20260206,800.0,742.0,679.0,717.0,0.655,49.2688875025,927.0,51.0,0.0,3653.0,0.345,276.0,9050.0,1.1157601115760112
20260207,980.0,936.0,879.0,917.0,0.6479591836734694,41.38091211836735,1165.0,62.0,0.0,4498.0,0.3520408163265306,345.0,8855.0,1.0687022900763359
20260208,955.0,911.0,857.0,889.0,0.6471204188481675,47.94173673089005,1171.0,65.0,0.0,4476.0,0.35287958115183243,337.0,11503.0,1.0742407199100112
20260209,635.0,591.0,531.0,569.0,0.6614173228346457,54.62269517637796,713.0,27.0,0.0,2806.0,0.33858267716535434,215.0,7561.0,1.115992970123023
20260210,649.0,597.0,533.0,567.0,0.588597842835131,77.60683760708783,770.0,65.0,0.0,3184.0,0.41140215716486905,267.0,11334.0,1.144620811287478
20260211,565.0,528.0,477.0,507.0,0.6035398230088496,72.71270740353982,685.0,61.0,0.0,2864.0,0.39646017699115044,224.0,11040.0,1.1143984220907297
20260212,562.0,523.0,465.0,493.0,0.5960854092526691,66.4765307935943,686.0,58.0,0.0,2829.0,0.40391459074733094,227.0,10532.0,1.1399594320486814
20260213,557.0,517.0,469.0,496.0,0.5763016157989228,78.9481613177738,688.0,40.0,0.0,2902.0,0.4236983842010772,236.0,16131.0,1.122983870967742
20260214,613.0,575.0,528.0,553.0,0.6525285481239804,58.85497551712888,712.0,77.0,0.0,2959.0,0.3474714518760196,213.0,9311.0,1.108499095840868
20260215,508.0,486.0,449.0,469.0,0.6299212598425197,49.276379454724406,596.0,61.0,0.0,2423.0,0.3700787401574803,188.0,8211.0,1.0831556503198294
20260216,705.0,658.0,607.0,639.0,0.5716312056737589,90.80131074184398,971.0,64.0,0.0,3873.0,0.42836879432624114,302.0,15887.0,1.1032863849765258
20260217,613.0,564.0,522.0,549.0,0.5823817292006526,78.39556269820555,824.0,70.0,0.0,3364.0,0.4176182707993475,256.0,12881.0,1.116575591985428
20260218,476.0,445.0,391.0,416.0,0.6218487394957983,80.61186206302521,560.0,52.0,0.0,2358.0,0.37815126050420167,180.0,9486.0,1.1442307692307692
20260219,529.0,473.0,413.0,449.0,0.610586011342155,89.11983624007561,617.0,54.0,0.0,2528.0,0.389413988657845,206.0,8535.0,1.178173719376392
20260220,566.0,502.0,447.0,486.0,0.666077738515901,70.60660987632508,675.0,46.0,0.0,2720.0,0.3339222614840989,189.0,8633.0,1.1646090534979423
20260221,640.0,600.0,551.0,584.0,0.675,40.295410773437496,753.0,74.0,0.0,2982.0,0.325,208.0,8204.0,1.095890410958904
20260222,497.0,459.0,427.0,448.0,0.6639839034205232,49.739507126760564,592.0,45.0,0.0,2301.0,0.33601609657947684,167.0,5621.0,1.109375
20260223,592.0,524.0,460.0,498.0,0.6317567567567568,72.20673919425676,685.0,70.0,0.0,2798.0,0.36824324324324326,218.0,9146.0,1.1887550200803212
20260224,538.0,459.0,402.0,439.0,0.620817843866171,78.64018270446095,633.0,55.0,0.0,2599.0,0.379182156133829,204.0,10784.0,1.2255125284738042
20260225,553.0,507.0,447.0,480.0,0.6311030741410488,63.37919076491863,641.0,59.0,0.0,2603.0,0.3688969258589512,204.0,6221.0,1.1520833333333333
20260226,600.0,529.0,455.0,498.0,0.6233333333333333,80.695248245,690.0,79.0,0.0,2875.0,0.37666666666666665,226.0,7664.0,1.2048192771084338
20260227,537.0,499.0,434.0,473.0,0.6238361266294227,84.47110587150837,637.0,65.0,0.0,2597.0,0.3761638733705773,202.0,7730.0,1.135306553911205
20260228,664.0,618.0,573.0,594.0,0.6837349397590361,29.563379088855424,731.0,98.0,0.0,2987.0,0.31626506024096385,210.0,7240.0,1.1178451178451179
20260301,584.0,546.0,507.0,532.0,0.678082191780822,36.88727511643836,647.0,72.0,0.0,2594.0,0.3219178082191781,188.0,6559.0,1.0977443609022557
20260302,491.0,453.0,389.0,427.0,0.6435845213849287,57.23199407331976,555.0,55.0,0.0,2318.0,0.3564154786150713,175.0,8111.0,1.1498829039812646
20260303,609.0,551.0,480.0,524.0,0.6518883415435139,57.84250952709359,675.0,71.0,0.0,2721.0,0.34811165845648606,212.0,7413.0,1.1622137404580153
20260304,601.0,550.0,495.0,526.0,0.7121464226289518,47.8628979750416,661.0,47.0,0.0,2543.0,0.2878535773710483,173.0,6033.0,1.1425855513307985
20260305,557.0,509.0,450.0,478.0,0.6229802513464991,80.10883608078994,633.0,72.0,0.0,2580.0,0.3770197486535009,210.0,8266.0,1.1652719665271967
20260306,791.0,718.0,640.0,674.0,0.7079646017699115,52.433424988621994,844.0,74.0,0.0,3350.0,0.2920353982300885,231.0,9611.0,1.1735905044510386
20260307,1055.0,1010.0,959.0,982.0,0.7639810426540284,25.847672717535545,1130.0,113.0,0.0,4190.0,0.23601895734597156,249.0,10343.0,1.0743380855397149
20260308,920.0,890.0,839.0,867.0,0.7445652173913043,21.931748661956522,988.0,106.0,0.0,3833.0,0.2554347826086957,235.0,7965.0,1.0611303344867358
20260309,760.0,704.0,637.0,681.0,0.6631578947368421,44.866096746052634,877.0,58.0,0.0,3447.0,0.3368421052631579,256.0,9774.0,1.1160058737151248
20260310,737.0,681.0,597.0,650.0,0.6580732700135685,59.61232545183175,842.0,72.0,0.0,3351.0,0.3419267299864315,252.0,9687.0,1.133846153846154
20260311,709.0,646.0,572.0,612.0,0.6713681241184767,78.37490801692525,825.0,56.0,0.0,3344.0,0.32863187588152326,233.0,9476.0,1.158496732026144
20260312,727.0,661.0,589.0,620.0,0.6616231086657497,61.408980748280605,832.0,66.0,0.0,3335.0,0.33837689133425036,246.0,10266.0,1.1725806451612903
20260313,742.0,694.0,638.0,666.0,0.7142857142857143,31.763988056603775,825.0,72.0,0.0,3297.0,0.2857142857142857,212.0,8944.0,1.1141141141141142
20260314,908.0,871.0,825.0,846.0,0.7213656387665198,27.616991928414098,1014.0,92.0,0.0,3868.0,0.2786343612334802,253.0,8017.0,1.0732860520094563
20260315,747.0,714.0,662.0,689.0,0.6934404283801874,38.18730480589023,824.0,90.0,0.0,3197.0,0.30655957161981257,229.0,8242.0,1.0841799709724238
20260316,555.0,499.0,416.0,461.0,0.6396396396396397,65.22673502702702,618.0,60.0,0.0,2537.0,0.36036036036036034,200.0,6138.0,1.2039045553145336
20260317,520.0,471.0,406.0,438.0,0.6269230769230769,76.57136099038462,612.0,50.0,0.0,2560.0,0.3730769230769231,194.0,9239.0,1.187214611872146
20260318,547.0,488.0,420.0,455.0,0.6709323583180987,59.967527760511885,618.0,55.0,0.0,2502.0,0.3290676416819013,180.0,6274.0,1.2021978021978021
20260319,624.0,578.0,512.0,548.0,0.6490384615384616,46.98293745512821,693.0,64.0,0.0,2809.0,0.35096153846153844,219.0,7854.0,1.1386861313868613
20260320,643.0,580.0,504.0,546.0,0.6656298600311042,69.3017050777605,747.0,68.0,0.0,3006.0,0.3343701399688958,215.0,7991.0,1.1776556776556777
20260321,729.0,674.0,625.0,650.0,0.6694101508916324,38.5662385829904,791.0,120.0,0.0,3220.0,0.33058984910836764,241.0,7222.0,1.1215384615384616
20260322,590.0,553.0,508.0,529.0,0.7067796610169491,48.30764187118644,662.0,85.0,0.0,2663.0,0.29322033898305083,173.0,7747.0,1.11531190926276
20260323,580.0,522.0,451.0,495.0,0.6362068965517241,58.62795853793103,648.0,57.0,0.0,2745.0,0.36379310344827587,211.0,7850.0,1.1717171717171717
20260324,701.0,623.0,564.0,594.0,0.6633380884450785,61.35498552924393,807.0,56.0,0.0,3236.0,0.33666191155492153,236.0,12231.0,1.1801346801346801
20260325,606.0,557.0,482.0,518.0,0.6468646864686468,79.7758637821782,688.0,37.0,0.0,2775.0,0.35313531353135313,214.0,13013.0,1.16988416988417
20260326,364.0,343.0,315.0,338.0,0.6126373626373627,77.37465786813186,458.0,4.0,0.0,1809.0,0.3873626373626374,141.0,7691.0,1.0769230769230769
20260327,383.0,352.0,313.0,334.0,0.6527415143603134,87.49317591122714,476.0,10.0,0.0,1833.0,0.3472584856396867,133.0,8111.0,1.1467065868263473
20260328,479.0,462.0,439.0,453.0,0.6430062630480167,117.15214125887265,639.0,9.0,0.0,2309.0,0.3569937369519833,171.0,9862.0,1.0573951434878588
20260329,451.0,431.0,408.0,422.0,0.70509977827051,39.240933221729485,528.0,6.0,0.0,1952.0,0.29490022172949004,133.0,5789.0,1.0687203791469195
20260330,438.0,410.0,368.0,401.0,0.6484018264840182,76.8914733538813,540.0,7.0,0.0,2075.0,0.3515981735159817,154.0,5770.0,1.0922693266832917
20260331,550.0,526.0,494.0,513.0,0.6909090909090909,58.129049996363634,687.0,19.0,0.0,2697.0,0.3090909090909091,170.0,8496.0,1.0721247563352827
20260401,726.0,698.0,657.0,685.0,0.7630853994490359,54.34330428099174,858.0,9.0,0.0,3087.0,0.2369146005509642,172.0,9488.0,1.0598540145985402
20260402,683.0,664.0,623.0,642.0,0.7774524158125915,35.292348638360174,771.0,16.0,0.0,2781.0,0.2225475841874085,152.0,7925.0,1.0638629283489096
20260403,835.0,827.0,810.0,820.0,0.7904191616766467,21.633877808383236,946.0,4.0,0.0,3281.0,0.20958083832335328,175.0,6662.0,1.0182926829268293
20260404,868.0,856.0,835.0,845.0,0.8052995391705069,23.36316377304147,971.0,1.0,0.0,3254.0,0.19470046082949308,169.0,5987.0,1.0272189349112426
20260405,886.0,868.0,846.0,857.0,0.8002257336343115,27.50516553611738,1028.0,12.0,0.0,3488.0,0.19977426636568849,177.0,8795.0,1.0338389731621938
20260406,932.0,906.0,876.0,885.0,0.778969957081545,37.044092909871246,1090.0,8.0,0.0,3816.0,0.22103004291845493,206.0,8641.0,1.0531073446327683
20260407,822.0,806.0,764.0,786.0,0.7871046228710462,36.15311865085158,913.0,12.0,0.0,3201.0,0.21289537712895376,175.0,7738.0,1.0458015267175573
20260408,755.0,726.0,684.0,704.0,0.7682119205298014,42.97529634834437,863.0,7.0,0.0,3024.0,0.23178807947019867,175.0,7369.0,1.0724431818181819
20260409,791.0,766.0,726.0,753.0,0.7357774968394437,58.2168523261694,943.0,10.0,0.0,3447.0,0.26422250316055623,209.0,9046.0,1.050464807436919
20260410,637.0,618.0,583.0,600.0,0.7456828885400314,48.46692494505494,768.0,4.0,0.0,2743.0,0.2543171114599686,162.0,7742.0,1.0616666666666668
20260411,788.0,764.0,739.0,750.0,0.7982233502538071,28.0874387677665,905.0,6.0,0.0,3069.0,0.2017766497461929,159.0,4594.0,1.0506666666666666
20260412,825.0,803.0,777.0,788.0,0.7515151515151515,34.04464277818182,935.0,8.0,0.0,3269.0,0.24848484848484848,205.0,7150.0,1.0469543147208122
20260413,739.0,718.0,661.0,682.0,0.7361299052774019,57.731384795669825,861.0,4.0,0.0,3103.0,0.2638700947225981,195.0,7260.0,1.0835777126099706
20260414,669.0,641.0,594.0,609.0,0.7249626307922272,52.008796684603894,788.0,8.0,0.0,2814.0,0.2750373692077728,184.0,7162.0,1.0985221674876848
20260415,657.0,633.0,587.0,605.0,0.700152207001522,61.772888146118724,770.0,10.0,0.0,2802.0,0.2998477929984779,197.0,8581.0,1.0859504132231406
20260416,646.0,625.0,581.0,598.0,0.7043343653250774,54.293175696594425,780.0,10.0,0.0,2883.0,0.29566563467492263,191.0,9608.0,1.080267558528428
20260417,622.0,613.0,576.0,597.0,0.7379421221864951,39.28623849356913,714.0,1.0,0.0,2541.0,0.2620578778135048,163.0,4788.0,1.0418760469011725
20260418,698.0,684.0,659.0,666.0,0.7607449856733525,26.884016799426934,817.0,2.0,0.0,2812.0,0.23925501432664756,167.0,5367.0,1.048048048048048
20260419,731.0,710.0,690.0,695.0,0.7209302325581395,42.10077849658003,893.0,6.0,0.0,3179.0,0.27906976744186046,204.0,8370.0,1.0517985611510792
20260420,658.0,648.0,615.0,633.0,0.756838905775076,33.70408589665654,762.0,6.0,0.0,2717.0,0.24316109422492402,160.0,4783.0,1.0394944707740916
20260421,1188.0,1139.0,1077.0,1107.0,0.75,31.587677021043767,1342.0,118.0,0.0,5038.0,0.25,297.0,9828.0,1.0731707317073171
20260422,945.0,868.0,798.0,837.0,0.726984126984127,43.1589219936508,1060.0,60.0,0.0,3999.0,0.273015873015873,258.0,8676.0,1.1290322580645162
20260423,890.0,803.0,733.0,772.0,0.6797752808988764,61.16308304044944,1073.0,50.0,0.0,4075.0,0.3202247191011236,285.0,9766.0,1.1528497409326426
20260424,572.0,552.0,519.0,533.0,0.6713286713286714,69.8016715979021,711.0,4.0,0.0,2639.0,0.32867132867132864,188.0,9362.0,1.0731707317073171
20260425,615.0,607.0,586.0,592.0,0.7821138211382114,36.170205840650404,720.0,6.0,0.0,2443.0,0.21788617886178863,134.0,7042.0,1.0388513513513513
20260426,731.0,719.0,683.0,690.0,0.7154582763337893,37.50086431874145,883.0,12.0,0.0,3099.0,0.28454172366621067,208.0,7203.0,1.0594202898550724
20260427,649.0,616.0,574.0,598.0,0.6394453004622496,70.30757552696457,824.0,11.0,0.0,3090.0,0.3605546995377504,234.0,10390.0,1.085284280936455
20260428,531.0,505.0,456.0,480.0,0.6497175141242938,55.34269569868173,675.0,5.0,0.0,2464.0,0.3502824858757062,186.0,7244.0,1.10625
20260429,727.0,697.0,659.0,676.0,0.6437414030261348,52.38361082393397,919.0,12.0,0.0,3356.0,0.3562585969738652,259.0,8507.0,1.0754437869822486
20260430,660.0,637.0,600.0,618.0,0.6106060606060606,62.89263691515151,864.0,9.0,0.0,3166.0,0.3893939393939394,257.0,6232.0,1.0679611650485437
20260501,883.0,860.0,824.0,840.0,0.5911664779161948,49.90045124801813,1187.0,2.0,0.0,4077.0,0.4088335220838052,361.0,8892.0,1.0511904761904762
20260502,771.0,744.0,710.0,730.0,0.5758754863813229,56.819086614785995,1028.0,8.0,0.0,3649.0,0.42412451361867703,327.0,14539.0,1.0561643835616439
20260503,478.0,471.0,440.0,454.0,0.5481171548117155,75.97917695188283,678.0,4.0,0.0,2439.0,0.45188284518828453,216.0,11335.0,1.052863436123348
20260504,437.0,411.0,372.0,394.0,0.5080091533180778,115.66765108237986,597.0,9.0,0.0,2337.0,0.4919908466819222,215.0,10704.0,1.1091370558375635
20260505,447.0,423.0,383.0,406.0,0.5727069351230425,83.47253856375838,603.0,12.0,0.0,2330.0,0.4272930648769575,191.0,9375.0,1.1009852216748768
20260506,448.0,430.0,386.0,410.0,0.546875,81.04580383482143,606.0,7.0,0.0,2392.0,0.453125,203.0,12143.0,1.0926829268292684
20260507,443.0,422.0,384.0,405.0,0.5688487584650113,66.04822469525959,558.0,4.0,0.0,2267.0,0.43115124153498874,191.0,8455.0,1.0938271604938272
20260508,521.0,493.0,465.0,477.0,0.5719769673704415,73.26851067946257,704.0,4.0,0.0,2755.0,0.42802303262955854,223.0,12051.0,1.0922431865828093
20260509,600.0,581.0,565.0,574.0,0.5983333333333334,52.344121799999996,772.0,19.0,0.0,2814.0,0.40166666666666667,241.0,9569.0,1.0452961672473868
20260510,400.0,388.0,358.0,379.0,0.575,73.46034321,559.0,14.0,0.0,2194.0,0.425,170.0,9328.0,1.0554089709762533
20260511,551.0,528.0,498.0,515.0,0.5099818511796733,94.81677230490018,727.0,14.0,0.0,2908.0,0.4900181488203267,270.0,13103.0,1.0699029126213593
20260512,664.0,639.0,604.0,609.0,0.6445783132530121,60.999449780120486,874.0,8.0,0.0,3270.0,0.35542168674698793,236.0,11043.0,1.090311986863711
20260513,732.0,702.0,660.0,675.0,0.7103825136612022,52.60073241666667,894.0,10.0,0.0,3158.0,0.2896174863387978,212.0,9922.0,1.0844444444444445
20260514,685.0,652.0,607.0,613.0,0.7124087591240876,45.891314801459856,798.0,7.0,0.0,2978.0,0.2875912408759124,197.0,6846.0,1.1174551386623164
20260515,660.0,636.0,602.0,610.0,0.6818181818181818,57.94259436969696,791.0,6.0,0.0,2892.0,0.3181818181818182,210.0,6860.0,1.0819672131147542
20260516,835.0,825.0,805.0,804.0,0.755688622754491,22.86525534251497,984.0,3.0,0.0,3317.0,0.24431137724550897,204.0,5664.0,1.0385572139303483
20260517,785.0,772.0,750.0,741.0,0.7388535031847133,28.86376712356688,940.0,5.0,0.0,3170.0,0.2611464968152866,205.0,6688.0,1.059379217273954
20260518,678.0,656.0,634.0,631.0,0.6991150442477876,51.47414583923304,821.0,7.0,0.0,2954.0,0.3008849557522124,204.0,10371.0,1.0744849445324882
20260519,599.0,575.0,532.0,541.0,0.669449081803005,65.03003113188647,767.0,9.0,0.0,2856.0,0.330550918196995,198.0,10444.0,1.1072088724584104
20260520,580.0,561.0,523.0,536.0,0.7086206896551724,48.42539738275862,726.0,3.0,0.0,2581.0,0.2913793103448276,169.0,7451.0,1.0820895522388059
20260521,624.0,591.0,566.0,564.0,0.719551282051282,63.75465090705128,795.0,8.0,0.0,2861.0,0.28044871794871795,175.0,8187.0,1.1063829787234043
20260522,698.0,664.0,636.0,642.0,0.7521489971346705,48.12508664040116,812.0,0.0,0.0,2848.0,0.24785100286532952,173.0,7959.0,1.087227414330218
20260523,961.0,950.0,912.0,915.0,0.7721123829344433,32.97604048491155,1125.0,6.0,0.0,3723.0,0.2278876170655567,219.0,7563.0,1.0502732240437158
20260524,799.0,780.0,746.0,744.0,0.7484355444305382,45.675628617021275,943.0,5.0,0.0,3117.0,0.25156445556946183,201.0,6273.0,1.0739247311827957
20260525,866.0,839.0,793.0,805.0,0.6905311778290993,41.58184283487298,1044.0,14.0,0.0,3766.0,0.3094688221709007,268.0,14063.0,1.075776397515528
20260526,790.0,771.0,729.0,734.0,0.7164556962025317,63.79177838607594,963.0,5.0,0.0,3359.0,0.28354430379746837,224.0,8288.0,1.0762942779291553
20260527,722.0,698.0,663.0,671.0,0.7451523545706371,35.89171341966758,852.0,6.0,0.0,2960.0,0.2548476454293629,184.0,7215.0,1.0760059612518629
20260528,741.0,710.0,675.0,679.0,0.7408906882591093,42.279611006747636,909.0,29.0,0.0,3206.0,0.2591093117408907,192.0,8691.0,1.0913107511045654
20260529,756.0,732.0,691.0,710.0,0.7380952380952381,48.767107064814816,923.0,6.0,0.0,3216.0,0.2619047619047619,198.0,7395.0,1.064788732394366
20260530,680.0,673.0,658.0,659.0,0.7691176470588236,31.74926210735294,817.0,4.0,0.0,2799.0,0.23088235294117648,157.0,5711.0,1.031866464339909
20260531,696.0,681.0,668.0,667.0,0.7385057471264368,33.25386918678161,844.0,4.0,0.0,2964.0,0.2614942528735632,182.0,6791.0,1.0434782608695652
20260601,746.0,727.0,670.0,682.0,0.6970509383378016,56.11124922520107,922.0,13.0,0.0,3327.0,0.30294906166219837,226.0,9166.0,1.093841642228739
20260602,762.0,734.0,690.0,707.0,0.7086614173228346,59.44056644750656,963.0,10.0,0.0,3411.0,0.29133858267716534,222.0,11815.0,1.0777934936350777
20260603,803.0,781.0,734.0,754.0,0.7347447073474471,52.73071809589041,973.0,10.0,0.0,3522.0,0.26525529265255293,213.0,9359.0,1.0649867374005304
20260604,1109.0,1086.0,1059.0,1062.0,0.7132551848512173,39.715269063119926,1355.0,9.0,0.0,4786.0,0.2867448151487827,318.0,9219.0,1.0442561205273069
20260605,812.0,785.0,747.0,750.0,0.6773399014778325,50.366301539408866,991.0,6.0,0.0,3500.0,0.3226600985221675,262.0,6490.0,1.0826666666666667
20260606,1038.0,1009.0,977.0,983.0,0.7052023121387283,53.12946128612717,1306.0,15.0,0.0,4494.0,0.2947976878612717,306.0,10868.0,1.0559511698880977
20260607,1020.0,990.0,954.0,965.0,0.7088235294117647,36.440765492156864,1246.0,10.0,0.0,4361.0,0.2911764705882353,297.0,9415.0,1.0569948186528497
20260608,855.0,821.0,773.0,792.0,0.6865497076023391,54.572789762573095,1082.0,14.0,0.0,3981.0,0.3134502923976608,268.0,13346.0,1.0795454545454546
20260609,806.0,767.0,726.0,740.0,0.6538461538461539,75.63903043424318,1045.0,22.0,0.0,3868.0,0.34615384615384615,279.0,13002.0,1.0891891891891892
20260610,947.0,907.0,870.0,886.0,0.7265047518479408,62.82294251319958,1181.0,8.0,0.0,4233.0,0.2734952481520591,259.0,13015.0,1.0688487584650113
20260611,786.0,767.0,735.0,741.0,0.6844783715012722,59.7072936221374,1013.0,9.0,0.0,3732.0,0.3155216284987277,248.0,11467.0,1.0607287449392713
20260612,587.0,557.0,510.0,536.0,0.6320272572402045,59.18449528109029,746.0,8.0,0.0,2874.0,0.3679727427597956,216.0,8407.0,1.0951492537313432
20260613,273.0,264.0,240.0,250.0,0.5824175824175825,71.63915067765568,380.0,13.0,0.0,1470.0,0.4175824175824176,114.0,5120.0,1.092
20260614,431.0,413.0,392.0,406.0,0.5638051044083526,73.70063544779582,571.0,4.0,0.0,2237.0,0.4361948955916473,188.0,29448.0,1.061576354679803
20260615,686.0,621.0,577.0,605.0,0.60932944606414,63.90363985131195,855.0,68.0,0.0,3598.0,0.39067055393586003,268.0,11872.0,1.133884297520661
20260616,655.0,600.0,558.0,584.0,0.6076335877862595,75.33467907786259,760.0,74.0,0.0,3269.0,0.39236641221374047,257.0,10342.0,1.1215753424657535
20260617,846.0,776.0,711.0,758.0,0.5177304964539007,76.81589962647753,1166.0,50.0,0.0,4784.0,0.48226950354609927,408.0,15296.0,1.116094986807388
20260618,955.0,900.0,820.0,872.0,0.5895287958115183,70.43841332041885,1248.0,71.0,0.0,5174.0,0.41047120418848165,392.0,18106.0,1.0951834862385321
20260619,564.0,521.0,455.0,496.0,0.5531914893617021,87.53864931205673,718.0,61.0,0.0,3042.0,0.44680851063829785,252.0,11427.0,1.1370967741935485
20260620,980.0,949.0,907.0,928.0,0.6581632653061225,33.30281189081633,1151.0,150.0,0.0,4722.0,0.34183673469387754,335.0,9477.0,1.0560344827586208
20260621,902.0,870.0,827.0,848.0,0.6175166297117517,53.726597406873616,1052.0,157.0,0.0,4355.0,0.38248337028824836,345.0,9533.0,1.0636792452830188
20260622,531.0,484.0,423.0,461.0,0.6026365348399246,73.22023759322033,638.0,38.0,0.0,2649.0,0.3973634651600753,211.0,6721.0,1.1518438177874186
20260623,532.0,486.0,438.0,466.0,0.6240601503759399,56.79833201691729,616.0,73.0,0.0,2557.0,0.37593984962406013,200.0,5819.0,1.1416309012875536
20260624,434.0,394.0,346.0,374.0,0.5737327188940092,72.39601864285714,516.0,58.0,0.0,2243.0,0.42626728110599077,185.0,7747.0,1.160427807486631
20260625,494.0,449.0,406.0,434.0,0.5748987854251012,93.08717803846153,603.0,63.0,0.0,2568.0,0.4251012145748988,210.0,9613.0,1.1382488479262673
20260626,480.0,447.0,402.0,428.0,0.6208333333333333,55.215738716666664,555.0,43.0,0.0,2331.0,0.37916666666666665,182.0,7794.0,1.1214953271028036
20260627,710.0,684.0,655.0,669.0,0.6788732394366197,44.55752093380282,793.0,101.0,0.0,3200.0,0.3211267605633803,228.0,6317.0,1.0612855007473843
20260628,602.0,578.0,547.0,562.0,0.6528239202657807,36.76761232890366,690.0,74.0,0.0,2856.0,0.34717607973421927,209.0,6354.0,1.0711743772241993
20260629,462.0,430.0,380.0,407.0,0.6212121212121212,75.10162618398269,557.0,75.0,0.0,2309.0,0.3787878787878788,175.0,7016.0,1.135135135135135
20260630,487.0,462.0,424.0,449.0,0.6468172484599589,68.89320728747434,598.0,31.0,0.0,2405.0,0.3531827515400411,172.0,6760.0,1.0846325167037862
20260701,480.0,444.0,401.0,428.0,0.64375,95.94514741041667,568.0,33.0,0.0,2345.0,0.35625,171.0,6442.0,1.1214953271028036
20260702,377.0,351.0,314.0,339.0,0.6074270557029178,86.16238936870026,497.0,31.0,0.0,2051.0,0.3925729442970822,148.0,5983.0,1.112094395280236
20260703,536.0,503.0,479.0,491.0,0.625,72.90666596455223,752.0,28.0,0.0,2831.0,0.375,201.0,10360.0,1.0916496945010183
20260704,603.0,584.0,564.0,572.0,0.7197346600331676,41.68735328358209,696.0,51.0,0.0,2592.0,0.2802653399668325,169.0,6647.0,1.0541958041958042
20260705,430.0,411.0,389.0,397.0,0.641860465116279,51.37934388372093,532.0,30.0,0.0,2012.0,0.3581395348837209,154.0,7220.0,1.0831234256926952
20260706,582.0,547.0,500.0,522.0,0.6237113402061856,55.750831211340206,676.0,80.0,0.0,2826.0,0.37628865979381443,219.0,9271.0,1.1149425287356323
20260707,550.0,522.0,487.0,505.0,0.6254545454545455,51.72419641818182,661.0,72.0,0.0,2787.0,0.37454545454545457,206.0,8426.0,1.0891089108910892
20260708,497.0,467.0,426.0,443.0,0.641851106639839,69.86956131589538,587.0,43.0,0.0,2419.0,0.358148893360161,178.0,6738.0,1.1218961625282167
20260709,445.0,414.0,379.0,397.0,0.6382022471910113,71.86306743146068,518.0,54.0,0.0,2174.0,0.36179775280898874,161.0,8043.0,1.1209068010075567
20260710,594.0,544.0,505.0,531.0,0.6111111111111112,70.07870045791246,731.0,90.0,0.0,3168.0,0.3888888888888889,231.0,10598.0,1.11864406779661
20260711,824.0,803.0,775.0,791.0,0.6468446601941747,42.88062027548544,954.0,116.0,0.0,3912.0,0.35315533980582525,291.0,9316.0,1.0417193426042983
20260712,915.0,898.0,869.0,882.0,0.6622950819672131,27.237340803278688,1013.0,175.0,0.0,4289.0,0.3377049180327869,309.0,9210.0,1.0374149659863945
20260713,603.0,548.0,499.0,532.0,0.6003316749585407,71.444397960199,726.0,80.0,0.0,3113.0,0.3996683250414594,241.0,9325.0,1.1334586466165413
20260714,630.0,575.0,531.0,560.0,0.6015873015873016,83.59112151587301,731.0,57.0,0.0,3089.0,0.3984126984126984,251.0,12478.0,1.125
20260715,579.0,543.0,485.0,529.0,0.614853195164076,78.65240166148531,725.0,51.0,0.0,3006.0,0.385146804835924,223.0,8456.0,1.0945179584120983
20260716,524.0,500.0,447.0,485.0,0.5935114503816794,71.1065779446565,637.0,56.0,0.0,2679.0,0.4064885496183206,213.0,8856.0,1.0804123711340206
20260717,631.0,598.0,559.0,582.0,0.6133122028526149,51.98104603645008,720.0,87.0,0.0,3061.0,0.3866877971473851,244.0,9680.0,1.0841924398625429
20260718,675.0,654.0,631.0,644.0,0.6355555555555555,43.95810648296296,780.0,107.0,0.0,3233.0,0.36444444444444446,246.0,8566.0,1.0481366459627328
20260719,588.0,575.0,555.0,568.0,0.6479591836734694,32.27982880612245,668.0,102.0,0.0,2822.0,0.3520408163265306,207.0,6318.0,1.0352112676056338
20260720,721.0,677.0,633.0,661.0,0.6019417475728155,68.48829869070735,845.0,78.0,0.0,3617.0,0.39805825242718446,287.0,11162.0,1.0907715582450832
20260721,760.0,715.0,659.0,695.0,0.6118421052631579,67.87476902105263,950.0,62.0,0.0,3859.0,0.3881578947368421,295.0,14733.0,1.0935251798561152
20260722,777.0,727.0,674.0,711.0,0.6447876447876448,58.30906633075933,926.0,53.0,0.0,3793.0,0.3552123552123552,276.0,14534.0,1.0928270042194093
20260723,598.0,563.0,511.0,537.0,0.6003344481605352,66.8154857993311,701.0,49.0,0.0,2927.0,0.3996655518394649,239.0,13259.0,1.1135940409683427
20260724,602.0,578.0,541.0,564.0,0.6262458471760798,51.53521967774086,692.0,76.0,0.0,2866.0,0.37375415282392027,225.0,7119.0,1.0673758865248226
20260725,557.0,541.0,513.0,530.0,0.5745062836624776,55.70449117055655,670.0,76.0,0.0,2695.0,0.4254937163375224,237.0,6162.0,1.0509433962264152
20260726,593.0,576.0,557.0,570.0,0.627318718381113,43.314948470489036,684.0,80.0,0.0,2830.0,0.37268128161888703,221.0,7366.0,1.0403508771929824
20260727,609.0,566.0,506.0,548.0,0.5632183908045977,79.30608560426928,771.0,51.0,0.0,3153.0,0.4367816091954023,266.0,9534.0,1.1113138686131387
20260728,534.0,503.0,466.0,495.0,0.5692883895131086,70.99804234831461,656.0,54.0,0.0,2811.0,0.4307116104868914,230.0,9120.0,1.0787878787878789
20260729,581.0,546.0,506.0,532.0,0.5938037865748709,77.50718756282272,679.0,56.0,0.0,2819.0,0.40619621342512907,236.0,9617.0,1.0921052631578947
20260730,629.0,594.0,552.0,579.0,0.6025437201907791,58.72105730206678,742.0,53.0,0.0,3100.0,0.397456279809221,250.0,10185.0,1.0863557858376511
20260731,792.0,758.0,707.0,731.0,0.63510101010101,55.80338388257575,923.0,69.0,0.0,3727.0,0.3648989898989899,289.0,10845.0,1.0834473324213407
20260801,656.0,637.0,605.0,626.0,0.6204268292682927,59.038463524390245,835.0,46.0,0.0,3315.0,0.3795731707317073,249.0,8596.0,1.0479233226837061
20260802,537.0,512.0,491.0,502.0,0.6499068901303539,34.78562158659218,637.0,38.0,0.0,2515.0,0.3500931098696462,188.0,6518.0,1.0697211155378485
20260803,565.0,538.0,482.0,515.0,0.5805309734513274,60.339448221238946,687.0,32.0,0.0,2800.0,0.4194690265486726,237.0,10855.0,1.0970873786407767
20260804,451.0,410.0,365.0,388.0,0.5831485587583148,78.90344816186253,528.0,21.0,0.0,2211.0,0.41685144124168516,188.0,10671.0,1.1623711340206186
20260805,385.0,364.0,333.0,354.0,0.6,66.49065688051948,485.0,19.0,0.0,1994.0,0.4,154.0,5132.0,1.0875706214689265
20260806,525.0,491.0,448.0,476.0,0.5771428571428572,76.70208080571429,631.0,50.0,0.0,2911.0,0.4228571428571429,222.0,8632.0,1.1029411764705883
20260807,425.0,397.0,348.0,382.0,0.6376470588235295,72.93109238117647,513.0,21.0,0.0,2083.0,0.3623529411764706,154.0,6351.0,1.112565445026178
20260808,686.0,676.0,645.0,660.0,0.6588921282798834,32.217798603498544,786.0,67.0,0.0,3090.0,0.34110787172011664,234.0,6782.0,1.0393939393939393
20260809,392.0,382.0,364.0,372.0,0.6403061224489796,60.77854361479592,458.0,29.0,0.0,1857.0,0.3596938775510204,141.0,5441.0,1.053763440860215
20260810,373.0,350.0,312.0,331.0,0.5576407506702413,90.06780852010723,446.0,24.0,0.0,1947.0,0.44235924932975873,165.0,8538.0,1.1268882175226587
20260811,377.0,337.0,301.0,322.0,0.5862068965517241,91.3611104668435,494.0,21.0,0.0,2017.0,0.41379310344827586,156.0,4847.0,1.170807453416149
20260812,410.0,387.0,359.0,372.0,0.5097560975609756,97.45817977317071,532.0,18.0,0.0,2289.0,0.4902439024390244,201.0,9375.0,1.1021505376344085
20260813,409.0,369.0,326.0,355.0,0.5501222493887531,123.31746276528118,502.0,24.0,0.0,2115.0,0.44987775061124696,184.0,11818.0,1.152112676056338
20260814,507.0,467.0,432.0,454.0,0.5976331360946746,69.10777913806706,652.0,24.0,0.0,2642.0,0.40236686390532544,204.0,9644.0,1.1167400881057268
20260815,576.0,541.0,515.0,534.0,0.6319444444444444,49.520441508680555,687.0,31.0,0.0,2756.0,0.3680555555555556,212.0,6986.0,1.0786516853932584
20260816,488.0,472.0,454.0,462.0,0.6086065573770492,59.8803307192623,582.0,28.0,0.0,2459.0,0.39139344262295084,191.0,7262.0,1.0562770562770563
20260817,505.0,456.0,413.0,436.0,0.5821782178217821,100.7807407069307,662.0,50.0,0.0,2751.0,0.4178217821782178,211.0,8217.0,1.158256880733945
20260818,532.0,484.0,427.0,471.0,0.5883458646616542,85.92891732142857,656.0,53.0,0.0,2710.0,0.4116541353383459,219.0,7640.0,1.129511677282378
20260819,484.0,441.0,390.0,418.0,0.621900826446281,125.78657618595042,577.0,51.0,0.0,2446.0,0.378099173553719,183.0,7516.0,1.1578947368421053
20260820,515.0,477.0,422.0,451.0,0.6388349514563106,72.59946784854368,600.0,56.0,0.0,2521.0,0.3611650485436893,186.0,8943.0,1.1419068736141906
20260821,530.0,496.0,452.0,479.0,0.6396226415094339,44.52007792641509,594.0,73.0,0.0,2534.0,0.360377358490566,191.0,5674.0,1.1064718162839249
20260822,687.0,668.0,645.0,658.0,0.6506550218340611,26.722322302765644,732.0,147.0,0.0,3263.0,0.34934497816593885,240.0,6543.0,1.0440729483282676
20260823,508.0,500.0,487.0,491.0,0.639763779527559,18.38914439370079,563.0,132.0,0.0,2467.0,0.36023622047244097,183.0,5896.0,1.034623217922607
20260824,482.0,450.0,401.0,431.0,0.58298755186722,78.46350580705395,567.0,61.0,0.0,2414.0,0.4170124481327801,201.0,6337.0,1.1183294663573087
20260825,1462.0,1384.0,1339.0,1353.0,0.5560875512995896,108.60069242749658,1751.0,398.0,0.0,9949.0,0.4439124487004104,649.0,12720.0,1.0805617147080562
20260826,438.0,398.0,349.0,377.0,0.591324200913242,84.25007819178083,533.0,62.0,0.0,2391.0,0.408675799086758,179.0,6692.0,1.1618037135278514
20260827,431.0,396.0,359.0,380.0,0.5893271461716937,86.12284696519721,551.0,61.0,0.0,2328.0,0.41067285382830626,177.0,6666.0,1.1342105263157896
20260828,465.0,427.0,389.0,410.0,0.5698924731182796,87.81862100645162,572.0,36.0,0.0,2485.0,0.43010752688172044,200.0,9426.0,1.1341463414634145
20260829,398.0,388.0,377.0,382.0,0.5778894472361809,49.119149623115575,465.0,69.0,0.0,2044.0,0.4221105527638191,168.0,6439.0,1.0418848167539267
20260830,327.0,320.0,303.0,312.0,0.6146788990825688,56.541470302752295,391.0,50.0,0.0,1702.0,0.3853211009174312,126.0,6500.0,1.0480769230769231
20260831,429.0,382.0,322.0,362.0,0.6060606060606061,85.8409467832168,529.0,34.0,0.0,2235.0,0.3939393939393939,169.0,6368.0,1.1850828729281768
20260901,450.0,410.0,362.0,395.0,0.5466666666666666,182.72900927555557,614.0,45.0,0.0,2595.0,0.4533333333333333,204.0,7904.0,1.139240506329114
20260902,472.0,429.0,386.0,406.0,0.6377118644067796,62.137406330508476,560.0,33.0,0.0,2253.0,0.3622881355932203,171.0,6465.0,1.1625615763546797
20260903,435.0,397.0,362.0,379.0,0.593103448275862,64.14333906206897,527.0,39.0,0.0,2196.0,0.4068965517241379,177.0,5651.0,1.1477572559366755
20260904,522.0,487.0,445.0,469.0,0.5957854406130269,88.35084940038314,595.0,49.0,0.0,2531.0,0.4042145593869732,211.0,6076.0,1.1130063965884862
20260905,631.0,615.0,597.0,609.0,0.6719492868462758,207.66217864342315,690.0,105.0,0.0,2895.0,0.32805071315372425,207.0,5317.0,1.0361247947454844
20260906,631.0,611.0,590.0,605.0,0.6196513470681458,37.567188225039615,738.0,89.0,0.0,3050.0,0.3803486529318542,240.0,6682.0,1.0429752066115703
20260907,594.0,581.0,564.0,572.0,0.6346801346801347,41.229092565656565,697.0,76.0,0.0,2872.0,0.3653198653198653,217.0,5105.0,1.0384615384615385
20260908,571.0,532.0,487.0,510.0,0.5936952714535902,64.28500198073554,726.0,38.0,0.0,2971.0,0.4063047285464098,232.0,11192.0,1.119607843137255
20260909,795.0,746.0,704.0,725.0,0.6276729559748427,75.06601505534591,1021.0,30.0,0.0,4008.0,0.3723270440251572,296.0,9948.0,1.096551724137931
20260910,839.0,796.0,743.0,776.0,0.6281287246722288,66.4532228533969,1044.0,34.0,0.0,4012.0,0.37187127532777114,312.0,12216.0,1.0811855670103092
20260911,794.0,754.0,683.0,722.0,0.6120906801007556,61.40709156297229,1017.0,55.0,0.0,3921.0,0.3879093198992443,308.0,8229.0,1.0997229916897506
20260912,1251.0,1202.0,1158.0,1186.0,0.6346922462030375,58.33968256035172,1525.0,131.0,0.0,5852.0,0.36530775379696245,457.0,9378.0,1.054806070826307
20260913,1257.0,1211.0,1164.0,1197.0,0.6149562450278441,41.26643616308671,1510.0,186.0,0.0,6114.0,0.3850437549721559,484.0,10937.0,1.050125313283208
20260914,839.0,807.0,746.0,782.0,0.5899880810488677,65.82311430631704,1051.0,72.0,0.0,4188.0,0.4100119189511323,344.0,9802.0,1.0728900255754477
20260915,741.0,704.0,595.0,684.0,0.9608636977058029,63.45744852766532,859.0,33.0,0.0,3342.0,0.03913630229419703,29.0,8070.0,1.0833333333333333
