date,newVsReturning,sessions,totalUsers,activeUsers,conversions,totalRevenue,engagementRate,averageSessionDuration,bounceRate
20251018,new,2100.0,2098.0,2098.0,32.0,0.0,0.3466666666666667,61.39297495428572,0.6533333333333333
20251012,new,2018.0,2020.0,2020.0,30.0,0.0,0.33201189296333,60.65667190882061,0.66798810703667
20251020,new,1966.0,1922.0,1922.0,64.0,0.0,0.349440488301119,60.96088366174975,0.6505595116988809
20251016,new,1880.0,1869.0,1869.0,40.0,0.0,0.41648936170212764,67.20139266861702,0.5835106382978723
20251019,new,1729.0,1726.0,1726.0,18.0,0.0,0.3285135916714864,55.364748574320416,0.6714864083285136
20250927,new,1650.0,1651.0,1651.0,94.0,0.0,0.24363636363636362,32.55822796121212,0.7563636363636363
20250928,new,1600.0,1604.0,1604.0,90.0,0.0,0.249375,27.877329241875003,0.750625
20251004,new,1490.0,1483.0,1483.0,109.0,0.0,0.2221476510067114,24.127717004026845,0.7778523489932886
20251011,new,1490.0,1484.0,1484.0,19.0,0.0,0.31073825503355706,53.7886922214765,0.689261744966443
20251021,new,1345.0,1336.0,1336.0,51.0,0.0,0.35613382899628254,72.52265415613384,0.6438661710037175
20251013,new,1342.0,1335.0,1335.0,6.0,0.0,0.3502235469448584,67.64400276453055,0.6497764530551415
20260825,new,1329.0,1326.0,1326.0,380.0,0.0,0.4529721595184349,108.32076958916478,0.547027840481565
20251005,new,1310.0,1302.0,1302.0,124.0,0.0,0.22900763358778625,18.949853780916033,0.7709923664122137
20251015,new,1261.0,1248.0,1248.0,15.0,0.0,0.344964314036479,71.87814112846947,0.655035685963521
20250913,new,1225.0,1221.0,1221.0,29.0,0.0,0.19510204081632654,16.788398057142857,0.8048979591836735
20251108,new,1217.0,1218.0,1218.0,109.0,0.0,0.21281840591618734,19.242507106820046,0.7871815940838126
20251010,new,1213.0,1207.0,1207.0,18.0,0.0,0.34130255564715584,77.34535299340477,0.6586974443528442
20250926,new,1163.0,1150.0,1150.0,47.0,0.0,0.29664660361135,44.36152378589854,0.70335339638865
20250914,new,1150.0,1147.0,1147.0,36.0,0.0,0.2026086956521739,20.295220692173913,0.7973913043478261
20250929,new,1113.0,1107.0,1107.0,51.0,0.0,0.3036837376460018,49.81421990925426,0.6963162623539982
20250921,new,1085.0,1073.0,1073.0,93.0,0.0,0.25806451612903225,17.133574394470045,0.7419354838709677
20260421,new,1075.0,1073.0,1073.0,117.0,0.0,0.2483720930232558,24.918263967441863,0.7516279069767442
20251003,new,1072.0,1065.0,1065.0,46.0,0.0,0.2677238805970149,34.04179059421642,0.7322761194029851
20251101,new,1061.0,1064.0,1064.0,18.0,0.0,0.3402450518378888,62.28681048727616,0.6597549481621112
20251014,new,1058.0,1052.0,1052.0,32.0,0.0,0.31758034026465026,65.08138279395085,0.6824196597353497
20250920,new,1054.0,1055.0,1055.0,75.0,0.0,0.22485768500948766,17.63635413757116,0.7751423149905123
20260604,new,1042.0,1043.0,1043.0,7.0,0.0,0.28790786948176583,40.15141163723608,0.7120921305182342
20251009,new,1033.0,1029.0,1029.0,10.0,0.0,0.33688286544046464,62.25060183349468,0.6631171345595354
20250930,new,1031.0,1027.0,1027.0,37.0,0.0,0.26576139670223087,39.97081679631426,0.7342386032977691
20250925,new,1030.0,1020.0,1020.0,48.0,0.0,0.312621359223301,47.87526426019418,0.6873786407766991
20251109,new,1012.0,1013.0,1013.0,100.0,0.0,0.25889328063241107,28.57376781818182,0.741106719367589
20251002,new,983.0,979.0,979.0,59.0,0.0,0.29094608341810785,39.5416161353001,0.7090539165818922
20251022,new,971.0,963.0,963.0,51.0,0.0,0.35427394438722964,73.89561893511843,0.6457260556127703
20260307,new,960.0,958.0,958.0,113.0,0.0,0.23541666666666666,19.3460366875,0.7645833333333333
20251001,new,956.0,955.0,955.0,43.0,0.0,0.2698744769874477,45.202555631799164,0.7301255230125523
20260606,new,951.0,953.0,953.0,12.0,0.0,0.288117770767613,53.14351988853838,0.711882229232387
20260607,new,936.0,937.0,937.0,8.0,0.0,0.2916666666666667,31.720463058760686,0.7083333333333334
20251025,new,933.0,933.0,933.0,7.0,0.0,0.3408360128617363,61.632323559485535,0.6591639871382636
20251031,new,918.0,918.0,918.0,6.0,0.0,0.3431372549019608,64.10581359912854,0.6568627450980392
20260620,new,908.0,907.0,907.0,149.0,0.0,0.3491189427312775,32.34012087555066,0.6508810572687225
20260523,new,901.0,899.0,899.0,6.0,0.0,0.2253052164261931,31.83977477136515,0.7746947835738068
20251102,new,893.0,893.0,893.0,3.0,0.0,0.3370660694288914,68.61753938857782,0.6629339305711086
20251007,new,892.0,890.0,890.0,10.0,0.0,0.35650224215246634,62.05932740358745,0.6434977578475336
20251028,new,881.0,873.0,873.0,8.0,0.0,0.38251986379114644,78.96309210215664,0.6174801362088536
20260207,new,880.0,880.0,880.0,60.0,0.0,0.3488636363636364,39.73457318863636,0.6511363636363636
20260406,new,876.0,874.0,874.0,8.0,0.0,0.21689497716894976,33.117707793379,0.7831050228310502
20260712,new,870.0,869.0,869.0,175.0,0.0,0.3413793103448276,23.839001095402303,0.6586206896551724
20250911,new,868.0,864.0,864.0,20.0,0.0,0.30069124423963134,45.86062373156682,0.6993087557603687
20260208,new,860.0,858.0,858.0,65.0,0.0,0.35930232558139535,40.93288548139535,0.6406976744186047
20260610,new,858.0,859.0,859.0,7.0,0.0,0.26573426573426573,55.57118679487179,0.7342657342657343
20250924,new,857.0,854.0,854.0,52.0,0.0,0.33605600933488916,56.93043531855309,0.6639439906651109
20251006,new,855.0,851.0,851.0,13.0,0.0,0.30058479532163745,48.35158701520468,0.6994152046783626
20250923,new,854.0,849.0,849.0,38.0,0.0,0.32084309133489464,50.34316291803279,0.6791569086651054
20251027,new,853.0,853.0,853.0,15.0,0.0,0.40328253223915594,78.65292108323564,0.5967174677608441
20250910,new,851.0,847.0,847.0,17.0,0.0,0.3290246768507638,90.4700093960047,0.6709753231492362
20260405,new,844.0,844.0,844.0,11.0,0.0,0.19786729857819904,25.718050343601895,0.8021327014218009
20251026,new,838.0,829.0,829.0,9.0,0.0,0.36515513126491644,54.74242861933175,0.6348448687350835
20260308,new,838.0,840.0,840.0,100.0,0.0,0.2529832935560859,15.94491572673031,0.747016706443914
20260404,new,834.0,833.0,833.0,1.0,0.0,0.19304556354916066,23.092111932853715,0.8069544364508393
20250912,new,829.0,826.0,826.0,24.0,0.0,0.28347406513872137,41.78797755850422,0.7165259348612787
20260314,new,824.0,826.0,826.0,92.0,0.0,0.279126213592233,22.840188496359225,0.720873786407767
20251017,new,823.0,821.0,821.0,17.0,0.0,0.4046172539489672,72.65189144106925,0.5953827460510328
20260618,new,823.0,822.0,822.0,69.0,0.0,0.4106925880923451,61.541455228432554,0.5893074119076549
20260621,new,823.0,822.0,822.0,157.0,0.0,0.3754556500607533,47.18786745808019,0.6245443499392467
20260501,new,820.0,821.0,821.0,2.0,0.0,0.4146341463414634,49.74408183536585,0.5853658536585366
20251103,new,808.0,807.0,807.0,10.0,0.0,0.37995049504950495,79.90881895049505,0.620049504950495
20251008,new,807.0,807.0,807.0,25.0,0.0,0.2949194547707559,53.46721510780669,0.7050805452292441
20260403,new,807.0,810.0,810.0,4.0,0.0,0.2094175960346964,22.160695737298635,0.7905824039653035
20260422,new,797.0,795.0,795.0,56.0,0.0,0.2685069008782936,34.42022810163112,0.7314930991217063
20260516,new,795.0,794.0,794.0,3.0,0.0,0.24276729559748428,21.182271979874216,0.7572327044025158
20260412,new,777.0,778.0,778.0,8.0,0.0,0.25096525096525096,33.76978217889318,0.749034749034749
20260711,new,776.0,773.0,773.0,114.0,0.0,0.34664948453608246,34.67945921520619,0.6533505154639175
20260525,new,773.0,774.0,774.0,12.0,0.0,0.30659767141009053,40.306312963777486,0.6934023285899095
20251030,new,767.0,767.0,767.0,7.0,0.0,0.39113428943937417,69.69174409126468,0.6088657105606258
20260407,new,763.0,761.0,761.0,5.0,0.0,0.19790301441677588,28.54633649934469,0.8020969855832241
20251107,new,759.0,761.0,761.0,58.0,0.0,0.2490118577075099,39.13812867193676,0.7509881422924901
20260608,new,759.0,760.0,760.0,14.0,0.0,0.308300395256917,51.64274916996048,0.691699604743083
20251023,new,753.0,748.0,748.0,31.0,0.0,0.4116865869853918,79.44487773306773,0.5883134130146083
20251024,new,751.0,749.0,749.0,16.0,0.0,0.3914780292942743,64.3488589494008,0.6085219707057257
20260411,new,738.0,738.0,738.0,4.0,0.0,0.1937669376693767,23.56118926422764,0.8062330623306233
20260524,new,733.0,732.0,732.0,5.0,0.0,0.2551159618008186,47.247220283765344,0.7448840381991815
20260605,new,732.0,732.0,732.0,5.0,0.0,0.33060109289617484,47.3943156010929,0.6693989071038251
20260423,new,730.0,727.0,727.0,49.0,0.0,0.31232876712328766,44.782694380821916,0.6876712328767123
20260517,new,729.0,730.0,730.0,4.0,0.0,0.2606310013717421,26.52858342524005,0.7393689986282579
20260409,new,728.0,727.0,727.0,8.0,0.0,0.25137362637362637,48.62402618543957,0.7486263736263736
20251029,new,725.0,720.0,720.0,7.0,0.0,0.43448275862068964,80.08354505103449,0.5655172413793104
20260603,new,724.0,724.0,724.0,10.0,0.0,0.2541436464088398,39.314161867403314,0.7458563535911602
20260611,new,722.0,720.0,720.0,9.0,0.0,0.30886426592797783,54.08544419390582,0.6911357340720221
20260115,new,721.0,719.0,719.0,53.0,0.0,0.3633841886269071,44.79080741747573,0.636615811373093
20260526,new,719.0,718.0,718.0,3.0,0.0,0.2851182197496523,58.006886993045896,0.7148817802503477
20250917,new,716.0,712.0,712.0,35.0,0.0,0.3226256983240223,56.167585608938545,0.6773743016759777
20260609,new,711.0,709.0,709.0,16.0,0.0,0.3389592123769339,65.74870700984529,0.6610407876230661
20260617,new,711.0,711.0,711.0,49.0,0.0,0.47538677918424754,66.42977250632912,0.5246132208157525
20251104,new,710.0,709.0,709.0,8.0,0.0,0.3028169014084507,58.77992714788733,0.6971830985915493
20260502,new,709.0,708.0,708.0,8.0,0.0,0.4315937940761636,55.16090086177715,0.5684062059238364
20260731,new,708.0,705.0,705.0,68.0,0.0,0.3785310734463277,49.401352111581915,0.6214689265536724
20260909,new,699.0,695.0,695.0,30.0,0.0,0.3834048640915594,54.073640768240345,0.6165951359084406
20260419,new,686.0,685.0,685.0,6.0,0.0,0.27405247813411077,36.05044385568513,0.7259475218658892
20260408,new,683.0,683.0,683.0,5.0,0.0,0.21376281112737922,38.607199717423136,0.7862371888726208
20260529,new,683.0,679.0,679.0,6.0,0.0,0.24011713030746706,41.945293421669106,0.7598828696925329
20260602,new,683.0,682.0,682.0,9.0,0.0,0.2913616398243045,56.49398050073207,0.7086383601756955
20260206,new,682.0,682.0,682.0,48.0,0.0,0.3489736070381232,44.290305696480935,0.6510263929618768
20251106,new,677.0,674.0,674.0,50.0,0.0,0.2466765140324963,35.30156346824224,0.7533234859675036
20260426,new,676.0,675.0,675.0,10.0,0.0,0.29142011834319526,38.30093932248521,0.7085798816568047
20260722,new,676.0,674.0,674.0,52.0,0.0,0.3624260355029586,51.29411338609468,0.6375739644970414
20250919,new,665.0,659.0,659.0,25.0,0.0,0.2962406015037594,56.04173430526316,0.7037593984962406
20260315,new,662.0,661.0,661.0,90.0,0.0,0.30362537764350456,28.93715790030211,0.6963746223564955
20260401,new,662.0,660.0,660.0,6.0,0.0,0.2190332326283988,41.72149544864048,0.7809667673716012
20250922,new,661.0,657.0,657.0,36.0,0.0,0.3071104387291982,44.42502742662632,0.6928895612708018
20251110,new,659.0,658.0,658.0,42.0,0.0,0.34294385432473445,38.93013823672231,0.6570561456752656
20260413,new,659.0,657.0,657.0,3.0,0.0,0.2534142640364188,52.49062346889227,0.7465857359635811
20260528,new,659.0,655.0,655.0,18.0,0.0,0.2549317147192716,34.794011342943854,0.7450682852807283
20250916,new,658.0,655.0,655.0,51.0,0.0,0.3541033434650456,42.49556791945289,0.6458966565349544
20260721,new,657.0,657.0,657.0,62.0,0.0,0.3866057838660578,48.38011338964993,0.6133942161339422
20260527,new,655.0,653.0,653.0,4.0,0.0,0.2564885496183206,34.72190825038168,0.7435114503816794
20260429,new,654.0,654.0,654.0,9.0,0.0,0.3547400611620795,48.133564527522935,0.6452599388379205
20260601,new,654.0,655.0,655.0,10.0,0.0,0.30428134556574926,54.618619577981654,0.6957186544342507
20260418,new,653.0,652.0,652.0,2.0,0.0,0.23736600306278713,27.09912390199081,0.7626339969372129
20250915,new,652.0,651.0,651.0,18.0,0.0,0.2960122699386503,38.557759785276076,0.7039877300613497
20260513,new,651.0,652.0,652.0,9.0,0.0,0.29185867895545314,53.74130014746544,0.7081413210445469
20260531,new,651.0,650.0,650.0,4.0,0.0,0.25499231950844853,31.848233462365588,0.7450076804915514
20260627,new,651.0,653.0,653.0,101.0,0.0,0.3271889400921659,24.058724072196622,0.6728110599078341
20260808,new,644.0,644.0,644.0,56.0,0.0,0.33695652173913043,26.302600175465837,0.6630434782608695
20260822,new,642.0,641.0,641.0,145.0,0.0,0.3582554517133956,27.676950341121493,0.6417445482866043
20260306,new,641.0,639.0,639.0,72.0,0.0,0.3073322932917317,41.286006552262094,0.6926677067082684
20260313,new,641.0,641.0,641.0,72.0,0.0,0.296411856474259,28.061202254290173,0.7035881435257411
20260530,new,640.0,641.0,641.0,2.0,0.0,0.21875,26.690667807812503,0.78125
20260309,new,636.0,637.0,637.0,58.0,0.0,0.33962264150943394,37.77491197798742,0.660377358490566
20260116,new,632.0,631.0,631.0,27.0,0.0,0.40031645569620256,69.78986758702531,0.5996835443037974
20260205,new,632.0,632.0,632.0,44.0,0.0,0.3971518987341772,67.45096720569622,0.6028481012658228
20260718,new,629.0,628.0,628.0,107.0,0.0,0.3688394276629571,41.79207522257552,0.6311605723370429
20260321,new,625.0,625.0,625.0,120.0,0.0,0.3328,32.439272443200004,0.6672
20260720,new,625.0,627.0,627.0,69.0,0.0,0.3984,59.5034595248,0.6016
20260522,new,621.0,623.0,623.0,0.0,0.0,0.24798711755233493,38.69050797745572,0.7520128824476651
20260402,new,620.0,621.0,621.0,11.0,0.0,0.2161290322580645,24.36409647903226,0.7838709677419354
20260420,new,614.0,616.0,616.0,6.0,0.0,0.23127035830618892,32.00935345276873,0.7687296416938111
20260518,new,611.0,612.0,612.0,5.0,0.0,0.29623567921440264,46.16779385761047,0.7037643207855974
20260801,new,611.0,611.0,611.0,44.0,0.0,0.3895253682487725,59.00727164648118,0.6104746317512275
20260216,new,610.0,610.0,610.0,62.0,0.0,0.4426229508196721,80.54195167213115,0.5573770491803278
20260430,new,600.0,600.0,600.0,9.0,0.0,0.40166666666666667,57.91022180666667,0.5983333333333334
20260112,new,599.0,593.0,593.0,17.0,0.0,0.48080133555926546,102.18071030383973,0.5191986644407346
20260119,new,597.0,597.0,597.0,32.0,0.0,0.32160804020100503,53.917765405360136,0.678391959798995
20260114,new,596.0,594.0,594.0,32.0,0.0,0.4211409395973154,85.72081520134228,0.5788590604026845
20260310,new,596.0,597.0,597.0,64.0,0.0,0.33221476510067116,39.426908226510065,0.6677852348993288
20260514,new,595.0,594.0,594.0,6.0,0.0,0.2957983193277311,43.88945671092437,0.704201680672269
20260905,new,595.0,595.0,595.0,105.0,0.0,0.3277310924369748,26.80002988067227,0.6722689075630253
20260512,new,592.0,593.0,593.0,8.0,0.0,0.36486486486486486,60.533031809121624,0.6351351351351351
20260312,new,589.0,587.0,587.0,63.0,0.0,0.34974533106960953,44.01594747877759,0.6502546689303905
20260414,new,589.0,588.0,588.0,7.0,0.0,0.2733446519524618,45.16852199830221,0.7266553480475382
20260906,new,589.0,589.0,589.0,89.0,0.0,0.3853989813242784,36.898143926994905,0.6146010186757216
20260515,new,587.0,589.0,589.0,6.0,0.0,0.3049403747870528,54.225209730834756,0.6950596252129472
20260410,new,586.0,585.0,585.0,3.0,0.0,0.2525597269624573,37.39062559044368,0.7474402730375427
20260203,new,584.0,584.0,584.0,40.0,0.0,0.3767123287671233,66.34023353082192,0.6232876712328768
20260425,new,583.0,583.0,583.0,6.0,0.0,0.21783876500857632,35.29237965351629,0.7821612349914236
20260120,new,580.0,581.0,581.0,38.0,0.0,0.3603448275862069,53.21334036896552,0.6396551724137931
20260415,new,577.0,577.0,577.0,7.0,0.0,0.29462738301559793,56.08816301386482,0.7053726169844021
20260204,new,576.0,576.0,576.0,44.0,0.0,0.3784722222222222,53.28932006597222,0.6215277777777778
20260615,new,576.0,575.0,575.0,67.0,0.0,0.3993055555555556,48.78259118229167,0.6006944444444444
20260416,new,575.0,576.0,576.0,9.0,0.0,0.288695652173913,49.46664304,0.711304347826087
20260311,new,573.0,573.0,573.0,55.0,0.0,0.343804537521815,68.5363627539267,0.6561954624781849
20260427,new,573.0,571.0,571.0,8.0,0.0,0.3647469458987784,75.5804522338569,0.6352530541012217
20250918,new,571.0,570.0,570.0,21.0,0.0,0.24168126094570927,38.50260344133099,0.7583187390542907
20260228,new,571.0,573.0,573.0,88.0,0.0,0.3134851138353765,22.000048234676008,0.6865148861646234
20260117,new,570.0,571.0,571.0,48.0,0.0,0.3105263157894737,59.14934029824561,0.6894736842105263
20260417,new,569.0,572.0,572.0,1.0,0.0,0.2478031634446397,31.445686319859405,0.7521968365553603
20251229,new,564.0,564.0,564.0,23.0,0.0,0.3829787234042553,61.72936439539008,0.6170212765957447
20260324,new,564.0,564.0,564.0,53.0,0.0,0.36879432624113473,57.450438879432625,0.6312056737588653
20260509,new,564.0,563.0,563.0,19.0,0.0,0.40070921985815605,50.15491760460993,0.599290780141844
20260704,new,561.0,560.0,560.0,50.0,0.0,0.28520499108734404,40.89741635115865,0.714795008912656
20260111,new,559.0,558.0,558.0,7.0,0.0,0.45080500894454384,67.2084903059034,0.5491949910554562
20260907,new,558.0,558.0,558.0,72.0,0.0,0.3673835125448029,35.020806060931896,0.6326164874551972
20260616,new,557.0,556.0,556.0,72.0,0.0,0.39138240574506283,48.873641364452425,0.6086175942549371
20260717,new,556.0,555.0,555.0,83.0,0.0,0.3830935251798561,38.949906352517985,0.6169064748201439
20260719,new,555.0,555.0,555.0,102.0,0.0,0.35495495495495494,30.776026163963966,0.645045045045045
20260726,new,554.0,555.0,555.0,80.0,0.0,0.37184115523465705,40.65544425812274,0.628158844765343
20260221,new,553.0,552.0,552.0,73.0,0.0,0.32368896925858953,30.42411868716094,0.6763110307414105
20260730,new,550.0,550.0,550.0,53.0,0.0,0.4018181818181818,47.38633087090909,0.5981818181818181
20260521,new,548.0,548.0,548.0,4.0,0.0,0.28832116788321166,51.87879752919708,0.7116788321167883
20260628,new,544.0,545.0,545.0,74.0,0.0,0.3474264705882353,39.55172919852941,0.6525735294117647
20260724,new,538.0,540.0,540.0,76.0,0.0,0.37732342007434944,41.44259956319702,0.6226765799256505
20260118,new,536.0,536.0,536.0,25.0,0.0,0.3302238805970149,35.762309720149254,0.6697761194029851
20260131,new,535.0,538.0,538.0,42.0,0.0,0.34579439252336447,45.76929979439252,0.6542056074766355
20260209,new,535.0,534.0,534.0,27.0,0.0,0.32710280373831774,42.84592516261682,0.6728971962616822
20260210,new,533.0,532.0,532.0,64.0,0.0,0.4352720450281426,75.26048851969982,0.5647279549718575
20260214,new,529.0,528.0,528.0,77.0,0.0,0.3705103969754253,58.0942147731569,0.6294896030245747
20260714,new,528.0,529.0,529.0,56.0,0.0,0.3996212121212121,80.04174792045455,0.6003787878787878
20260121,new,527.0,527.0,527.0,61.0,0.0,0.38330170777988615,66.91909928842504,0.6166982922201139
20260128,new,527.0,527.0,527.0,46.0,0.0,0.40417457305502846,76.28260068880456,0.5958254269449715
20260127,new,522.0,522.0,522.0,36.0,0.0,0.35823754789272033,69.65193756704981,0.6417624521072797
20260217,new,522.0,523.0,523.0,67.0,0.0,0.421455938697318,68.82158840804597,0.578544061302682
20251230,new,521.0,521.0,521.0,28.0,0.0,0.3896353166986564,79.93410341842609,0.6103646833013435
20260520,new,519.0,518.0,518.0,3.0,0.0,0.28709055876685935,45.329947377649326,0.7129094412331407
20260519,new,518.0,518.0,518.0,9.0,0.0,0.333976833976834,55.97758704247104,0.666023166023166
20260815,new,514.0,513.0,513.0,31.0,0.0,0.3735408560311284,43.12943798832684,0.6264591439688716
20260319,new,513.0,512.0,512.0,63.0,0.0,0.3664717348927875,30.71621038791423,0.6335282651072125
20260424,new,512.0,510.0,510.0,4.0,0.0,0.32421875,60.3620274375,0.67578125
20260725,new,511.0,510.0,510.0,75.0,0.0,0.42661448140900193,49.91873138356164,0.5733855185909981
20260322,new,510.0,509.0,509.0,83.0,0.0,0.30392156862745096,44.83941616862745,0.696078431372549
20260301,new,509.0,508.0,508.0,69.0,0.0,0.3163064833005894,26.83389347151277,0.6836935166994106
20260727,new,508.0,508.0,508.0,51.0,0.0,0.4409448818897638,71.87965148228348,0.5590551181102362
20260106,new,507.0,505.0,505.0,8.0,0.0,0.4260355029585799,66.83326083037477,0.5739644970414202
20260710,new,507.0,506.0,506.0,85.0,0.0,0.40236686390532544,62.57306754635109,0.5976331360946746
20260723,new,506.0,507.0,507.0,49.0,0.0,0.41106719367588934,59.33477246245059,0.5889328063241107
20260320,new,505.0,504.0,504.0,65.0,0.0,0.3405940594059406,53.200311055445546,0.6594059405940594
20260729,new,504.0,503.0,503.0,52.0,0.0,0.41865079365079366,74.13051561904763,0.5813492063492064
20260612,new,501.0,501.0,501.0,5.0,0.0,0.36926147704590817,55.25711708982036,0.6307385229540918
20260110,new,499.0,499.0,499.0,12.0,0.0,0.35070140280561124,48.45804119238476,0.6492985971943888
20260713,new,498.0,498.0,498.0,75.0,0.0,0.41967871485943775,60.12622177108434,0.5803212851405622
20260706,new,496.0,494.0,494.0,63.0,0.0,0.3850806451612903,52.12594244556452,0.6149193548387096
20260331,new,495.0,492.0,492.0,19.0,0.0,0.30303030303030304,54.492802587878785,0.696969696969697
20260304,new,493.0,494.0,494.0,46.0,0.0,0.3002028397565923,48.01908951724138,0.6997971602434077
20260802,new,490.0,490.0,490.0,38.0,0.0,0.35918367346938773,37.017108748979595,0.6408163265306123
20251226,new,489.0,489.0,489.0,14.0,0.0,0.37627811860940696,47.68266151942741,0.623721881390593
20260113,new,488.0,486.0,486.0,10.0,0.0,0.49385245901639346,96.51754252868852,0.5061475409836066
20260511,new,488.0,488.0,488.0,14.0,0.0,0.5020491803278688,85.6252266762295,0.4979508196721312
20260715,new,486.0,485.0,485.0,49.0,0.0,0.3765432098765432,65.45215530452674,0.6234567901234568
20260803,new,486.0,486.0,486.0,32.0,0.0,0.43415637860082307,52.47875058024692,0.565843621399177
20260707,new,485.0,484.0,484.0,72.0,0.0,0.38556701030927837,45.0676617443299,0.6144329896907217
20260325,new,483.0,482.0,482.0,34.0,0.0,0.36645962732919257,68.81529130848861,0.6335403726708074
20260823,new,483.0,484.0,484.0,132.0,0.0,0.36853002070393376,17.775386623188403,0.6314699792960663
20260122,new,481.0,483.0,483.0,35.0,0.0,0.37422037422037424,46.951985929313935,0.6257796257796258
20260303,new,481.0,480.0,480.0,67.0,0.0,0.3492723492723493,32.939486191268195,0.6507276507276507
20260908,new,481.0,479.0,479.0,37.0,0.0,0.4178794178794179,54.58384671517672,0.5821205821205822
20260211,new,478.0,477.0,477.0,61.0,0.0,0.40794979079497906,59.37626731171548,0.5920502092050209
20251227,new,472.0,471.0,471.0,27.0,0.0,0.3156779661016949,41.51742657627119,0.684322033898305
20260123,new,472.0,473.0,473.0,48.0,0.0,0.3283898305084746,41.18611903601695,0.6716101694915254
20260213,new,470.0,470.0,470.0,39.0,0.0,0.43829787234042555,75.79701459148936,0.5617021276595745
20260124,new,468.0,467.0,467.0,47.0,0.0,0.28205128205128205,34.08509213461538,0.717948717948718
20260129,new,467.0,467.0,467.0,33.0,0.0,0.37901498929336186,55.93366623126339,0.6209850107066381
20260703,new,467.0,468.0,468.0,27.0,0.0,0.37259100642398285,45.72605747537473,0.6274089935760171
20260728,new,467.0,466.0,466.0,52.0,0.0,0.4282655246252677,62.23015697216274,0.5717344753747323
20260212,new,464.0,465.0,465.0,56.0,0.0,0.4051724137931034,60.53388415948275,0.5948275862068966
20260126,new,462.0,462.0,462.0,35.0,0.0,0.37445887445887444,45.56206948268399,0.6255411255411255
20260223,new,460.0,460.0,460.0,68.0,0.0,0.3782608695652174,48.059561710869566,0.6217391304347826
20260202,new,459.0,458.0,458.0,33.0,0.0,0.3464052287581699,43.782382381263616,0.6535947712418301
20260508,new,458.0,459.0,459.0,3.0,0.0,0.4497816593886463,70.41419141484717,0.5502183406113537
20260619,new,457.0,455.0,455.0,59.0,0.0,0.4420131291028446,76.51182196061269,0.5579868708971554
20260226,new,455.0,454.0,454.0,77.0,0.0,0.4021978021978022,60.00873665274725,0.5978021978021978
20260428,new,455.0,456.0,456.0,4.0,0.0,0.35824175824175825,51.75639845714286,0.6417582417582418
20260816,new,454.0,453.0,453.0,27.0,0.0,0.3964757709251101,58.18243673788547,0.6035242290748899
20260125,new,452.0,452.0,452.0,26.0,0.0,0.2942477876106195,29.978240050884956,0.7057522123893806
20260323,new,452.0,451.0,451.0,55.0,0.0,0.3915929203539823,53.480190471238934,0.6084070796460177
20260215,new,451.0,452.0,452.0,60.0,0.0,0.376940133037694,46.38400865410199,0.623059866962306
20260305,new,451.0,451.0,451.0,72.0,0.0,0.4057649667405765,66.1825213481153,0.5942350332594235
20260108,new,450.0,449.0,449.0,10.0,0.0,0.4177777777777778,106.41433578222222,0.5822222222222222
20260130,new,450.0,451.0,451.0,49.0,0.0,0.34,43.19621967333333,0.66
20260220,new,450.0,449.0,449.0,45.0,0.0,0.3244444444444444,51.460774255555556,0.6755555555555556
20260716,new,450.0,449.0,449.0,55.0,0.0,0.4022222222222222,52.30338675777777,0.5977777777777777
20260806,new,450.0,449.0,449.0,50.0,0.0,0.43777777777777777,75.18025732222222,0.5622222222222222
20260821,new,450.0,451.0,451.0,72.0,0.0,0.3488888888888889,31.392185146666666,0.6511111111111111
20260105,new,449.0,451.0,451.0,9.0,0.0,0.40089086859688194,71.49465624944321,0.5991091314031181
20260225,new,448.0,448.0,448.0,57.0,0.0,0.3861607142857143,47.46858927678572,0.6138392857142857
20251228,new,447.0,446.0,446.0,16.0,0.0,0.3691275167785235,38.564516697986576,0.6308724832214765
20260904,new,446.0,446.0,446.0,48.0,0.0,0.4170403587443946,85.80971182062781,0.5829596412556054
20260328,new,441.0,440.0,440.0,7.0,0.0,0.3356009070294785,62.13603290022676,0.6643990929705216
20260503,new,441.0,440.0,440.0,4.0,0.0,0.46485260770975056,77.17832661904764,0.5351473922902494
20260623,new,439.0,438.0,438.0,71.0,0.0,0.37813211845102507,53.75816340546697,0.621867881548975
20260107,new,437.0,436.0,436.0,9.0,0.0,0.4302059496567506,70.3443293867277,0.5697940503432495
20260227,new,436.0,435.0,435.0,63.0,0.0,0.38990825688073394,72.40820605045872,0.6100917431192661
20260814,new,429.0,429.0,429.0,24.0,0.0,0.4149184149184149,58.97333047086247,0.585081585081585
20260818,new,426.0,426.0,426.0,53.0,0.0,0.38497652582159625,53.83282539671361,0.6150234741784038
20260222,new,425.0,428.0,428.0,40.0,0.0,0.34352941176470586,32.726285239999996,0.6564705882352941
20260630,new,423.0,421.0,421.0,31.0,0.0,0.34988179669030733,45.65385610874704,0.6501182033096927
20260820,new,423.0,424.0,424.0,54.0,0.0,0.375886524822695,61.18584396217494,0.624113475177305
20251127,new,422.0,422.0,422.0,12.0,0.0,0.6824644549763034,125.26766460426539,0.3175355450236967
20260622,new,422.0,421.0,421.0,38.0,0.0,0.4075829383886256,61.48667955687203,0.5924170616113744
20260708,new,422.0,422.0,422.0,42.0,0.0,0.3791469194312796,59.71611172511848,0.6208530805687204
20260318,new,421.0,421.0,421.0,52.0,0.0,0.3515439429928741,47.55305499287411,0.6484560570071259
20260316,new,420.0,419.0,419.0,59.0,0.0,0.38571428571428573,53.507750452380954,0.6142857142857143
20260219,new,417.0,416.0,416.0,54.0,0.0,0.3980815347721823,67.79922993285372,0.6019184652278178
20260104,new,416.0,415.0,415.0,4.0,0.0,0.39663461538461536,53.18224044711538,0.6033653846153846
20260103,new,414.0,414.0,414.0,5.0,0.0,0.4227053140096618,57.584989799516904,0.5772946859903382
20260817,new,412.0,411.0,411.0,48.0,0.0,0.44902912621359226,95.49566100000001,0.5509708737864077
20251130,new,409.0,407.0,407.0,11.0,0.0,0.5990220048899756,90.92815780440098,0.40097799511002447
20260102,new,409.0,408.0,408.0,11.0,0.0,0.4254278728606357,68.17545703667481,0.5745721271393643
20260329,new,409.0,408.0,408.0,5.0,0.0,0.30073349633251834,38.73962279706601,0.6992665036674817
20260625,new,409.0,408.0,408.0,60.0,0.0,0.43031784841075793,83.53196185330073,0.5696821515892421
20260317,new,407.0,406.0,406.0,48.0,0.0,0.4004914004914005,68.00158766584767,0.5995085995085995
20260224,new,403.0,403.0,403.0,47.0,0.0,0.3945409429280397,60.24736229776675,0.6054590570719603
20251222,new,401.0,400.0,400.0,12.0,0.0,0.5311720698254364,78.12575635411471,0.4688279301745636
20260626,new,401.0,402.0,402.0,43.0,0.0,0.3915211970074813,51.36415363341646,0.6084788029925187
20260701,new,399.0,398.0,398.0,30.0,0.0,0.3558897243107769,85.03741261403509,0.6441102756892231
20260824,new,399.0,399.0,399.0,61.0,0.0,0.41854636591478694,57.65125593984962,0.581453634085213
20251215,new,397.0,398.0,398.0,21.0,0.0,0.5541561712846348,89.30544571536524,0.44584382871536526
20260302,new,391.0,390.0,390.0,42.0,0.0,0.34782608695652173,42.26284289769821,0.6521739130434783
20260828,new,391.0,390.0,390.0,35.0,0.0,0.4475703324808184,83.93281264961637,0.5524296675191815
20251201,new,390.0,388.0,388.0,10.0,0.0,0.5717948717948718,95.88149356666666,0.4282051282051282
20260218,new,390.0,391.0,391.0,48.0,0.0,0.3871794871794872,89.29043969743589,0.6128205128205129
20260614,new,390.0,390.0,390.0,4.0,0.0,0.44871794871794873,78.24167304615385,0.5512820512820513
20251223,new,389.0,388.0,388.0,6.0,0.0,0.4755784061696658,97.27660025964009,0.5244215938303342
20260819,new,389.0,389.0,389.0,50.0,0.0,0.40102827763496146,129.81698143444729,0.5989717223650386
20260506,new,388.0,387.0,387.0,6.0,0.0,0.47164948453608246,74.67683320103093,0.5283505154639175
20260109,new,387.0,387.0,387.0,9.0,0.0,0.4496124031007752,76.74967254005168,0.5503875968992248
20260507,new,386.0,385.0,385.0,4.0,0.0,0.4430051813471503,63.74290393782383,0.5569948186528497
20260101,new,384.0,383.0,383.0,4.0,0.0,0.3723958333333333,48.45563033072916,0.6276041666666666
20260705,new,384.0,385.0,385.0,30.0,0.0,0.3619791666666667,46.187320427083336,0.6380208333333334
20260629,new,380.0,379.0,379.0,75.0,0.0,0.39473684210526316,43.10025775263158,0.6052631578947368
20260709,new,380.0,379.0,379.0,54.0,0.0,0.3684210526315789,66.3409070526316,0.631578947368421
20260902,new,380.0,378.0,378.0,33.0,0.0,0.3736842105263158,43.45481148157895,0.6263157894736842
20260505,new,379.0,379.0,379.0,9.0,0.0,0.43535620052770446,76.06625819261214,0.5646437994722955
20260829,new,377.0,376.0,376.0,65.0,0.0,0.4270557029177719,47.243555066313,0.5729442970822282
20260201,new,375.0,373.0,373.0,41.0,0.0,0.3626666666666667,38.087441197333334,0.6373333333333333
20260504,new,374.0,373.0,373.0,9.0,0.0,0.5133689839572193,120.3077237620321,0.48663101604278075
20251111,new,372.0,373.0,373.0,17.0,0.0,0.47043010752688175,66.39631648387098,0.5295698924731183
20260330,new,368.0,367.0,367.0,6.0,0.0,0.33152173913043476,63.59485953532608,0.6684782608695652
20260804,new,365.0,364.0,364.0,21.0,0.0,0.4465753424657534,72.24412780547945,0.5534246575342465
20260809,new,363.0,362.0,362.0,29.0,0.0,0.36639118457300274,62.986696457300276,0.6336088154269972
20251218,new,359.0,360.0,360.0,11.0,0.0,0.45403899721448465,85.14303444568246,0.5459610027855153
20260901,new,359.0,360.0,360.0,41.0,0.0,0.4568245125348189,60.60360833704735,0.5431754874651811
20260510,new,358.0,358.0,358.0,11.0,0.0,0.4245810055865922,65.15664710893856,0.5754189944134078
20260827,new,357.0,357.0,357.0,46.0,0.0,0.4173669467787115,42.845452759103644,0.5826330532212886
20260903,new,356.0,357.0,357.0,39.0,0.0,0.4438202247191011,62.27135142977528,0.5561797752808989
20251221,new,354.0,354.0,354.0,10.0,0.0,0.4406779661016949,63.31284581920904,0.559322033898305
20260812,new,354.0,354.0,354.0,18.0,0.0,0.519774011299435,95.46877640112994,0.480225988700565
20260807,new,353.0,353.0,353.0,18.0,0.0,0.36827195467422097,71.23076811614732,0.6317280453257791
20251202,new,349.0,349.0,349.0,7.0,0.0,0.5988538681948424,142.8188157765043,0.40114613180515757
20260826,new,347.0,347.0,347.0,55.0,0.0,0.4034582132564842,52.41881733429395,0.5965417867435159
20260624,new,346.0,347.0,347.0,58.0,0.0,0.44508670520231214,68.9250055,0.5549132947976878
20251128,new,345.0,345.0,345.0,3.0,0.0,0.5217391304347826,84.20120779130436,0.4782608695652174
20251216,new,341.0,343.0,343.0,14.0,0.0,0.4868035190615836,100.78913442228738,0.5131964809384164
20251219,new,340.0,340.0,340.0,12.0,0.0,0.4235294117647059,86.63751560588236,0.5764705882352941
20251225,new,339.0,339.0,339.0,7.0,0.0,0.3480825958702065,51.30736916814159,0.6519174041297935
20260805,new,334.0,334.0,334.0,19.0,0.0,0.39221556886227543,57.920849931137724,0.6077844311377245
20251120,new,332.0,332.0,332.0,3.0,0.0,0.5993975903614458,82.59954701506024,0.4006024096385542
20260813,new,325.0,325.0,325.0,24.0,0.0,0.4676923076923077,64.85650272923077,0.5323076923076923
20251124,new,324.0,324.0,324.0,6.0,0.0,0.7037037037037037,148.75271663888887,0.2962962962962963
20251119,new,323.0,323.0,323.0,6.0,0.0,0.6811145510835913,98.81220366253869,0.3188854489164087
20251220,new,323.0,323.0,323.0,10.0,0.0,0.42724458204334365,68.15015433436533,0.5727554179566563
20260831,new,322.0,323.0,323.0,27.0,0.0,0.4192546583850932,51.774016012422365,0.5807453416149069
20251115,new,317.0,317.0,317.0,4.0,0.0,0.583596214511041,71.43461833123028,0.416403785488959
20251129,new,317.0,317.0,317.0,2.0,0.0,0.47634069400630913,63.88225149211357,0.5236593059936908
20251208,new,317.0,317.0,317.0,19.0,0.0,0.6845425867507886,129.30026789274447,0.31545741324921134
20260326,new,315.0,315.0,315.0,3.0,0.0,0.3619047619047619,57.789080752380954,0.638095238095238
20260327,new,314.0,314.0,314.0,6.0,0.0,0.34394904458598724,75.35705773885351,0.6560509554140127
20251224,new,313.0,315.0,315.0,33.0,0.0,0.43450479233226835,79.42685662619809,0.5654952076677316
20260702,new,312.0,313.0,313.0,29.0,0.0,0.391025641025641,60.860343923076925,0.6089743589743589
20260810,new,312.0,312.0,312.0,24.0,0.0,0.46474358974358976,82.8192759102564,0.5352564102564102
20251105,new,311.0,311.0,311.0,3.0,0.0,0.3890675241157556,76.70390448231512,0.6109324758842444
20251123,new,309.0,309.0,309.0,13.0,0.0,0.598705501618123,75.45286084789645,0.40129449838187703
20251217,new,309.0,308.0,308.0,5.0,0.0,0.5210355987055016,100.87615555016181,0.47896440129449835
20251118,new,308.0,309.0,309.0,6.0,0.0,0.6168831168831169,116.82510943831169,0.38311688311688313
20251203,new,305.0,305.0,305.0,8.0,0.0,0.5409836065573771,73.19383984262295,0.45901639344262296
20260830,new,301.0,301.0,301.0,49.0,0.0,0.38870431893687707,57.6988118372093,0.6112956810631229
20260811,new,300.0,300.0,300.0,17.0,0.0,0.43333333333333335,75.63559722333333,0.5666666666666667
20251126,new,299.0,299.0,299.0,11.0,0.0,0.6120401337792643,116.14975597324417,0.3879598662207358
20251209,new,298.0,298.0,298.0,14.0,0.0,0.6510067114093959,119.16290816442952,0.348993288590604
20251112,new,297.0,299.0,299.0,11.0,0.0,0.6127946127946128,81.91927857575757,0.3872053872053872
20251205,new,293.0,290.0,290.0,5.0,0.0,0.5836177474402731,99.57086907508531,0.41638225255972694
20251214,new,291.0,291.0,291.0,5.0,0.0,0.6254295532646048,60.89510189690722,0.3745704467353952
20251117,new,285.0,287.0,287.0,8.0,0.0,0.6807017543859649,62.397065007017545,0.3192982456140351
20251210,new,282.0,283.0,283.0,7.0,0.0,0.6312056737588653,102.31065408156029,0.36879432624113473
20251204,new,278.0,277.0,277.0,7.0,0.0,0.6258992805755396,90.05306266906476,0.37410071942446044
20251116,new,277.0,277.0,277.0,6.0,0.0,0.6353790613718412,97.99032851263539,0.36462093862815886
20251211,new,276.0,276.0,276.0,8.0,0.0,0.5797101449275363,105.77796458695653,0.42028985507246375
20251121,new,270.0,269.0,269.0,3.0,0.0,0.6481481481481481,77.86098575185186,0.35185185185185186
20251207,new,270.0,270.0,270.0,6.0,0.0,0.5333333333333333,69.48729281851851,0.4666666666666667
20251113,new,265.0,266.0,266.0,2.0,0.0,0.5849056603773585,78.67742800377358,0.41509433962264153
20251122,new,264.0,264.0,264.0,4.0,0.0,0.6515151515151515,74.26595226893939,0.3484848484848485
20251114,new,258.0,258.0,258.0,2.0,0.0,0.6472868217054264,78.6325942248062,0.35271317829457366
20251125,new,256.0,256.0,256.0,4.0,0.0,0.62890625,97.7809725234375,0.37109375
20251231,new,251.0,252.0,252.0,17.0,0.0,0.40239043824701193,51.87381993227092,0.5976095617529881
20251213,new,250.0,252.0,252.0,5.0,0.0,0.54,77.860184332,0.46
20251206,new,245.0,245.0,245.0,2.0,0.0,0.5224489795918368,50.350851028571434,0.4775510204081633
20251212,new,243.0,243.0,243.0,7.0,0.0,0.6090534979423868,78.03129731687243,0.39094650205761317
20260613,new,239.0,240.0,240.0,6.0,0.0,0.4351464435146444,72.52965784518828,0.5648535564853556
20251020,returning,218.0,174.0,174.0,2.0,0.0,0.6146788990825688,192.29604085779818,0.3853211009174312
20251014,returning,194.0,132.0,132.0,3.0,0.0,0.4587628865979381,190.864397443299,0.5412371134020618
20251021,returning,189.0,147.0,147.0,11.0,0.0,0.6190476190476191,227.54794891005295,0.38095238095238093
20251018,returning,187.0,131.0,131.0,1.0,0.0,0.5240641711229946,154.60692580748662,0.47593582887700536
20251015,returning,185.0,137.0,137.0,10.0,0.0,0.5351351351351351,202.90157317297297,0.4648648648648649
20251013,returning,183.0,129.0,129.0,4.0,0.0,0.44808743169398907,193.84730731147542,0.5519125683060109
20251016,returning,182.0,155.0,155.0,7.0,0.0,0.5934065934065934,157.55780979670328,0.4065934065934066
20251010,returning,175.0,107.0,107.0,0.0,0.0,0.5257142857142857,181.97083714285714,0.4742857142857143
20250929,returning,168.0,102.0,102.0,7.0,0.0,0.5297619047619048,134.1744530595238,0.47023809523809523
20250925,returning,165.0,81.0,81.0,13.0,0.0,0.3939393939393939,166.12071435757576,0.6060606060606061
20250930,returning,164.0,110.0,110.0,2.0,0.0,0.4634146341463415,128.853286152439,0.5365853658536586
20250922,returning,161.0,93.0,93.0,1.0,0.0,0.39751552795031053,306.7912880559006,0.6024844720496895
20250924,returning,159.0,94.0,94.0,4.0,0.0,0.3836477987421384,186.5616836100629,0.6163522012578616
20250926,returning,156.0,99.0,99.0,7.0,0.0,0.5,191.64725398717948,0.5
20251028,returning,156.0,108.0,108.0,8.0,0.0,0.6794871794871795,231.63460815384613,0.32051282051282054
20251001,returning,153.0,90.0,90.0,5.0,0.0,0.49019607843137253,276.01773933333334,0.5098039215686274
20251012,returning,147.0,112.0,112.0,3.0,0.0,0.5034013605442177,151.3299501292517,0.4965986394557823
20250927,returning,137.0,73.0,73.0,10.0,0.0,0.48175182481751827,178.7260809489051,0.5182481751824818
20251019,returning,137.0,115.0,115.0,7.0,0.0,0.583941605839416,165.2723369270073,0.41605839416058393
20251002,returning,135.0,93.0,93.0,8.0,0.0,0.5259259259259259,174.9457190074074,0.4740740740740741
20251008,returning,135.0,81.0,81.0,3.0,0.0,0.4740740740740741,187.34517466666665,0.5259259259259259
20250910,returning,133.0,87.0,87.0,2.0,0.0,0.45112781954887216,113.16654921804512,0.5488721804511278
20250911,returning,131.0,88.0,88.0,0.0,0.0,0.46564885496183206,129.2471849618321,0.5343511450381679
20251022,returning,130.0,100.0,100.0,1.0,0.0,0.5538461538461539,188.43459010769232,0.4461538461538462
20251003,returning,129.0,80.0,80.0,5.0,0.0,0.4883720930232558,200.77328384496124,0.5116279069767442
20250923,returning,126.0,81.0,81.0,5.0,0.0,0.42063492063492064,215.5838008809524,0.5793650793650794
20250916,returning,123.0,70.0,70.0,1.0,0.0,0.44715447154471544,129.24843949593497,0.5528455284552846
20250917,returning,122.0,77.0,77.0,0.0,0.0,0.4098360655737705,219.65917401639345,0.5901639344262295
20251009,returning,122.0,89.0,89.0,2.0,0.0,0.5327868852459017,220.53904081967212,0.4672131147540984
20251011,returning,120.0,87.0,87.0,1.0,0.0,0.35833333333333334,130.3593669,0.6416666666666667
20250912,returning,119.0,80.0,80.0,3.0,0.0,0.46218487394957986,234.4887618067227,0.5378151260504201
20260423,returning,119.0,69.0,69.0,1.0,0.0,0.4369747899159664,181.90853557142856,0.5630252100840336
20251027,returning,118.0,92.0,92.0,5.0,0.0,0.6186440677966102,203.69215722881356,0.3813559322033898
20251127,returning,118.0,90.0,90.0,0.0,0.0,0.6101694915254238,183.9112425338983,0.3898305084745763
20251110,returning,116.0,74.0,74.0,5.0,0.0,0.47413793103448276,253.3249513189655,0.5258620689655172
20250918,returning,114.0,61.0,61.0,1.0,0.0,0.34210526315789475,154.76524507894734,0.6578947368421053
20251007,returning,113.0,83.0,83.0,1.0,0.0,0.504424778761062,137.7141131681416,0.49557522123893805
20250928,returning,110.0,73.0,73.0,1.0,0.0,0.45454545454545453,168.2185041090909,0.5454545454545454
20250915,returning,109.0,67.0,67.0,0.0,0.0,0.44954128440366975,121.18219405504587,0.5504587155963303
20260617,returning,109.0,83.0,83.0,1.0,0.0,0.6238532110091743,117.31324163302752,0.3761467889908257
20260224,returning,108.0,57.0,57.0,8.0,0.0,0.4166666666666667,166.93269712037036,0.5833333333333334
20251101,returning,107.0,90.0,90.0,2.0,0.0,0.5607476635514018,146.70370411214955,0.4392523364485981
20251106,returning,106.0,62.0,62.0,0.0,0.0,0.4056603773584906,210.92953983962263,0.5943396226415094
20260226,returning,104.0,60.0,60.0,2.0,0.0,0.41346153846153844,202.873777625,0.5865384615384616
20250914,returning,103.0,53.0,53.0,0.0,0.0,0.4368932038834951,193.2535046407767,0.5631067961165048
20260116,returning,103.0,74.0,74.0,0.0,0.0,0.4077669902912621,124.43294151456311,0.5922330097087378
20260422,returning,103.0,67.0,67.0,4.0,0.0,0.42718446601941745,129.55835489320387,0.5728155339805825
20251004,returning,101.0,55.0,55.0,9.0,0.0,0.44554455445544555,159.55672152475245,0.5544554455445545
20251023,returning,101.0,83.0,83.0,1.0,0.0,0.5544554455445545,175.24354331683168,0.44554455445544555
20251006,returning,99.0,64.0,64.0,4.0,0.0,0.41414141414141414,111.70464096969697,0.5858585858585859
20260310,returning,99.0,72.0,72.0,8.0,0.0,0.5353535353535354,206.13348155555553,0.46464646464646464
20260618,returning,99.0,78.0,78.0,2.0,0.0,0.5252525252525253,166.7418365151515,0.47474747474747475
20260825,returning,99.0,78.0,78.0,17.0,0.0,0.43434343434343436,148.45897155555556,0.5656565656565656
20251031,returning,98.0,79.0,79.0,2.0,0.0,0.6530612244897959,202.38481265306123,0.3469387755102041
20251203,returning,98.0,70.0,70.0,6.0,0.0,0.5714285714285714,310.59796946938775,0.42857142857142855
20251107,returning,97.0,61.0,61.0,5.0,0.0,0.5051546391752577,172.7062381443299,0.4948453608247423
20251217,returning,97.0,68.0,68.0,4.0,0.0,0.5979381443298969,168.54079941237114,0.4020618556701031
20260223,returning,97.0,58.0,58.0,2.0,0.0,0.44329896907216493,212.33926144329894,0.5567010309278351
20251017,returning,96.0,83.0,83.0,4.0,0.0,0.5729166666666666,186.27236173958332,0.4270833333333333
20251024,returning,96.0,81.0,81.0,4.0,0.0,0.6145833333333334,149.95328035416665,0.3854166666666667
20260220,returning,96.0,51.0,51.0,1.0,0.0,0.4375,174.88669153125,0.5625
20260303,returning,96.0,66.0,66.0,4.0,0.0,0.4479166666666667,201.46703446874997,0.5520833333333334
20251215,returning,95.0,74.0,74.0,5.0,0.0,0.6210526315789474,277.58496142105264,0.37894736842105264
20260324,returning,95.0,54.0,54.0,3.0,0.0,0.29473684210526313,111.60897512631578,0.7052631578947368
20260114,returning,94.0,64.0,64.0,2.0,0.0,0.7021276595744681,488.3892837553191,0.2978723404255319
20251013,(not set),92.0,73.0,0.0,0.0,0.0,0.010869565217391304,0.5676004891304348,0.9891304347826086
20251102,returning,92.0,79.0,79.0,0.0,0.0,0.5652173913043478,220.88402564130433,0.43478260869565216
20260115,returning,92.0,76.0,76.0,0.0,0.0,0.4891304347826087,146.9123052826087,0.5108695652173914
20260323,returning,92.0,57.0,57.0,2.0,0.0,0.358695652173913,106.73154933695652,0.6413043478260869
20260818,returning,92.0,58.0,58.0,0.0,0.0,0.5869565217391305,247.45969657608697,0.41304347826086957
20250919,returning,91.0,58.0,58.0,0.0,0.0,0.5384615384615384,222.57726539560443,0.46153846153846156
20251015,(not set),91.0,80.0,0.0,0.0,0.0,0.0,0.03266706593406594,1.0
20250920,returning,90.0,50.0,50.0,2.0,0.0,0.32222222222222224,158.2922411111111,0.6777777777777778
20251029,returning,90.0,75.0,75.0,5.0,0.0,0.7777777777777778,300.0377033222222,0.2222222222222222
20251103,returning,90.0,88.0,88.0,3.0,0.0,0.6,161.2531280777778,0.4
20260306,returning,89.0,52.0,52.0,2.0,0.0,0.38202247191011235,168.3671148202247,0.6179775280898876
20260311,returning,89.0,62.0,62.0,1.0,0.0,0.39325842696629215,182.9677471011236,0.6067415730337079
20251005,returning,88.0,49.0,49.0,8.0,0.0,0.4318181818181818,172.76186368181817,0.5681818181818182
20260309,returning,88.0,66.0,66.0,0.0,0.0,0.45454545454545453,114.29484632954545,0.5454545454545454
20260320,returning,88.0,57.0,57.0,3.0,0.0,0.4659090909090909,181.03503888636362,0.5340909090909091
20251020,(not set),87.0,78.0,0.0,0.0,0.0,0.0,0.059085356321839075,1.0
20251128,returning,87.0,62.0,62.0,0.0,0.0,0.6206896551724138,242.29096182758624,0.3793103448275862
20260120,returning,87.0,60.0,60.0,4.0,0.0,0.4942528735632184,86.3564984367816,0.5057471264367817
20260615,returning,87.0,56.0,56.0,1.0,0.0,0.4367816091954023,180.90947605747127,0.5632183908045977
20251218,returning,86.0,70.0,70.0,0.0,0.0,0.6511627906976745,564.9193844534884,0.3488372093023256
20251219,returning,86.0,72.0,72.0,0.0,0.0,0.5697674418604651,136.40808313953488,0.43023255813953487
20260127,returning,86.0,66.0,66.0,0.0,0.0,0.4883720930232558,196.5693588372093,0.5116279069767442
20260722,returning,86.0,66.0,66.0,1.0,0.0,0.36046511627906974,123.62004523255814,0.6395348837209303
20260316,returning,85.0,60.0,60.0,1.0,0.0,0.4470588235294118,161.3571844,0.5529411764705883
20260713,returning,85.0,55.0,55.0,5.0,0.0,0.36470588235294116,154.26151335294117,0.6352941176470588
20250910,(not set),84.0,59.0,6.0,9.0,0.0,0.13095238095238096,26.024934952380953,0.8690476190476191
20260714,returning,84.0,55.0,55.0,1.0,0.0,0.47619047619047616,123.81322600000001,0.5238095238095238
20251018,(not set),83.0,70.0,0.0,0.0,0.0,0.012048192771084338,0.2627962530120482,0.9879518072289156
20251014,(not set),82.0,66.0,0.0,0.0,0.0,0.024390243902439025,0.29863242682926827,0.975609756097561
20251019,(not set),82.0,65.0,0.0,0.0,0.0,0.012195121951219513,0.7267943536585366,0.9878048780487805
20251201,returning,82.0,61.0,61.0,0.0,0.0,0.43902439024390244,118.44997779268293,0.5609756097560976
20260112,returning,82.0,70.0,70.0,3.0,0.0,0.5365853658536586,314.6511386829268,0.4634146341463415
20260130,returning,82.0,53.0,53.0,0.0,0.0,0.4268292682926829,139.26488073170734,0.573170731707317
20260206,returning,82.0,53.0,53.0,3.0,0.0,0.4634146341463415,112.19006945121951,0.5365853658536586
20260219,returning,82.0,46.0,46.0,0.0,0.0,0.4878048780487805,230.00981080487807,0.5121951219512195
20260312,returning,82.0,52.0,52.0,3.0,0.0,0.4878048780487805,227.30032059756098,0.5121951219512195
20260622,returning,82.0,58.0,58.0,0.0,0.0,0.4634146341463415,157.11928558536587,0.5365853658536586
20251030,returning,81.0,69.0,69.0,6.0,0.0,0.5925925925925926,229.3099284074074,0.4074074074074074
20260619,returning,81.0,62.0,62.0,2.0,0.0,0.6172839506172839,177.42803439506173,0.38271604938271603
20251011,(not set),80.0,51.0,0.0,0.0,0.0,0.0,0.20106506249999997,1.0
20251025,returning,80.0,75.0,75.0,5.0,0.0,0.6375,211.838602075,0.3625
20260207,returning,80.0,60.0,60.0,2.0,0.0,0.475,69.5924088,0.525
20260831,returning,80.0,53.0,53.0,7.0,0.0,0.4125,251.692554075,0.5875
20251016,(not set),79.0,63.0,0.0,0.0,0.0,0.0,0.14260154430379748,1.0
20260720,returning,79.0,55.0,55.0,9.0,0.0,0.4810126582278481,154.20306475949369,0.5189873417721519
20251009,(not set),78.0,51.0,0.0,0.0,0.0,0.0,0.0,1.0
20251010,(not set),78.0,56.0,0.0,0.0,0.0,0.0,0.0975275,1.0
20251108,returning,78.0,50.0,50.0,5.0,0.0,0.3974358974358974,74.87027973076923,0.6025641025641025
20251216,returning,78.0,70.0,70.0,2.0,0.0,0.5897435897435898,753.4000460128204,0.41025641025641024
20260119,returning,78.0,50.0,50.0,1.0,0.0,0.358974358974359,83.2010986923077,0.6410256410256411
20260129,returning,78.0,53.0,53.0,3.0,0.0,0.5,165.54077735897437,0.5
20260318,returning,78.0,47.0,47.0,3.0,0.0,0.41025641025641024,163.87694273076923,0.5897435897435898
20260721,returning,78.0,64.0,64.0,0.0,0.0,0.5256410256410257,253.65260535897434,0.47435897435897434
20260122,returning,77.0,49.0,49.0,2.0,0.0,0.4675324675324675,162.0693503896104,0.5324675324675324
20260203,returning,77.0,56.0,56.0,1.0,0.0,0.5584415584415584,168.4974342207792,0.44155844155844154
20260727,returning,77.0,59.0,59.0,0.0,0.0,0.5454545454545454,152.9243385064935,0.45454545454545453
20251124,returning,76.0,52.0,52.0,3.0,0.0,0.6052631578947368,235.38918322368423,0.39473684210526316
20260128,returning,76.0,45.0,45.0,3.0,0.0,0.5131578947368421,138.12408540789474,0.4868421052631579
20260205,returning,76.0,59.0,59.0,0.0,0.0,0.47368421052631576,90.01352173684211,0.5263157894736842
20260209,returning,76.0,48.0,48.0,0.0,0.0,0.5131578947368421,154.23519711842107,0.4868421052631579
20260210,returning,76.0,57.0,57.0,1.0,0.0,0.4473684210526316,134.6334074473684,0.5526315789473685
20260325,returning,76.0,60.0,60.0,3.0,0.0,0.47368421052631576,198.2634002368421,0.5263157894736842
20260421,returning,76.0,56.0,56.0,1.0,0.0,0.3815789473684211,140.9639932763158,0.618421052631579
20260616,returning,76.0,44.0,44.0,2.0,0.0,0.5131578947368421,290.91542315789474,0.4868421052631579
20250912,(not set),75.0,60.0,4.0,9.0,0.0,0.09333333333333334,2.739649986666667,0.9066666666666666
20251104,returning,75.0,66.0,66.0,9.0,0.0,0.5866666666666667,189.41217614666667,0.41333333333333333
20260202,returning,75.0,54.0,54.0,4.0,0.0,0.56,139.95033052,0.44
20260216,returning,75.0,53.0,53.0,2.0,0.0,0.4266666666666667,198.2019262533333,0.5733333333333334
20260304,returning,75.0,47.0,47.0,1.0,0.0,0.3333333333333333,67.59935272,0.6666666666666666
20260715,returning,75.0,58.0,58.0,2.0,0.0,0.52,178.08796945333333,0.48
20251012,(not set),74.0,52.0,0.0,0.0,0.0,0.0,0.0,1.0
20260204,returning,74.0,59.0,59.0,0.0,0.0,0.47297297297297297,150.63646333783785,0.527027027027027
20260227,returning,74.0,48.0,48.0,2.0,0.0,0.43243243243243246,186.36494614864867,0.5675675675675675
20251111,returning,73.0,53.0,53.0,5.0,0.0,0.4657534246575342,171.06186175342464,0.5342465753424658
20251204,returning,73.0,48.0,48.0,3.0,0.0,0.6301369863013698,387.1430454520548,0.3698630136986301
20260319,returning,73.0,49.0,49.0,1.0,0.0,0.4383561643835616,185.7525622328767,0.5616438356164384
20260710,returning,73.0,49.0,49.0,5.0,0.0,0.3698630136986301,135.51025738356165,0.6301369863013698
20260909,returning,73.0,53.0,53.0,0.0,0.0,0.3835616438356164,299.5827169315068,0.6164383561643836
20250916,(not set),72.0,59.0,6.0,4.0,0.0,0.05555555555555555,10.007878763888888,0.9444444444444444
20260121,returning,72.0,54.0,54.0,2.0,0.0,0.5138888888888888,231.62731866666667,0.4861111111111111
20250927,(not set),71.0,50.0,0.0,0.0,0.0,0.028169014084507043,0.633098338028169,0.971830985915493
20251021,(not set),71.0,54.0,0.0,0.0,0.0,0.04225352112676056,0.7112025774647888,0.9577464788732394
20251026,returning,71.0,64.0,64.0,1.0,0.0,0.7464788732394366,188.2223482253521,0.2535211267605634
20260225,returning,71.0,43.0,43.0,2.0,0.0,0.43661971830985913,194.0659620140845,0.5633802816901409
20250913,returning,70.0,50.0,50.0,3.0,0.0,0.44285714285714284,188.36001214285716,0.5571428571428572
20251208,returning,70.0,59.0,59.0,0.0,0.0,0.4714285714285714,193.94228284285714,0.5285714285714286
20260113,returning,69.0,57.0,57.0,0.0,0.0,0.5942028985507246,271.9207773768116,0.4057971014492754
20260208,returning,69.0,52.0,52.0,0.0,0.0,0.4057971014492754,153.36343571014496,0.5942028985507246
20260217,returning,69.0,49.0,49.0,3.0,0.0,0.5072463768115942,160.04660665217392,0.4927536231884058
20260302,returning,69.0,47.0,47.0,13.0,0.0,0.5507246376811594,167.5068431884058,0.4492753623188406
20260819,returning,69.0,48.0,48.0,1.0,0.0,0.391304347826087,150.46227675362317,0.6086956521739131
20260221,returning,68.0,40.0,40.0,1.0,0.0,0.4264705882352941,131.51283875000001,0.5735294117647058
20260625,returning,68.0,47.0,47.0,3.0,0.0,0.4852941176470588,173.83023832352941,0.5147058823529411
20260813,returning,68.0,50.0,50.0,0.0,0.0,0.47058823529411764,431.7423365294118,0.5294117647058824
20250911,(not set),67.0,46.0,6.0,14.0,0.0,0.16417910447761194,57.72195358208955,0.835820895522388
20250922,(not set),67.0,45.0,3.0,20.0,0.0,0.08955223880597014,36.08618659701492,0.9104477611940298
20260317,returning,67.0,48.0,48.0,2.0,0.0,0.44776119402985076,180.85665198507465,0.5522388059701493
20260623,returning,67.0,43.0,43.0,2.0,0.0,0.4925373134328358,98.43567288059701,0.5074626865671642
20260826,returning,67.0,42.0,42.0,3.0,0.0,0.5074626865671642,194.63555047761196,0.4925373134328358
20250929,(not set),66.0,56.0,0.0,0.0,0.0,0.0,0.07761957575757576,1.0
20250930,(not set),66.0,51.0,0.0,0.0,0.0,0.0,0.21451116666666664,1.0
20251022,(not set),66.0,58.0,0.0,0.0,0.0,0.045454545454545456,0.8940141212121212,0.9545454545454546
20260108,returning,66.0,48.0,48.0,4.0,0.0,0.42424242424242425,213.24233004545454,0.5757575757575758
20260305,returning,66.0,43.0,43.0,0.0,0.0,0.4090909090909091,223.53948466666665,0.5909090909090909
20251001,(not set),65.0,54.0,0.0,0.0,0.0,0.0,0.0,1.0
20260609,returning,65.0,58.0,58.0,6.0,0.0,0.5384615384615384,213.08535996923078,0.46153846153846156
20260610,returning,65.0,51.0,51.0,1.0,0.0,0.47692307692307695,181.71212064615383,0.5230769230769231
20260908,returning,65.0,47.0,47.0,1.0,0.0,0.47692307692307695,160.50999138461538,0.5230769230769231
20250928,(not set),64.0,46.0,0.0,0.0,0.0,0.0,0.257892,1.0
20251212,returning,64.0,47.0,47.0,6.0,0.0,0.5,327.094480125,0.5
20260321,returning,64.0,42.0,42.0,0.0,0.0,0.5,122.325176796875,0.5
20260612,returning,64.0,54.0,54.0,3.0,0.0,0.453125,109.620273328125,0.546875
20260701,returning,64.0,46.0,46.0,3.0,0.0,0.4375,189.431350578125,0.5625
20260804,returning,64.0,46.0,46.0,0.0,0.0,0.390625,143.973622984375,0.609375
20251202,returning,63.0,46.0,46.0,5.0,0.0,0.5873015873015873,232.5157081904762,0.4126984126984127
20260106,returning,63.0,55.0,55.0,2.0,0.0,0.4603174603174603,101.14220547619048,0.5396825396825397
20260212,returning,63.0,46.0,46.0,2.0,0.0,0.6190476190476191,146.97656142857142,0.38095238095238093
20260307,returning,63.0,32.0,32.0,0.0,0.0,0.3492063492063492,136.86030793650792,0.6507936507936508
20260608,returning,63.0,57.0,57.0,0.0,0.0,0.5238095238095238,118.43947944444444,0.47619047619047616
20260817,returning,63.0,43.0,43.0,2.0,0.0,0.4126984126984127,183.23136638095238,0.5873015873015873
20260824,returning,63.0,44.0,44.0,0.0,0.0,0.5238095238095238,213.8099059047619,0.47619047619047616
20260901,returning,63.0,47.0,47.0,4.0,0.0,0.6190476190476191,226.44887738095235,0.38095238095238093
20250917,(not set),62.0,43.0,9.0,8.0,0.0,0.11290322580645161,6.809109725806452,0.8870967741935484
20260306,(not set),62.0,44.0,0.0,0.0,0.0,0.0,0.41670559677419355,1.0
20260723,returning,62.0,45.0,45.0,0.0,0.0,0.5,160.1978329354839,0.5
20260902,returning,62.0,39.0,39.0,0.0,0.0,0.46774193548387094,206.7101197580645,0.532258064516129
20250918,(not set),61.0,40.0,4.0,11.0,0.0,0.16393442622950818,118.93296814754099,0.8360655737704918
20251006,(not set),61.0,42.0,0.0,0.0,0.0,0.0,0.0,1.0
20251008,(not set),61.0,43.0,0.0,0.0,0.0,0.0,0.0,1.0
20251112,returning,61.0,48.0,48.0,1.0,0.0,0.5081967213114754,130.2788034590164,0.4918032786885246
20260109,returning,61.0,45.0,45.0,2.0,0.0,0.5573770491803278,269.07584918032785,0.4426229508196721
20260213,returning,61.0,40.0,40.0,1.0,0.0,0.47540983606557374,136.49588873770495,0.5245901639344263
20260330,returning,61.0,45.0,45.0,1.0,0.0,0.5245901639344263,168.34055606557376,0.47540983606557374
20260729,returning,61.0,55.0,55.0,4.0,0.0,0.4262295081967213,125.73600167213114,0.5737704918032787
20260821,returning,61.0,40.0,40.0,1.0,0.0,0.5409836065573771,154.64834878688524,0.45901639344262296
20251130,returning,60.0,46.0,46.0,0.0,0.0,0.5,307.2732633166667,0.5
20251209,returning,60.0,52.0,52.0,1.0,0.0,0.4166666666666667,153.99712503333333,0.5833333333333334
20260123,returning,60.0,38.0,38.0,0.0,0.0,0.45,198.46145295,0.55
20260126,returning,60.0,47.0,47.0,1.0,0.0,0.5166666666666667,199.15809113333333,0.48333333333333334
20260624,returning,60.0,41.0,41.0,0.0,0.0,0.5166666666666667,125.85187516666666,0.48333333333333334
20260811,returning,60.0,43.0,43.0,4.0,0.0,0.43333333333333335,195.76513406666666,0.5666666666666667
20260131,returning,59.0,38.0,38.0,0.0,0.0,0.5254237288135594,185.71423230508475,0.4745762711864407
20260211,returning,59.0,45.0,45.0,0.0,0.0,0.4915254237288136,215.26820183050847,0.5084745762711864
20260214,returning,59.0,43.0,43.0,0.0,0.0,0.288135593220339,90.33192079661018,0.711864406779661
20260606,returning,59.0,55.0,55.0,3.0,0.0,0.5084745762711864,77.62228340677967,0.4915254237288136
20260730,returning,59.0,49.0,49.0,0.0,0.0,0.4915254237288136,184.28920447457628,0.5084745762711864
20251003,(not set),58.0,41.0,0.0,1.0,0.0,0.034482758620689655,0.8315995172413793,0.9655172413793104
20251205,returning,58.0,46.0,46.0,0.0,0.0,0.5862068965517241,167.51515618965516,0.41379310344827586
20260222,returning,58.0,32.0,32.0,5.0,0.0,0.3620689655172414,186.41144508620687,0.6379310344827587
20260313,returning,58.0,40.0,40.0,0.0,0.0,0.3793103448275862,96.08707879310346,0.6206896551724138
20260607,returning,58.0,55.0,55.0,2.0,0.0,0.41379310344827586,128.88039562068965,0.5862068965517241
20260629,returning,58.0,40.0,40.0,0.0,0.0,0.43103448275862066,315.5505692413794,0.5689655172413793
20260706,returning,58.0,44.0,44.0,17.0,0.0,0.4827586206896552,113.6640743448276,0.5172413793103449
20260716,returning,58.0,41.0,41.0,1.0,0.0,0.5517241379310345,236.4377324137931,0.4482758620689655
20260728,returning,58.0,49.0,49.0,2.0,0.0,0.5172413793103449,152.61157427586207,0.4827586206896552
20260814,returning,58.0,42.0,42.0,0.0,0.0,0.43103448275862066,167.6822964827586,0.5689655172413793
20250915,(not set),57.0,41.0,4.0,7.0,0.0,0.17543859649122806,64.53097936842106,0.8245614035087719
20250919,(not set),57.0,44.0,4.0,12.0,0.0,0.19298245614035087,32.96166996491228,0.8070175438596491
20250921,returning,57.0,31.0,31.0,12.0,0.0,0.5263157894736842,82.20885887719297,0.47368421052631576
20260228,returning,57.0,28.0,28.0,10.0,0.0,0.5263157894736842,123.54370466666668,0.47368421052631576
20260312,(not set),57.0,41.0,0.0,0.0,0.0,0.017543859649122806,1.4089412280701756,0.9824561403508771
20260314,returning,57.0,40.0,40.0,0.0,0.0,0.40350877192982454,109.6362659122807,0.5964912280701754
20260703,returning,57.0,40.0,40.0,1.0,0.0,0.47368421052631576,310.94568624561407,0.5263157894736842
20260717,returning,57.0,48.0,48.0,4.0,0.0,0.5087719298245614,195.21514798245616,0.49122807017543857
20260806,returning,57.0,47.0,47.0,0.0,0.0,0.42105263157894735,112.92471922807017,0.5789473684210527
20250914,(not set),56.0,45.0,5.0,9.0,0.0,0.14285714285714285,37.38241948214286,0.8571428571428571
20250920,(not set),56.0,36.0,5.0,25.0,0.0,0.14285714285714285,6.636768428571428,0.8571428571428571
20250925,(not set),56.0,45.0,0.0,0.0,0.0,0.0,0.3318778392857143,1.0
20250926,(not set),56.0,48.0,0.0,0.0,0.0,0.0,0.61282075,1.0
20251002,(not set),56.0,43.0,0.0,0.0,0.0,0.0,0.21629985714285715,1.0
20251230,returning,56.0,47.0,47.0,1.0,0.0,0.42857142857142855,233.83931541071428,0.5714285714285714
20260803,returning,56.0,45.0,45.0,0.0,0.0,0.48214285714285715,153.07432248214286,0.5178571428571429
20260820,returning,56.0,39.0,39.0,1.0,0.0,0.4642857142857143,205.02195648214288,0.5357142857142857
20251210,returning,55.0,40.0,40.0,7.0,0.0,0.4909090909090909,168.34958745454546,0.509090909090909
20260315,returning,55.0,43.0,43.0,0.0,0.0,0.509090909090909,170.04048007272726,0.4909090909090909
20260513,returning,55.0,47.0,47.0,1.0,0.0,0.36363636363636365,63.76508661818182,0.6363636363636364
20260525,returning,55.0,48.0,48.0,2.0,0.0,0.5454545454545454,86.88865538181818,0.45454545454545453
20260815,returning,55.0,41.0,41.0,0.0,0.0,0.36363636363636365,115.4292738909091,0.6363636363636364
20260827,returning,55.0,40.0,40.0,15.0,0.0,0.4909090909090909,395.4738334545454,0.509090909090909
20260903,returning,55.0,38.0,38.0,0.0,0.0,0.34545454545454546,104.11442961818182,0.6545454545454545
20251107,(not set),54.0,43.0,0.0,0.0,0.0,0.018518518518518517,0.42588757407407407,0.9814814814814815
20260301,returning,54.0,35.0,35.0,3.0,0.0,0.48148148148148145,145.7459150185185,0.5185185185185185
20260308,returning,54.0,36.0,36.0,6.0,0.0,0.3888888888888889,125.69874709259258,0.6111111111111112
20260621,returning,54.0,43.0,43.0,0.0,0.0,0.6481481481481481,172.73566514814814,0.35185185185185186
20260828,returning,54.0,36.0,36.0,0.0,0.0,0.4444444444444444,148.2525621296296,0.5555555555555556
20260107,returning,53.0,49.0,49.0,0.0,0.0,0.4339622641509434,123.23789201886791,0.5660377358490566
20260427,returning,53.0,42.0,42.0,3.0,0.0,0.4528301886792453,43.21144505660377,0.5471698113207547
20250913,(not set),52.0,37.0,5.0,9.0,0.0,0.15384615384615385,20.04514528846154,0.8461538461538461
20260218,returning,52.0,37.0,37.0,4.0,0.0,0.5,66.78847967307692,0.5
20251007,(not set),51.0,38.0,0.0,0.0,0.0,0.0196078431372549,0.4212704117647059,0.9803921568627451
20251029,(not set),51.0,50.0,0.0,0.0,0.0,0.0,0.0,1.0
20251114,returning,51.0,39.0,39.0,0.0,0.0,0.5490196078431373,326.94467521568623,0.45098039215686275
20260602,returning,51.0,43.0,43.0,1.0,0.0,0.43137254901960786,130.8869429019608,0.5686274509803921
20260626,returning,51.0,39.0,39.0,0.0,0.0,0.49019607843137253,115.81003947058825,0.5098039215686274
20260807,returning,51.0,41.0,41.0,3.0,0.0,0.47058823529411764,114.62832774509803,0.5294117647058824
20260904,returning,51.0,38.0,38.0,1.0,0.0,0.49019607843137253,153.88258656862746,0.5098039215686274
20251024,(not set),50.0,46.0,0.0,0.0,0.0,0.02,0.35193704000000003,0.98
20251028,(not set),50.0,43.0,0.0,0.0,0.0,0.04,0.9957041799999999,0.96
20251104,(not set),50.0,50.0,0.0,0.0,0.0,0.0,0.0,1.0
20260316,(not set),50.0,38.0,0.0,0.0,0.0,0.0,0.24444152,1.0
20260320,(not set),50.0,34.0,0.0,0.0,0.0,0.04,35.2751172,0.96
20260401,returning,50.0,45.0,45.0,3.0,0.0,0.54,236.67217842,0.46
20260415,returning,50.0,45.0,45.0,3.0,0.0,0.52,163.94436728,0.48
20260428,returning,50.0,39.0,39.0,1.0,0.0,0.46,116.5044885,0.54
20260429,returning,50.0,46.0,46.0,3.0,0.0,0.52,131.41453898,0.48
20260505,returning,50.0,47.0,47.0,3.0,0.0,0.52,169.49985664,0.48
20260603,returning,50.0,46.0,46.0,0.0,0.0,0.58,277.58626878,0.42
20260731,returning,50.0,43.0,43.0,1.0,0.0,0.42,184.18473102,0.58
20251005,(not set),49.0,32.0,0.0,0.0,0.0,0.02040816326530612,0.8995876734693878,0.9795918367346939
20260103,returning,49.0,46.0,46.0,0.0,0.0,0.42857142857142855,126.21381008163266,0.5714285714285714
20260318,(not set),49.0,33.0,0.0,0.0,0.0,0.0,0.0,1.0
20260408,returning,49.0,37.0,37.0,2.0,0.0,0.5918367346938775,124.03329257142856,0.40816326530612246
20260511,returning,49.0,44.0,44.0,0.0,0.0,0.4897959183673469,181.1093276734694,0.5102040816326531
20260514,returning,49.0,45.0,45.0,1.0,0.0,0.40816326530612246,108.4437974489796,0.5918367346938775
20260601,(not set),49.0,45.0,0.0,0.0,0.0,0.04081632653061224,0.42375679591836735,0.9591836734693877
20260630,returning,49.0,41.0,41.0,0.0,0.0,0.4897959183673469,290.6002207142857,0.5102040816326531
20260702,returning,49.0,40.0,40.0,2.0,0.0,0.5306122448979592,275.40360487755106,0.46938775510204084
20260708,returning,49.0,38.0,38.0,1.0,0.0,0.3673469387755102,194.2303688367347,0.6326530612244898
20251126,returning,48.0,35.0,35.0,0.0,0.0,0.7708333333333334,408.59209881250007,0.22916666666666666
20260111,returning,48.0,38.0,38.0,0.0,0.0,0.3541666666666667,40.88355227083333,0.6458333333333334
20260322,returning,48.0,32.0,32.0,2.0,0.0,0.3541666666666667,116.85772591666667,0.6458333333333334
20260508,returning,48.0,43.0,43.0,1.0,0.0,0.3541666666666667,123.39988325,0.6458333333333334
20260529,returning,48.0,41.0,41.0,0.0,0.0,0.6666666666666666,171.2103045416667,0.3333333333333333
20260620,returning,48.0,35.0,35.0,1.0,0.0,0.3541666666666667,67.74163858333333,0.6458333333333334
20260724,returning,48.0,37.0,37.0,0.0,0.0,0.4583333333333333,181.661503,0.5416666666666666
20251004,(not set),47.0,42.0,0.0,0.0,0.0,0.0425531914893617,1.7385022765957447,0.9574468085106383
20251017,(not set),47.0,43.0,0.0,0.0,0.0,0.0425531914893617,0.6712180638297872,0.9574468085106383
20251106,(not set),47.0,39.0,0.0,0.0,0.0,0.02127659574468085,0.4015391702127659,0.9787234042553191
20260105,returning,47.0,43.0,43.0,2.0,0.0,0.48936170212765956,103.93196321276595,0.5106382978723404
20260325,(not set),47.0,39.0,0.0,0.0,0.0,0.02127659574468085,0.8163687659574468,0.9787234042553191
20260327,returning,47.0,40.0,40.0,4.0,0.0,0.5319148936170213,209.4151987021277,0.46808510638297873
20260409,returning,47.0,42.0,42.0,2.0,0.0,0.5531914893617021,226.6221090851064,0.44680851063829785
20260502,returning,47.0,46.0,46.0,0.0,0.0,0.44680851063829785,99.96674614893618,0.5531914893617021
20260519,returning,47.0,41.0,41.0,0.0,0.0,0.48936170212765956,199.40650938297873,0.5106382978723404
20260707,returning,47.0,40.0,40.0,0.0,0.0,0.40425531914893614,140.22323582978723,0.5957446808510638
20250924,(not set),46.0,37.0,0.0,0.0,0.0,0.0,0.0,1.0
20251030,(not set),46.0,42.0,0.0,0.0,0.0,0.021739130434782608,0.643183304347826,0.9782608695652174
20251222,returning,46.0,41.0,41.0,1.0,0.0,0.5,227.5480778913043,0.5
20260311,(not set),46.0,34.0,0.0,0.0,0.0,0.021739130434782608,0.2683572608695652,0.9782608695652174
20260317,(not set),46.0,33.0,0.0,0.0,0.0,0.021739130434782608,0.5014315652173913,0.9782608695652174
20260515,returning,46.0,42.0,42.0,0.0,0.0,0.5869565217391305,119.60125776086957,0.41304347826086957
20260521,returning,46.0,36.0,36.0,4.0,0.0,0.32608695652173914,246.32470791304348,0.6739130434782609
20260522,returning,46.0,38.0,38.0,0.0,0.0,0.41304347826086957,207.92402219565219,0.5869565217391305
20260528,returning,46.0,39.0,39.0,11.0,0.0,0.45652173913043476,181.50310052173913,0.5434782608695652
20251229,returning,45.0,40.0,40.0,3.0,0.0,0.4888888888888889,69.5866264888889,0.5111111111111111
20260414,returning,45.0,36.0,36.0,1.0,0.0,0.5111111111111111,181.81637577777778,0.4888888888888889
20251027,(not set),44.0,38.0,0.0,0.0,0.0,0.045454545454545456,1.5705330909090909,0.9545454545454546
20251109,returning,44.0,28.0,28.0,2.0,0.0,0.4772727272727273,109.65498988636364,0.5227272727272727
20251129,returning,44.0,36.0,36.0,0.0,0.0,0.6818181818181818,343.8314519545454,0.3181818181818182
20251223,returning,44.0,35.0,35.0,0.0,0.0,0.5681818181818182,161.2837299318182,0.4318181818181818
20260422,(not set),44.0,31.0,0.0,0.0,0.0,0.0,0.17611211363636364,1.0
20260504,returning,44.0,42.0,42.0,0.0,0.0,0.5227272727272727,126.0427264318182,0.4772727272727273
20260601,returning,44.0,38.0,38.0,3.0,0.0,0.5681818181818182,139.03751443181818,0.4318181818181818
20250921,(not set),43.0,27.0,7.0,12.0,0.0,0.2558139534883721,24.04181051162791,0.7441860465116279
20251211,returning,43.0,39.0,39.0,3.0,0.0,0.6511627906976745,237.01653834883717,0.3488372093023256
20251227,returning,43.0,33.0,33.0,2.0,0.0,0.4418604651162791,29.800573069767445,0.5581395348837209
20260313,(not set),43.0,28.0,0.0,0.0,0.0,0.0,0.1999516976744186,1.0
20260326,returning,43.0,35.0,35.0,1.0,0.0,0.627906976744186,231.64686109302326,0.37209302325581395
20260501,returning,43.0,42.0,42.0,0.0,0.0,0.4883720930232558,76.09189179069767,0.5116279069767442
20260605,returning,43.0,39.0,39.0,1.0,0.0,0.4186046511627907,106.4384905116279,0.5813953488372093
20260709,returning,43.0,32.0,32.0,0.0,0.0,0.4883720930232558,157.43070527906977,0.5116279069767442
20260226,(not set),42.0,31.0,0.0,0.0,0.0,0.0,0.34049754761904766,1.0
20260424,returning,42.0,36.0,36.0,0.0,0.0,0.5238095238095238,214.55924364285715,0.47619047619047616
20260604,returning,42.0,37.0,37.0,2.0,0.0,0.40476190476190477,52.28179257142857,0.5952380952380952
20260627,returning,42.0,25.0,25.0,0.0,0.0,0.35714285714285715,380.11145595238094,0.6428571428571429
20251023,(not set),41.0,40.0,0.0,0.0,0.0,0.024390243902439025,0.31424275609756097,0.975609756097561
20251025,(not set),41.0,40.0,0.0,0.0,0.0,0.024390243902439025,0.7677624878048781,0.975609756097561
20251103,(not set),41.0,40.0,0.0,0.0,0.0,0.0,0.05891158536585366,1.0
20251108,(not set),41.0,32.0,0.0,0.0,0.0,0.024390243902439025,0.7624478536585366,0.975609756097561
20251213,returning,41.0,34.0,34.0,0.0,0.0,0.5365853658536586,190.47588465853656,0.4634146341463415
20251226,returning,41.0,33.0,33.0,0.0,0.0,0.36585365853658536,187.85718590243903,0.6341463414634146
20260124,returning,41.0,34.0,34.0,2.0,0.0,0.4878048780487805,69.77384651219512,0.5121951219512195
20260310,(not set),41.0,31.0,0.0,0.0,0.0,0.024390243902439025,0.6983385609756098,0.975609756097561
20260324,(not set),41.0,29.0,0.0,0.0,0.0,0.0,0.12060221951219512,1.0
20260416,returning,41.0,34.0,34.0,1.0,0.0,0.5609756097560976,160.81236563414632,0.43902439024390244
20260423,(not set),41.0,31.0,0.0,0.0,0.0,0.12195121951219512,2.3575920731707316,0.8780487804878049
20260628,returning,41.0,34.0,34.0,0.0,0.0,0.4878048780487805,14.915048365853657,0.5121951219512195
20251101,(not set),40.0,40.0,0.0,0.0,0.0,0.025,0.644863275,0.975
20251214,returning,40.0,33.0,33.0,1.0,0.0,0.5,86.08778674999999,0.5
20260102,returning,40.0,39.0,39.0,3.0,0.0,0.475,105.6928443,0.525
20260305,(not set),40.0,31.0,0.0,0.0,0.0,0.0,0.467464525,1.0
20260413,(not set),40.0,36.0,0.0,0.0,0.0,0.025,6.652786475000001,0.975
20260413,returning,40.0,39.0,39.0,1.0,0.0,0.675,195.15152597499997,0.325
20260421,(not set),40.0,32.0,0.0,0.0,0.0,0.025,0.644076175,0.975
20260506,returning,40.0,36.0,36.0,1.0,0.0,0.5,183.0648539,0.5
20260512,returning,40.0,36.0,36.0,0.0,0.0,0.5,116.57569667499999,0.5
20260514,(not set),40.0,39.0,0.0,0.0,0.0,0.025,0.189445525,0.975
20260524,(not set),40.0,36.0,0.0,0.0,0.0,0.025,4.151616125,0.975
20260805,returning,40.0,33.0,33.0,0.0,0.0,0.575,156.1667596,0.425
20251125,returning,39.0,33.0,33.0,0.0,0.0,0.5384615384615384,205.7739857948718,0.46153846153846156
20260118,returning,39.0,28.0,28.0,0.0,0.0,0.4358974358974359,71.19124438461539,0.5641025641025641
20260124,(not set),39.0,29.0,0.0,0.0,0.0,0.05128205128205128,1.0162809487179487,0.9487179487179487
20260210,(not set),39.0,30.0,0.0,0.0,0.0,0.02564102564102564,0.5348271794871795,0.9743589743589743
20260319,(not set),39.0,30.0,0.0,0.0,0.0,0.0,0.0,1.0
20260321,(not set),39.0,24.0,0.0,0.0,0.0,0.02564102564102564,0.2931111538461539,0.9743589743589743
20260402,returning,39.0,32.0,32.0,5.0,0.0,0.46153846153846156,230.7419052051282,0.5384615384615384
20260417,returning,39.0,39.0,39.0,0.0,0.0,0.5384615384615384,167.6014974871795,0.46153846153846156
20260507,returning,39.0,34.0,34.0,0.0,0.0,0.5128205128205128,119.34878512820512,0.48717948717948717
20260518,returning,39.0,37.0,37.0,2.0,0.0,0.5641025641025641,170.64188528205128,0.4358974358974359
20260525,(not set),39.0,34.0,0.0,0.0,0.0,0.02564102564102564,1.9030750769230769,0.9743589743589743
20260526,(not set),39.0,37.0,0.0,0.0,0.0,0.02564102564102564,0.14968035897435897,0.9743589743589743
20260527,returning,39.0,33.0,33.0,2.0,0.0,0.41025641025641024,81.02877158974358,0.5897435897435898
20260812,returning,39.0,31.0,31.0,0.0,0.0,0.4358974358974359,157.81853902564103,0.5641025641025641
20251026,(not set),38.0,34.0,0.0,0.0,0.0,0.0,0.0,1.0
20251113,returning,38.0,33.0,33.0,0.0,0.0,0.6842105263157895,264.25515960526315,0.3157894736842105
20260215,returning,38.0,27.0,27.0,1.0,0.0,0.47368421052631576,108.09472513157894,0.5263157894736842
20260430,returning,38.0,36.0,36.0,0.0,0.0,0.42105263157894735,177.89467057894737,0.5789473684210527
20260810,returning,38.0,28.0,28.0,0.0,0.0,0.5263157894736842,204.0968024736842,0.47368421052631576
20251117,returning,37.0,31.0,31.0,9.0,0.0,0.6756756756756757,166.81773975675677,0.32432432432432434
20260323,(not set),37.0,27.0,0.0,0.0,0.0,0.02702702702702703,0.3207383783783784,0.972972972972973
20260407,returning,37.0,33.0,33.0,7.0,0.0,0.6216216216216216,207.48678354054056,0.3783783783783784
20260611,returning,37.0,33.0,33.0,0.0,0.0,0.5945945945945946,212.8416635945946,0.40540540540540543
20251105,returning,36.0,34.0,34.0,1.0,0.0,0.5277777777777778,157.59691041666667,0.4722222222222222
20251118,returning,36.0,31.0,31.0,0.0,0.0,0.5277777777777778,51.635953666666666,0.4722222222222222
20260115,(not set),36.0,29.0,0.0,0.0,0.0,0.0,0.19592061111111111,1.0
20260206,(not set),36.0,25.0,0.0,0.0,0.0,0.0,0.2648839444444444,1.0
20260228,(not set),36.0,24.0,0.0,0.0,0.0,0.027777777777777776,0.7240279722222223,0.9722222222222222
20260309,(not set),36.0,23.0,0.0,0.0,0.0,0.0,0.42897311111111114,1.0
20260331,returning,36.0,30.0,30.0,0.0,0.0,0.5277777777777778,137.45253091666666,0.4722222222222222
20260406,returning,36.0,27.0,27.0,0.0,0.0,0.4444444444444444,153.1661823611111,0.5555555555555556
20260528,(not set),36.0,31.0,0.0,0.0,0.0,0.08333333333333333,1.4109904722222222,0.9166666666666666
20260605,(not set),36.0,35.0,0.0,0.0,0.0,0.05555555555555555,45.22063161111111,0.9444444444444444
20260820,(not set),36.0,26.0,0.0,1.0,0.0,0.027777777777777776,0.7190106388888888,0.9722222222222222
20250923,(not set),35.0,28.0,0.0,0.0,0.0,0.0,0.7198101714285715,1.0
20260117,returning,35.0,29.0,29.0,3.0,0.0,0.45714285714285713,118.99432914285714,0.5428571428571428
20260129,(not set),35.0,29.0,0.0,0.0,0.0,0.02857142857142857,0.6307145428571429,0.9714285714285714
20260212,(not set),35.0,30.0,0.0,0.0,0.0,0.0,0.35899102857142856,1.0
20260223,(not set),35.0,26.0,0.0,0.0,0.0,0.02857142857142857,1.2023673142857143,0.9714285714285714
20260523,(not set),35.0,35.0,0.0,0.0,0.0,0.02857142857142857,0.012753085714285713,0.9714285714285714
20260618,(not set),35.0,28.0,0.0,0.0,0.0,0.02857142857142857,3.2178643714285715,0.9714285714285714
20260718,returning,35.0,25.0,25.0,0.0,0.0,0.37142857142857144,95.97951425714285,0.6285714285714286
20260725,returning,35.0,27.0,27.0,1.0,0.0,0.5428571428571428,157.68370985714287,0.45714285714285713
20260731,(not set),35.0,27.0,0.0,0.0,0.0,0.0,0.3110339714285714,1.0
20260802,returning,35.0,35.0,35.0,0.0,0.0,0.3142857142857143,13.042212742857142,0.6857142857142857
20260822,returning,35.0,31.0,31.0,2.0,0.0,0.3142857142857143,16.8466658,0.6857142857142857
20260825,(not set),35.0,31.0,0.0,1.0,0.0,0.08571428571428572,3.3848960285714287,0.9142857142857143
20260906,returning,35.0,32.0,32.0,0.0,0.0,0.37142857142857144,56.33968562857143,0.6285714285714286
20251119,returning,34.0,29.0,29.0,0.0,0.0,0.5294117647058824,245.5265558823529,0.47058823529411764
20251123,returning,34.0,30.0,30.0,2.0,0.0,0.6176470588235294,127.67302279411764,0.38235294117647056
20260218,(not set),34.0,29.0,0.0,0.0,0.0,0.08823529411764706,2.205115205882353,0.9117647058823529
20260225,(not set),34.0,27.0,0.0,0.0,0.0,0.0,0.12003511764705882,1.0
20260303,(not set),34.0,27.0,0.0,0.0,0.0,0.029411764705882353,1.2164745588235295,0.9705882352941176
20260307,(not set),34.0,28.0,0.0,0.0,0.0,0.029411764705882353,2.2029440294117646,0.9705882352941176
20260414,(not set),34.0,32.0,0.0,0.0,0.0,0.0,0.2320180882352941,1.0
20260519,(not set),34.0,34.0,0.0,0.0,0.0,0.058823529411764705,17.19095938235294,0.9411764705882353
20260127,(not set),33.0,26.0,0.0,0.0,0.0,0.030303030303030304,0.34761651515151515,0.9696969696969697
20260204,(not set),33.0,28.0,0.0,0.0,0.0,0.0,0.0,1.0
20260304,(not set),33.0,24.0,0.0,0.0,0.0,0.0,0.6739120303030304,1.0
20260329,returning,33.0,28.0,28.0,1.0,0.0,0.30303030303030304,56.15621693939394,0.696969696969697
20260526,returning,33.0,30.0,30.0,2.0,0.0,0.5757575757575758,263.1125952424243,0.42424242424242425
20260608,(not set),33.0,29.0,0.0,0.0,0.0,0.030303030303030304,0.03640672727272727,0.9696969696969697
20260711,returning,33.0,30.0,30.0,2.0,0.0,0.6060606060606061,254.60691409090913,0.3939393939393939
20260726,returning,33.0,25.0,25.0,0.0,0.0,0.45454545454545453,95.83782799999999,0.5454545454545454
20260801,returning,33.0,30.0,30.0,2.0,0.0,0.3333333333333333,81.08451806060606,0.6666666666666666
20251031,(not set),32.0,32.0,0.0,0.0,0.0,0.0,0.0,1.0
20251102,(not set),32.0,27.0,0.0,0.0,0.0,0.03125,1.00220815625,0.96875
20251109,(not set),32.0,19.0,0.0,0.0,0.0,0.0,0.0,1.0
20251110,(not set),32.0,27.0,0.0,0.0,0.0,0.0,0.26328584375,1.0
20251207,returning,32.0,28.0,28.0,2.0,0.0,0.625,59.74695675,0.375
20251221,returning,32.0,27.0,27.0,0.0,0.0,0.4375,180.468109125,0.5625
20260110,returning,32.0,27.0,27.0,0.0,0.0,0.40625,54.752495687499994,0.59375
20260302,(not set),32.0,26.0,0.0,0.0,0.0,0.03125,0.56766678125,0.96875
20260315,(not set),32.0,25.0,0.0,0.0,0.0,0.03125,0.540367375,0.96875
20260322,(not set),32.0,24.0,0.0,0.0,0.0,0.03125,0.7573629374999999,0.96875
20260411,returning,32.0,27.0,27.0,2.0,0.0,0.46875,147.73392959375,0.53125
20260412,returning,32.0,29.0,29.0,0.0,0.0,0.3125,57.740923093750006,0.6875
20260510,returning,32.0,31.0,31.0,3.0,0.0,0.5625,189.2652400625,0.4375
20260520,returning,32.0,29.0,29.0,0.0,0.0,0.59375,140.69390546875,0.40625
20260614,returning,32.0,28.0,28.0,0.0,0.0,0.40625,39.0850434375,0.59375
20260120,(not set),31.0,24.0,0.0,0.0,0.0,0.0,0.0,1.0
20260126,(not set),31.0,25.0,0.0,0.0,0.0,0.0,0.1770628387096774,1.0
20260405,returning,31.0,30.0,30.0,1.0,0.0,0.3225806451612903,85.66391325806451,0.6774193548387096
20260512,(not set),31.0,30.0,0.0,0.0,0.0,0.0,0.16296632258064514,1.0
20260517,(not set),31.0,31.0,0.0,0.0,0.0,0.12903225806451613,0.6951168064516129,0.8709677419354839
20260531,returning,31.0,27.0,27.0,0.0,0.0,0.5161290322580645,77.7900958064516,0.4838709677419355
20260609,(not set),31.0,27.0,0.0,0.0,0.0,0.12903225806451613,11.844498322580645,0.8709677419354839
20260205,(not set),30.0,27.0,0.0,0.0,0.0,0.03333333333333333,0.684757,0.9666666666666667
20260219,(not set),30.0,24.0,0.0,0.0,0.0,0.0,0.3770001,1.0
20260328,returning,30.0,28.0,28.0,2.0,0.0,0.7333333333333333,162.3585853666667,0.26666666666666666
20260416,(not set),30.0,27.0,0.0,0.0,0.0,0.06666666666666667,1.2254920333333332,0.9333333333333333
20260426,(not set),30.0,29.0,0.0,0.0,0.0,0.0,0.21761896666666666,1.0
20260521,(not set),30.0,27.0,0.0,0.0,0.0,0.06666666666666667,0.7461518666666667,0.9333333333333333
20260522,(not set),30.0,22.0,0.0,0.0,0.0,0.0,0.0,1.0
20260603,(not set),30.0,27.0,0.0,0.0,0.0,0.0,0.0,1.0
20260704,returning,30.0,27.0,27.0,1.0,0.0,0.3,73.13411523333335,0.7
20260712,returning,30.0,25.0,25.0,0.0,0.0,0.4,139.2334969,0.6
20260723,(not set),30.0,26.0,0.0,0.0,0.0,0.0,0.0,1.0
20260817,(not set),30.0,20.0,0.0,0.0,0.0,0.0,0.2161881,1.0
20260902,(not set),30.0,23.0,0.0,0.0,0.0,0.0,0.0,1.0
20260121,(not set),29.0,19.0,0.0,0.0,0.0,0.0,0.4893470344827586,1.0
20260202,(not set),29.0,25.0,0.0,0.0,0.0,0.06896551724137931,2.475330482758621,0.9310344827586207
20260410,returning,29.0,27.0,27.0,1.0,0.0,0.4827586206896552,308.5811699310345,0.5172413793103449
20260415,(not set),29.0,28.0,0.0,0.0,0.0,0.034482758620689655,0.8516927241379311,0.9655172413793104
20260419,returning,29.0,26.0,26.0,0.0,0.0,0.4482758620689655,173.9577464827586,0.5517241379310345
20260509,returning,29.0,25.0,25.0,0.0,0.0,0.5172413793103449,107.55515693103449,0.4827586206896552
20260520,(not set),29.0,25.0,0.0,0.0,0.0,0.034482758620689655,2.0097523448275862,0.9655172413793104
20260602,(not set),29.0,27.0,0.0,0.0,0.0,0.034482758620689655,1.1409952758620692,0.9655172413793104
20260626,(not set),29.0,19.0,0.0,0.0,0.0,0.0,0.00748151724137931,1.0
20251201,(not set),28.0,23.0,0.0,0.0,0.0,0.17857142857142858,8.707931142857143,0.8214285714285714
20251204,(not set),28.0,18.0,0.0,0.0,0.0,0.21428571428571427,594.4716791785714,0.7857142857142857
20260116,(not set),28.0,22.0,0.0,0.0,0.0,0.07142857142857142,1.7642215714285714,0.9285714285714286
20260119,(not set),28.0,21.0,0.0,0.0,0.0,0.0,0.33085989285714285,1.0
20260211,(not set),28.0,21.0,0.0,0.0,0.0,0.0,0.0,1.0
20260227,(not set),28.0,26.0,0.0,0.0,0.0,0.0,0.0,1.0
20260308,(not set),28.0,23.0,0.0,0.0,0.0,0.07142857142857142,0.9870373928571429,0.9285714285714286
20260314,(not set),28.0,25.0,0.0,0.0,0.0,0.0,0.23736403571428571,1.0
20260420,returning,28.0,25.0,25.0,0.0,0.0,0.6428571428571429,89.7986534642857,0.35714285714285715
20260513,(not set),28.0,27.0,0.0,0.0,0.0,0.07142857142857142,0.39535603571428574,0.9285714285714286
20260527,(not set),28.0,27.0,0.0,0.0,0.0,0.0,0.38732475,1.0
20260624,(not set),28.0,20.0,0.0,0.0,0.0,0.0,0.7395599285714286,1.0
20260706,(not set),28.0,25.0,0.0,0.0,0.0,0.0,0.0,1.0
20251120,returning,27.0,23.0,23.0,1.0,0.0,0.5185185185185185,187.13620674074076,0.48148148148148145
20251128,(not set),27.0,20.0,0.0,0.0,0.0,0.1111111111111111,17.975961148148148,0.8888888888888888
20251224,returning,27.0,22.0,22.0,3.0,0.0,0.4444444444444444,285.49426170370367,0.5555555555555556
20251226,(not set),27.0,22.0,0.0,0.0,0.0,0.037037037037037035,13.302802407407407,0.9629629629629629
20260104,returning,27.0,24.0,24.0,2.0,0.0,0.5925925925925926,99.33286811111111,0.4074074074074074
20260125,returning,27.0,22.0,22.0,0.0,0.0,0.37037037037037035,107.96191762962962,0.6296296296296297
20260224,(not set),27.0,20.0,0.0,0.0,0.0,0.0,0.0,1.0
20260518,(not set),27.0,25.0,0.0,0.0,0.0,0.037037037037037035,1.3301965185185185,0.9629629629629629
20260530,returning,27.0,25.0,25.0,2.0,0.0,0.6296296296296297,166.94336429629632,0.37037037037037035
20260606,(not set),27.0,26.0,0.0,0.0,0.0,0.07407407407407407,1.0806918518518518,0.9259259259259259
20260611,(not set),27.0,26.0,0.0,0.0,0.0,0.1111111111111111,0.1889083703703704,0.8888888888888888
20260619,(not set),27.0,25.0,0.0,0.0,0.0,0.0,1.2675848148148148,1.0
20260622,(not set),27.0,23.0,0.0,0.0,0.0,0.037037037037037035,1.8068878148148149,0.9629629629629629
20260708,(not set),27.0,24.0,0.0,0.0,0.0,0.0,0.28462048148148145,1.0
20260901,(not set),27.0,15.0,0.0,0.0,0.0,0.037037037037037035,1711.299240962963,0.9629629629629629
20260905,returning,27.0,22.0,22.0,0.0,0.0,0.4444444444444444,4262.548775740741,0.5555555555555556
20251105,(not set),26.0,24.0,0.0,0.0,0.0,0.0,0.0,1.0
20251205,(not set),26.0,19.0,0.0,0.0,0.0,0.23076923076923078,152.68053626923077,0.7692307692307693
20251206,returning,26.0,23.0,23.0,1.0,0.0,0.6538461538461539,122.41758223076924,0.34615384615384615
20260112,(not set),26.0,22.0,0.0,0.0,0.0,0.038461538461538464,1.2775896153846156,0.9615384615384616
20260130,(not set),26.0,22.0,0.0,0.0,0.0,0.0,0.23957534615384615,1.0
20260131,(not set),26.0,23.0,0.0,0.0,0.0,0.0,0.0,1.0
20260203,(not set),26.0,22.0,0.0,0.0,0.0,0.038461538461538464,1.332119346153846,0.9615384615384616
20260208,(not set),26.0,22.0,0.0,0.0,0.0,0.0,0.0,1.0
20260213,(not set),26.0,21.0,0.0,0.0,0.0,0.038461538461538464,0.8953762692307693,0.9615384615384616
20260418,returning,26.0,24.0,24.0,0.0,0.0,0.38461538461538464,40.634938192307686,0.6153846153846154
20260428,(not set),26.0,25.0,0.0,0.0,0.0,0.0,0.48406511538461533,1.0
20260515,(not set),26.0,26.0,0.0,0.0,0.0,0.15384615384615385,35.00985826923077,0.8461538461538461
20260524,returning,26.0,25.0,25.0,0.0,0.0,0.5,65.25192892307692,0.5
20260529,(not set),26.0,22.0,0.0,0.0,0.0,0.07692307692307693,0.046266,0.9230769230769231
20260621,(not set),26.0,22.0,0.0,0.0,0.0,0.038461538461538464,11.4634625,0.9615384615384616
20260623,(not set),26.0,20.0,0.0,0.0,0.0,0.038461538461538464,0.8341851923076924,0.9615384615384616
20260705,returning,26.0,23.0,23.0,0.0,0.0,0.5,166.4099293846154,0.5
20260721,(not set),26.0,20.0,0.0,0.0,0.0,0.0,0.5456438846153846,1.0
20260808,returning,26.0,24.0,24.0,11.0,0.0,0.6538461538461539,198.28583434615382,0.34615384615384615
20260819,(not set),26.0,23.0,0.0,0.0,0.0,0.0,0.0,1.0
20260831,(not set),26.0,20.0,0.0,0.0,0.0,0.038461538461538464,0.7357187692307693,0.9615384615384616
20260907,returning,26.0,20.0,20.0,4.0,0.0,0.46153846153846156,190.3258154615385,0.5384615384615384
20251121,returning,25.0,24.0,24.0,0.0,0.0,0.6,403.73336792000003,0.4
20251230,(not set),25.0,18.0,0.0,0.0,0.0,0.0,0.0,1.0
20260128,(not set),25.0,22.0,0.0,0.0,0.0,0.04,1.13091468,0.96
20260214,(not set),25.0,22.0,0.0,0.0,0.0,0.0,0.6670820000000001,1.0
20260426,returning,25.0,24.0,24.0,2.0,0.0,0.44,60.60673064,0.56
20260517,returning,25.0,24.0,24.0,1.0,0.0,0.44,131.88685016000002,0.56
20260607,(not set),25.0,25.0,0.0,0.0,0.0,0.0,0.16657732,1.0
20260617,(not set),25.0,18.0,0.0,0.0,0.0,0.04,198.70157976,0.96
20260629,(not set),25.0,23.0,0.0,0.0,0.0,0.04,0.6768134,0.96
20260719,returning,25.0,22.0,22.0,0.0,0.0,0.4,75.99379268,0.6
20260826,(not set),25.0,21.0,0.0,4.0,0.0,0.2,226.86491003999998,0.8
20260904,(not set),25.0,18.0,0.0,0.0,0.0,0.0,0.0,1.0
20260908,(not set),25.0,22.0,0.0,0.0,0.0,0.0,0.75025684,1.0
20251220,returning,24.0,22.0,22.0,0.0,0.0,0.5833333333333334,91.86685316666666,0.4166666666666667
20260114,(not set),24.0,22.0,0.0,0.0,0.0,0.041666666666666664,0.7267906666666667,0.9583333333333334
20260123,(not set),24.0,17.0,0.0,0.0,0.0,0.0,0.20841333333333334,1.0
20260429,(not set),24.0,21.0,0.0,0.0,0.0,0.041666666666666664,1.3669549583333334,0.9583333333333334
20260523,returning,24.0,22.0,22.0,0.0,0.0,0.625,125.078811625,0.375
20260604,(not set),24.0,24.0,0.0,0.0,0.0,0.041666666666666664,0.44279904166666667,0.9583333333333334
20260610,(not set),24.0,21.0,0.0,0.0,0.0,0.0,0.08168533333333333,1.0
20260727,(not set),24.0,18.0,0.0,0.0,0.0,0.0,0.3070464583333333,1.0
20260803,(not set),24.0,23.0,0.0,0.0,0.0,0.0,0.6230585000000001,1.0
20260816,returning,24.0,22.0,22.0,1.0,0.0,0.4583333333333333,116.948963,0.5416666666666666
20251203,(not set),23.0,17.0,0.0,0.0,0.0,0.13043478260869565,176.985763,0.8695652173913043
20251228,returning,23.0,22.0,22.0,0.0,0.0,0.391304347826087,134.91298560869564,0.6086956521739131
20260118,(not set),23.0,17.0,0.0,0.0,0.0,0.0,0.0,1.0
20260209,(not set),23.0,22.0,0.0,0.0,0.0,0.043478260869565216,1.781151913043478,0.9565217391304348
20260402,(not set),23.0,22.0,0.0,0.0,0.0,0.0,0.0,1.0
20260408,(not set),23.0,22.0,0.0,0.0,0.0,0.0,0.0,1.0
20260615,(not set),23.0,16.0,0.0,0.0,0.0,0.0,0.0,1.0
20260620,(not set),23.0,21.0,0.0,0.0,0.0,0.043478260869565216,0.8837933043478262,0.9565217391304348
20260804,(not set),23.0,22.0,0.0,0.0,0.0,0.0,0.0885478695652174,1.0
20260903,(not set),23.0,18.0,0.0,0.0,0.0,0.0,0.3242501739130435,1.0
20260909,(not set),23.0,21.0,0.0,0.0,0.0,0.0,0.4551624347826087,1.0
20251116,returning,22.0,22.0,22.0,0.0,0.0,0.6818181818181818,25.217720772727276,0.3181818181818182
20251202,(not set),22.0,20.0,0.0,0.0,0.0,0.18181818181818182,52.144047727272735,0.8181818181818182
20251216,(not set),22.0,19.0,0.0,0.0,0.0,0.09090909090909091,202.21627995454546,0.9090909090909091
20251222,(not set),22.0,19.0,0.0,0.0,0.0,0.0,0.47436790909090915,1.0
20260101,returning,22.0,19.0,19.0,1.0,0.0,0.36363636363636365,82.80662436363637,0.6363636363636364
20260216,(not set),22.0,19.0,0.0,0.0,0.0,0.045454545454545456,0.872231090909091,0.9545454545454546
20260217,(not set),22.0,15.0,0.0,0.0,0.0,0.045454545454545456,49.47249663636364,0.9545454545454546
20260327,(not set),22.0,18.0,0.0,0.0,0.0,0.0,0.23890477272727273,1.0
20260404,returning,22.0,20.0,20.0,0.0,0.0,0.36363636363636365,45.56228045454545,0.6363636363636364
20260427,(not set),22.0,18.0,0.0,0.0,0.0,0.045454545454545456,1.445945409090909,0.9545454545454546
20260612,(not set),22.0,21.0,0.0,0.0,0.0,0.09090909090909091,1.899344318181818,0.9090909090909091
20260709,(not set),22.0,17.0,0.0,0.0,0.0,0.0,0.0,1.0
20260810,(not set),22.0,19.0,0.0,0.0,0.0,0.0,0.0,1.0
20251115,returning,21.0,18.0,18.0,0.0,0.0,0.5238095238095238,81.25157423809524,0.47619047619047616
20251218,(not set),21.0,19.0,0.0,0.0,0.0,0.09523809523809523,2.970504047619048,0.9047619047619048
20260301,(not set),21.0,14.0,0.0,0.0,0.0,0.047619047619047616,0.63988,0.9523809523809523
20260406,(not set),21.0,21.0,0.0,0.0,0.0,0.0,0.0,1.0
20260407,(not set),21.0,20.0,0.0,0.0,0.0,0.047619047619047616,12.38084719047619,0.9523809523809523
20260410,(not set),21.0,18.0,0.0,0.0,0.0,0.0,0.6509840952380953,1.0
20260430,(not set),21.0,19.0,0.0,0.0,0.0,0.0,0.14332371428571428,1.0
20260516,(not set),21.0,21.0,0.0,0.0,0.0,0.0,0.0,1.0
20260616,(not set),21.0,16.0,0.0,0.0,0.0,0.0,0.5725902857142857,1.0
20260713,(not set),21.0,16.0,0.0,0.0,0.0,0.047619047619047616,1.2326139523809525,0.9523809523809523
20251225,(not set),20.0,19.0,0.0,0.0,0.0,0.05,4.272408,0.95
20260201,returning,20.0,14.0,14.0,0.0,0.0,0.4,142.71149595,0.6
20260220,(not set),20.0,16.0,0.0,0.0,0.0,0.05,0.8435193999999999,0.95
20260403,returning,20.0,20.0,20.0,0.0,0.0,0.3,8.7313245,0.7
20260501,(not set),20.0,20.0,0.0,0.0,0.0,0.0,0.0,1.0
20260503,returning,20.0,19.0,19.0,0.0,0.0,0.55,114.11500620000001,0.45
20260506,(not set),20.0,20.0,0.0,0.0,0.0,0.0,0.565734,1.0
20260516,returning,20.0,19.0,19.0,0.0,0.0,0.6,112.62909935,0.4
20260705,(not set),20.0,14.0,0.0,0.0,0.0,0.1,1.5264331,0.9
20260807,(not set),20.0,15.0,0.0,0.0,0.0,0.0,0.26042010000000004,1.0
20260814,(not set),20.0,13.0,0.0,0.0,0.0,0.05,0.62560275,0.95
20260824,(not set),20.0,19.0,0.0,0.0,0.0,0.05,67.32673035,0.95
20260828,(not set),20.0,17.0,0.0,1.0,0.0,0.05,0.61453335,0.95
20251111,(not set),19.0,17.0,0.0,0.0,0.0,0.0,0.7181463157894737,1.0
20251225,returning,19.0,19.0,19.0,0.0,0.0,0.3684210526315789,56.803683368421055,0.631578947368421
20260207,(not set),19.0,19.0,0.0,0.0,0.0,0.0,1.0250929473684212,1.0
20260215,(not set),19.0,17.0,0.0,0.0,0.0,0.0,0.2954371052631579,1.0
20260331,(not set),19.0,13.0,0.0,0.0,0.0,0.05263157894736842,2.565742315789474,0.9473684210526315
20260418,(not set),19.0,18.0,0.0,0.0,0.0,0.10526315789473684,0.674075,0.8947368421052632
20260424,(not set),19.0,19.0,0.0,0.0,0.0,0.0,0.511045947368421,1.0
20260504,(not set),19.0,17.0,0.0,0.0,0.0,0.0,0.3049933157894737,1.0
20260707,(not set),19.0,17.0,0.0,0.0,0.0,0.0,0.0,1.0
20260715,(not set),19.0,14.0,0.0,0.0,0.0,0.05263157894736842,19.652388157894737,0.9473684210526315
20260730,(not set),19.0,15.0,0.0,0.0,0.0,0.0,0.0,1.0
20260821,(not set),19.0,17.0,0.0,0.0,0.0,0.05263157894736842,1.8741425789473682,0.9473684210526315
20251125,(not set),18.0,16.0,0.0,0.0,0.0,0.1111111111111111,16.850719,0.8888888888888888
20251129,(not set),18.0,14.0,0.0,0.0,0.0,0.05555555555555555,3.492538722222222,0.9444444444444444
20260109,(not set),18.0,16.0,0.0,0.0,0.0,0.05555555555555555,16.052588444444446,0.9444444444444444
20260113,(not set),18.0,17.0,0.0,0.0,0.0,0.0,0.8438538888888889,1.0
20260201,(not set),18.0,16.0,0.0,0.0,0.0,0.05555555555555555,1.5516241666666666,0.9444444444444444
20260221,(not set),18.0,16.0,0.0,0.0,0.0,0.0,1.2029014444444444,1.0
20260411,(not set),18.0,14.0,0.0,0.0,0.0,0.05555555555555555,0.9587958333333333,0.9444444444444444
20260505,(not set),18.0,17.0,0.0,0.0,0.0,0.0,0.45111394444444447,1.0
20260507,(not set),18.0,17.0,0.0,0.0,0.0,0.0,0.0,1.0
20260613,returning,18.0,18.0,18.0,7.0,0.0,0.5555555555555556,123.21428838888889,0.4444444444444444
20260717,(not set),18.0,16.0,0.0,0.0,0.0,0.1111111111111111,0.9238156666666666,0.8888888888888888
20260806,(not set),18.0,15.0,0.0,0.0,0.0,0.05555555555555555,0.042646222222222224,0.9444444444444444
20260809,returning,18.0,18.0,18.0,0.0,0.0,0.4444444444444444,52.643487666666665,0.5555555555555556
20260827,(not set),18.0,16.0,0.0,0.0,0.0,0.05555555555555555,4.0033092777777775,0.9444444444444444
20251124,(not set),17.0,14.0,0.0,0.0,0.0,0.0,0.0,1.0
20251208,(not set),17.0,14.0,0.0,0.0,0.0,0.058823529411764705,2.281206,0.9411764705882353
20251210,(not set),17.0,16.0,0.0,0.0,0.0,0.058823529411764705,60.011113470588235,0.9411764705882353
20251227,(not set),17.0,14.0,0.0,0.0,0.0,0.0,0.44033194117647056,1.0
20260102,(not set),17.0,16.0,0.0,0.0,0.0,0.058823529411764705,0.6688662941176471,0.9411764705882353
20260106,(not set),17.0,16.0,0.0,0.0,0.0,0.0,0.0,1.0
20260107,(not set),17.0,14.0,0.0,0.0,0.0,0.0,0.0,1.0
20260425,returning,17.0,17.0,17.0,0.0,0.0,0.4117647058823529,97.14020888235294,0.5882352941176471
20260503,(not set),17.0,17.0,0.0,0.0,0.0,0.0,0.00614235294117647,1.0
20260625,(not set),17.0,15.0,0.0,0.0,0.0,0.058823529411764705,0.0021968823529411765,0.9411764705882353
20260627,(not set),17.0,15.0,0.0,0.0,0.0,0.0,0.5252554117647059,1.0
20260628,(not set),17.0,16.0,0.0,0.0,0.0,0.0,0.37911500000000004,1.0
20260701,(not set),17.0,16.0,0.0,0.0,0.0,0.058823529411764705,0.008040411764705883,0.9411764705882353
20260712,(not set),17.0,16.0,0.0,0.0,0.0,0.0,0.30770441176470587,1.0
20260714,(not set),17.0,15.0,0.0,0.0,0.0,0.0,0.0030981764705882353,1.0
20260729,(not set),17.0,14.0,0.0,0.0,0.0,0.0,0.0,1.0
20251223,(not set),16.0,12.0,0.0,0.0,0.0,0.0,0.0,1.0
20251228,(not set),16.0,15.0,0.0,0.0,0.0,0.0,0.4928349375,1.0
20260101,(not set),16.0,13.0,0.0,0.0,0.0,0.0,0.0,1.0
20260103,(not set),16.0,15.0,0.0,0.0,0.0,0.0,0.0,1.0
20260117,(not set),16.0,15.0,0.0,0.0,0.0,0.0625,1.3224570625,0.9375
20260122,(not set),16.0,15.0,0.0,0.0,0.0,0.0,0.0,1.0
20260409,(not set),16.0,13.0,0.0,0.0,0.0,0.0,0.0,1.0
20260417,(not set),16.0,16.0,0.0,0.0,0.0,0.0625,0.43665156250000003,0.9375
20260419,(not set),16.0,15.0,0.0,0.0,0.0,0.1875,62.51812175,0.8125
20260508,(not set),16.0,16.0,0.0,0.0,0.0,0.0,0.0,1.0
20260613,(not set),16.0,14.0,0.0,0.0,0.0,0.0,0.3151699375,1.0
20260716,(not set),16.0,15.0,0.0,0.0,0.0,0.0,0.620895125,1.0
20260720,(not set),16.0,16.0,0.0,0.0,0.0,0.0,0.5224398125,1.0
20260722,(not set),16.0,16.0,0.0,0.0,0.0,0.0,0.0,1.0
20260724,(not set),16.0,14.0,0.0,0.0,0.0,0.0,0.5207210625,1.0
20260808,(not set),16.0,16.0,0.0,0.0,0.0,0.0,0.44397725,1.0
20260811,(not set),16.0,15.0,0.0,0.0,0.0,0.0,0.4094646875,1.0
20260812,(not set),16.0,15.0,0.0,0.0,0.0,0.0,0.4364899375,1.0
20260830,returning,16.0,15.0,15.0,1.0,0.0,0.5625,70.10740162500001,0.4375
20251127,(not set),15.0,13.0,0.0,0.0,0.0,0.0,1.0628537333333332,1.0
20251207,(not set),15.0,12.0,0.0,0.0,0.0,0.4,542.8858908,0.6
20251209,(not set),15.0,14.0,0.0,0.0,0.0,0.13333333333333333,209.1403716,0.8666666666666667
20251215,(not set),15.0,14.0,0.0,0.0,0.0,0.13333333333333333,2.1110987333333333,0.8666666666666667
20251221,(not set),15.0,13.0,0.0,0.0,0.0,0.06666666666666667,14980.977907666667,0.9333333333333333
20260110,(not set),15.0,14.0,0.0,0.0,0.0,0.06666666666666667,0.7079555333333333,0.9333333333333333
20260412,(not set),15.0,15.0,0.0,0.0,0.0,0.0,0.0,1.0
20260420,(not set),15.0,15.0,0.0,0.0,0.0,0.0,0.6122135333333334,1.0
20260425,(not set),15.0,15.0,0.0,0.0,0.0,0.0,1.1890468666666665,1.0
20260502,(not set),15.0,14.0,0.0,0.0,0.0,0.0,0.0,1.0
20260630,(not set),15.0,13.0,0.0,0.0,0.0,0.0,0.0,1.0
20260702,(not set),15.0,12.0,0.0,0.0,0.0,0.0,0.0011232666666666667,1.0
20260813,(not set),15.0,14.0,0.0,0.0,0.0,0.0,0.0,1.0
20260823,returning,15.0,11.0,11.0,0.0,0.0,0.26666666666666666,49.978939266666664,0.7333333333333333
20260829,returning,15.0,12.0,12.0,3.0,0.0,0.3333333333333333,113.72041133333333,0.6666666666666666
20251130,(not set),14.0,9.0,0.0,0.0,0.0,0.14285714285714285,238.12517857142853,0.8571428571428571
20251214,(not set),14.0,11.0,0.0,0.0,0.0,0.21428571428571427,270.6124595714286,0.7857142857142857
20251217,(not set),14.0,13.0,0.0,0.0,0.0,0.07142857142857142,1.8750026428571427,0.9285714285714286
20251229,(not set),14.0,14.0,0.0,0.0,0.0,0.0,1.1388997857142857,1.0
20260222,(not set),14.0,11.0,0.0,0.0,0.0,0.0,0.0,1.0
20260401,(not set),14.0,13.0,0.0,0.0,0.0,0.0,0.0,1.0
20260511,(not set),14.0,13.0,0.0,0.0,0.0,0.07142857142857142,113.18384757142857,0.9285714285714286
20260530,(not set),14.0,14.0,0.0,0.0,0.0,0.0,0.0,1.0
20260531,(not set),14.0,14.0,0.0,0.0,0.0,0.0,0.0,1.0
20260710,(not set),14.0,13.0,0.0,0.0,0.0,0.0,0.7110026428571429,1.0
20260711,(not set),14.0,12.0,0.0,0.0,0.0,0.14285714285714285,1.4530422142857142,0.8571428571428571
20260818,(not set),14.0,13.0,0.0,0.0,0.0,0.07142857142857142,1.0791650714285714,0.9285714285714286
20251112,(not set),13.0,12.0,0.0,0.0,0.0,0.0,1.749178076923077,1.0
20251114,(not set),13.0,11.0,0.0,0.0,0.0,0.0,0.8571000000000001,1.0
20251117,(not set),13.0,11.0,0.0,0.0,0.0,0.0,1.0464470000000001,1.0
20260111,(not set),13.0,13.0,0.0,0.0,0.0,0.0,0.380843,1.0
20260125,(not set),13.0,12.0,0.0,0.0,0.0,0.0,0.0,1.0
20260704,(not set),13.0,12.0,0.0,0.0,0.0,0.0,0.0,1.0
20260802,(not set),13.0,10.0,0.0,0.0,0.0,0.07692307692307693,6.539850692307692,0.9230769230769231
20251118,(not set),12.0,11.0,0.0,0.0,0.0,0.0,0.0,1.0
20251122,returning,12.0,12.0,12.0,0.0,0.0,0.4166666666666667,231.67411916666666,0.5833333333333334
20251206,(not set),12.0,11.0,0.0,0.0,0.0,0.0,1.3982356666666667,1.0
20251212,(not set),12.0,9.0,0.0,0.0,0.0,0.08333333333333333,4.684565666666667,0.9166666666666666
20251219,(not set),12.0,11.0,0.0,0.0,0.0,0.0,0.43998591666666664,1.0
20260105,(not set),12.0,12.0,0.0,0.0,0.0,0.0,0.0,1.0
20260108,(not set),12.0,10.0,0.0,0.0,0.0,0.0,0.0,1.0
20260404,(not set),12.0,11.0,0.0,0.0,0.0,0.0,1.5028860833333333,1.0
20260703,(not set),12.0,12.0,0.0,0.0,0.0,0.0,0.0,1.0
20260822,(not set),12.0,10.0,0.0,0.0,0.0,0.0,0.0,1.0
20251123,(not set),11.0,10.0,0.0,0.0,0.0,0.0,0.0,1.0
20251126,(not set),11.0,9.0,0.0,0.0,0.0,0.0,0.5199331818181818,1.0
20251231,returning,11.0,11.0,11.0,1.0,0.0,0.36363636363636365,195.7995109090909,0.6363636363636364
20260405,(not set),11.0,11.0,0.0,0.0,0.0,0.0,0.7237149090909091,1.0
20260718,(not set),11.0,10.0,0.0,0.0,0.0,0.09090909090909091,2.293051090909091,0.9090909090909091
20260725,(not set),11.0,11.0,0.0,0.0,0.0,0.0,0.0,1.0
20260801,(not set),11.0,11.0,0.0,0.0,0.0,0.0,0.0,1.0
20260809,(not set),11.0,10.0,0.0,0.0,0.0,0.0,1.2214095454545453,1.0
20251113,(not set),10.0,10.0,0.0,0.0,0.0,0.0,0.0,1.0
20251116,(not set),10.0,10.0,0.0,0.0,0.0,0.0,0.22806310000000002,1.0
20251121,(not set),10.0,9.0,0.0,0.0,0.0,0.0,0.0,1.0
20251220,(not set),10.0,10.0,0.0,0.0,0.0,0.0,0.0,1.0
20251224,(not set),10.0,9.0,0.0,0.0,0.0,0.1,25.9904764,0.9
20251231,(not set),10.0,8.0,0.0,0.0,0.0,0.0,0.0,1.0
20260104,(not set),10.0,10.0,0.0,0.0,0.0,0.0,0.47975019999999996,1.0
20260805,(not set),10.0,10.0,0.0,0.0,0.0,0.0,0.6668638,1.0
20260816,(not set),10.0,10.0,0.0,0.0,0.0,0.0,0.0,1.0
20260823,(not set),10.0,9.0,0.0,0.0,0.0,0.1,0.6489524,0.9
20260830,(not set),10.0,8.0,0.0,0.0,0.0,0.0,0.0,1.0
20260907,(not set),10.0,9.0,0.0,0.0,0.0,0.0,0.0,1.0
20251119,(not set),9.0,7.0,0.0,0.0,0.0,0.0,0.0,1.0
20251122,(not set),9.0,9.0,0.0,0.0,0.0,0.1111111111111111,1.5915733333333333,0.8888888888888888
20251211,(not set),9.0,7.0,0.0,0.0,0.0,0.0,6928.308325,1.0
20260328,(not set),9.0,9.0,0.0,0.0,0.0,0.1111111111111111,2649.236399222222,0.8888888888888888
20260329,(not set),9.0,9.0,0.0,0.0,0.0,0.0,0.0,1.0
20260330,(not set),9.0,9.0,0.0,0.0,0.0,0.0,0.7536777777777778,1.0
20260510,(not set),9.0,9.0,0.0,0.0,0.0,0.0,0.17443744444444442,1.0
20260614,(not set),9.0,7.0,0.0,0.0,0.0,0.0,0.0,1.0
20260728,(not set),9.0,8.0,0.0,0.0,0.0,0.0,0.0,1.0
20251213,(not set),8.0,8.0,0.0,0.0,0.0,0.125,129.84323225,0.875
20260719,(not set),8.0,7.0,0.0,0.0,0.0,0.0,0.0,1.0
20260905,(not set),8.0,6.0,0.0,0.0,0.0,0.0,0.0,1.0
20260403,(not set),7.0,7.0,0.0,0.0,0.0,0.0,0.8542885714285714,1.0
20260509,(not set),7.0,7.0,0.0,0.0,0.0,0.0,0.0,1.0
20260815,(not set),7.0,7.0,0.0,0.0,0.0,0.0,0.9475884285714286,1.0
20260906,(not set),7.0,6.0,0.0,0.0,0.0,0.0,0.0,1.0
20251120,(not set),6.0,6.0,0.0,0.0,0.0,0.0,0.0,1.0
20260726,(not set),6.0,6.0,0.0,0.0,0.0,0.0,0.0,1.0
20260829,(not set),6.0,6.0,0.0,1.0,0.0,0.3333333333333333,5.465853333333333,0.6666666666666666
20251115,(not set),5.0,5.0,0.0,0.0,0.0,0.0,1.455238,1.0
20260326,(not set),5.0,5.0,0.0,0.0,0.0,0.0,0.0,1.0
