date,device,cliques,impressoes,ctr,posicao
2025-01-06,MOBILE,282,5651,0.04990267209343479,8.751725358343656
2025-01-05,MOBILE,193,5454,0.035386872020535386,8.903923725705905
2025-01-10,MOBILE,179,8215,0.02178940961655508,7.762629336579428
2025-01-06,DESKTOP,152,1601,0.09494066208619613,16.51842598376015
2025-01-07,MOBILE,150,4945,0.030333670374115267,8.83680485338726
2025-01-09,MOBILE,149,9655,0.015432418436043501,7.896323148627654
2025-01-08,MOBILE,141,9940,0.014185110663983903,7.917203219315895
2024-12-23,MOBILE,135,6275,0.02151394422310757,9.153306772908367
2024-12-26,MOBILE,133,6643,0.020021074815595362,8.997139846454914
2025-01-02,MOBILE,126,6018,0.020937188434695914,9.701063476237954
2024-12-22,MOBILE,125,6143,0.02034836399153508,9.444408269575126
2025-01-08,DESKTOP,116,2262,0.05128205128205128,11.244916003536693
2025-01-03,MOBILE,115,4745,0.02423603793466807,8.949209694415174
2025-01-10,DESKTOP,115,1836,0.06263616557734204,10.684640522875817
2026-01-15,MOBILE,115,4047,0.02841611069928342,7.124536693847294
2025-01-09,DESKTOP,114,2293,0.04971652856519843,9.011774967291757
2025-01-07,DESKTOP,111,1444,0.07686980609418283,14.628116343490305
2025-01-16,MOBILE,111,7245,0.015320910973084885,8.388681849551414
2025-01-04,MOBILE,110,4850,0.02268041237113402,9.216082474226804
2025-01-17,MOBILE,109,9637,0.011310573830030092,8.464252360693163
2024-12-30,MOBILE,104,6472,0.016069221260815822,9.318294190358467
2024-12-24,MOBILE,103,5573,0.018481966624798132,9.922124528979007
2026-01-11,MOBILE,103,4863,0.021180341353074235,7.072794571252313
2025-01-11,MOBILE,102,12837,0.007945781724702033,7.7195606450105165
2024-12-15,MOBILE,101,5061,0.019956530329974312,9.371270499901206
2025-06-15,MOBILE,100,5639,0.017733640716439084,8.929242773541407
2025-01-19,MOBILE,99,9220,0.010737527114967463,8.245770065075922
2026-01-15,DESKTOP,98,2136,0.04588014981273408,8.588951310861423
2025-04-12,MOBILE,94,4618,0.020355132091814637,10.376353399740147
2026-01-14,DESKTOP,94,2118,0.044381491973559964,8.38385269121813
2025-12-22,MOBILE,92,5645,0.016297608503100088,7.34207263064659
2024-12-08,MOBILE,91,5237,0.017376360511743363,9.971166698491503
2024-12-20,MOBILE,91,4309,0.02111858899976793,9.543745648642377
2024-12-28,MOBILE,91,5676,0.01603241719520789,9.621564482029598
2025-01-18,MOBILE,91,8672,0.010493542435424354,8.073108856088561
2024-12-19,MOBILE,90,4214,0.021357380161366873,9.27266255339345
2025-12-30,MOBILE,90,5575,0.016143497757847534,7.096143497757848
2024-12-27,MOBILE,87,5041,0.017258480460226145,9.697480658599485
2025-06-02,MOBILE,87,4062,0.02141802067946824,8.691038897095027
2025-12-23,MOBILE,86,5418,0.015873015873015872,7.032115171650055
2025-12-02,DESKTOP,84,1961,0.04283528811830699,7.74604793472718
2025-12-20,MOBILE,84,4731,0.017755231452124286,7.110336081166772
2025-12-26,MOBILE,84,5167,0.016257015676407974,7.052061157344688
2026-01-13,MOBILE,84,3666,0.022913256955810146,7.442716857610475
2026-01-16,DESKTOP,84,2067,0.040638606676342524,9.012094823415579
2025-01-28,DESKTOP,83,1578,0.052598225602027884,10.919518377693283
2026-01-10,MOBILE,83,4631,0.017922694882314835,7.115741740444828
2026-01-16,MOBILE,83,4295,0.019324796274738067,7.262398137369034
2024-12-31,MOBILE,81,4913,0.01648687156523509,9.876450234072868
2025-01-15,MOBILE,81,4618,0.017540060632308358,8.06453009961022
2025-12-14,MOBILE,81,4544,0.017825704225352113,7.252420774647887
2026-01-12,DESKTOP,81,2279,0.03554190434401053,8.109697235629662
2025-01-01,MOBILE,79,6083,0.012987012987012988,9.404241328291961
2025-01-13,DESKTOP,79,1604,0.049251870324189526,9.520573566084789
2025-12-08,DESKTOP,79,1903,0.04151339989490278,7.921177088807147
2026-01-14,MOBILE,79,4161,0.018985820716173996,8.20620043258832
2024-12-16,DESKTOP,78,2257,0.034559149313247675,23.666371289322107
2024-12-25,MOBILE,78,7268,0.01073197578425977,9.509906439185471
2024-12-29,MOBILE,78,6099,0.01278898180029513,9.34054763075914
2025-02-10,DESKTOP,78,1788,0.0436241610738255,16.753914988814316
2025-11-24,DESKTOP,78,1736,0.044930875576036866,7.349654377880184
2026-01-12,MOBILE,78,4106,0.018996590355577204,7.363614223088164
2024-12-21,MOBILE,77,5244,0.014683447749809305,9.17581998474447
2025-01-16,DESKTOP,77,1762,0.04370034052213394,8.317820658342793
2025-04-28,DESKTOP,77,1793,0.04294478527607362,14.359174567763525
2025-01-14,DESKTOP,76,1622,0.0468557336621455,9.730579531442663
2025-04-03,DESKTOP,76,1311,0.057971014492753624,13.310450038138825
2025-06-16,MOBILE,74,3832,0.019311064718162838,10.544885177453027
2025-12-21,MOBILE,74,5519,0.013408226127921726,6.950715709367639
2025-01-12,MOBILE,73,5346,0.013655069210624766,8.312196034418257
2025-12-01,DESKTOP,73,1912,0.038179916317991634,7.510983263598327
2025-12-24,MOBILE,73,4793,0.015230544544126852,7.04652618401836
2025-12-28,MOBILE,73,4952,0.01474151857835218,7.188408723747981
2024-12-09,MOBILE,72,3565,0.020196353436185133,10.026928471248247
2025-06-16,DESKTOP,72,2579,0.02791779759596743,18.46956184567662
2025-06-17,DESKTOP,72,2085,0.034532374100719423,14.973141486810551
2025-08-25,DESKTOP,71,2101,0.033793431699190864,10.940028557829605
2026-01-06,DESKTOP,71,1944,0.03652263374485597,7.776748971193416
2024-12-18,MOBILE,70,4393,0.01593444115638516,9.13089005235602
2025-01-13,MOBILE,70,4317,0.016214964095436647,8.554551772063935
2025-01-27,DESKTOP,70,1559,0.04490057729313662,11.479153303399615
2025-02-12,DESKTOP,70,1871,0.03741314804917156,14.235168359166222
2025-07-28,DESKTOP,70,2032,0.0344488188976378,11.965059055118111
2025-07-29,DESKTOP,70,2212,0.03164556962025317,11.517631103074141
2024-12-09,DESKTOP,69,1430,0.04825174825174825,16.05734265734266
2025-02-02,MOBILE,69,7955,0.008673790069138907,8.386675047140162
2025-02-19,DESKTOP,69,1687,0.04090100770598696,12.350326022525193
2026-01-02,MOBILE,69,4544,0.015184859154929578,7.21368838028169
2026-01-04,MOBILE,69,4685,0.014727854855923159,7.287513340448239
2024-12-16,MOBILE,68,4223,0.01610229694529955,9.496329623490409
2024-12-17,MOBILE,68,4146,0.016401350699469366,9.451278340569223
2025-01-02,DESKTOP,68,1591,0.04274041483343809,18.204274041483345
2025-05-10,MOBILE,68,5736,0.011854951185495118,9.25087168758717
2025-06-18,MOBILE,68,3678,0.018488308863512777,8.81131049483415
2025-10-07,DESKTOP,68,1374,0.049490538573508006,7.471615720524017
2026-01-09,MOBILE,68,3608,0.018847006651884702,7.6662971175166295
2025-01-21,DESKTOP,67,1553,0.043142305215711524,10.951706374758531
2025-01-30,DESKTOP,67,1217,0.05505341002465078,12.566146261298275
2025-11-10,DESKTOP,67,1574,0.042566709021601014,7.139135959339263
2025-12-09,DESKTOP,67,1839,0.03643284393692224,8.376291462751496
2024-12-14,MOBILE,66,4753,0.013885966757837155,10.029875867872923
2025-01-25,MOBILE,66,8943,0.007380073800738007,7.757687576875769
2025-02-25,DESKTOP,66,1530,0.043137254901960784,11.799346405228759
2025-05-15,DESKTOP,66,1502,0.043941411451398134,11.639813581890813
2025-05-22,DESKTOP,66,1478,0.044654939106901215,11.583897158322056
2025-06-14,MOBILE,66,5243,0.012588212855235552,8.997520503528515
2025-06-23,DESKTOP,66,1921,0.03435710567412806,14.44195731389901
2026-01-08,MOBILE,66,3600,0.018333333333333333,7.325
2024-12-12,MOBILE,65,3217,0.020205160087037613,10.416537146409699
2025-01-29,DESKTOP,65,1277,0.05090054815974941,12.38371182458888
2025-05-29,DESKTOP,65,1707,0.038078500292911543,14.551845342706503
2025-08-11,DESKTOP,65,1782,0.03647586980920314,12.075757575757576
2026-01-13,DESKTOP,65,2134,0.030459231490159326,8.43955014058107
2024-12-07,MOBILE,64,4859,0.013171434451533237,10.14426836797695
2025-01-22,DESKTOP,64,1149,0.0557006092254134,12.542210617928633
2025-03-24,DESKTOP,64,1541,0.04153147306943543,12.528877352368593
2025-04-24,DESKTOP,64,1573,0.040686586141131596,12.554990464081373
2025-07-22,DESKTOP,64,2064,0.031007751937984496,11.199612403100776
2025-08-07,DESKTOP,64,1922,0.03329864724245578,14.45369406867846
2025-12-16,MOBILE,64,3945,0.016223067173637515,7.229657794676806
2026-01-03,MOBILE,64,4460,0.014349775784753363,7.132286995515695
2025-01-28,MOBILE,63,7337,0.008586615783017582,7.977920130843669
2025-03-17,DESKTOP,63,1609,0.03915475450590429,10.130515848353014
2025-05-13,DESKTOP,63,1452,0.04338842975206612,11.465564738292011
2025-05-18,MOBILE,63,5170,0.01218568665377176,8.497678916827853
2025-08-14,DESKTOP,63,1792,0.03515625,12.413504464285714
2025-12-08,MOBILE,63,2992,0.021056149732620322,7.3786764705882355
2024-12-10,DESKTOP,62,1409,0.0440028388928318,16.15400993612491
2024-12-23,DESKTOP,62,1257,0.049323786793953855,13.877486077963406
2025-05-28,DESKTOP,62,2122,0.029217719132893498,20.851555136663524
2025-10-09,DESKTOP,62,1315,0.04714828897338403,7.377946768060837
2025-12-07,MOBILE,62,3739,0.016581973789783364,7.221182134260498
2025-01-14,MOBILE,61,4429,0.013772860690900881,8.230526078121471
2025-01-29,MOBILE,61,4649,0.01312110131211013,8.94149279414928
2025-04-09,DESKTOP,61,1681,0.0362879238548483,18.024390243902438
2025-04-13,MOBILE,61,4852,0.012572135201978566,10.521228359439407
2025-05-21,DESKTOP,61,1407,0.0433546552949538,11.302771855010661
2025-09-01,DESKTOP,61,1946,0.03134635149023638,14.199383350462487
2025-09-17,DESKTOP,61,1328,0.04593373493975904,7.72289156626506
2025-12-17,MOBILE,61,3929,0.015525579027742428,7.0389412064138455
2025-02-04,DESKTOP,60,1640,0.036585365853658534,12.196951219512195
2025-02-04,MOBILE,60,6367,0.009423590387937804,8.300769593215016
2025-02-26,DESKTOP,60,1619,0.03705991352686844,11.838789376158122
2025-03-19,DESKTOP,60,1847,0.03248511099079589,13.33838657282079
2025-05-12,DESKTOP,60,1616,0.03712871287128713,11.519183168316832
2025-06-07,MOBILE,60,7181,0.008355382258738338,9.839019635148308
2025-06-12,MOBILE,60,4245,0.014134275618374558,9.23698468786808
2025-06-20,MOBILE,60,4660,0.012875536480686695,8.53519313304721
2025-07-03,MOBILE,60,3392,0.01768867924528302,9.13502358490566
2025-08-12,DESKTOP,60,2080,0.028846153846153848,12.570673076923077
2025-08-19,DESKTOP,60,1801,0.03331482509716824,12.420322043309273
2025-08-25,MOBILE,60,3591,0.01670843776106934,8.460595934280144
2025-08-26,DESKTOP,60,2107,0.028476506881822496,10.387755102040817
2025-09-01,MOBILE,60,4644,0.012919896640826873,8.64448751076658
2025-11-23,MOBILE,60,4049,0.014818473697209187,7.142998271178069
2025-12-13,MOBILE,60,4045,0.014833127317676144,7.375772558714463
2026-03-17,DESKTOP,60,1460,0.0410958904109589,8.195890410958903
2025-01-15,DESKTOP,59,1528,0.03861256544502618,9.054319371727749
2025-02-11,DESKTOP,59,1609,0.036668738346799255,12.062150403977626
2025-05-26,DESKTOP,59,2150,0.02744186046511628,19.746511627906976
2025-07-02,DESKTOP,59,2119,0.02784332232184993,12.977347805568664
2025-07-08,DESKTOP,59,1623,0.036352433764633395,13.431916204559458
2025-08-01,MOBILE,59,4718,0.012505298855447223,8.590928359474354
2025-11-24,MOBILE,59,2813,0.020974049057945254,7.012797724848916
2025-12-02,MOBILE,59,2974,0.01983860121049092,7.256220578345663
2026-01-01,MOBILE,59,4783,0.012335354380096175,7.190466234580807
2026-02-24,DESKTOP,59,1653,0.03569267997580157,9.039927404718693
2025-01-20,DESKTOP,58,1368,0.04239766081871345,14.003654970760234
2025-01-22,MOBILE,58,4515,0.012846068660022148,8.26622369878184
2025-01-27,MOBILE,58,6347,0.009138175515991807,7.940759413896329
2025-02-14,DESKTOP,58,1795,0.03231197771587744,17.179944289693594
2025-04-10,DESKTOP,58,1399,0.04145818441744103,15.05360972122945
2025-04-23,DESKTOP,58,1563,0.037108125399872044,19.51567498400512
2025-05-07,DESKTOP,58,1964,0.029531568228105907,19.121690427698574
2025-05-27,MOBILE,58,3719,0.015595590212422693,9.17639150309223
2025-06-12,DESKTOP,58,2384,0.024328859060402684,11.204278523489933
2025-06-17,MOBILE,58,3460,0.01676300578034682,9.840173410404624
2025-07-21,DESKTOP,58,2070,0.028019323671497585,10.289371980676329
2025-08-04,DESKTOP,58,1787,0.032456631225517625,12.627867935086737
2025-08-18,DESKTOP,58,1628,0.03562653562653563,11.632678132678132
2025-09-22,DESKTOP,58,1236,0.04692556634304207,6.839805825242719
2025-09-23,DESKTOP,58,1282,0.0452418096723869,7.2932917316692665
2025-10-17,DESKTOP,58,1339,0.043315907393577296,7.714712471994026
2025-12-15,DESKTOP,58,1985,0.029219143576826197,7.824181360201512
2025-12-15,MOBILE,58,3931,0.01475451539048588,7.356397863139151
2025-12-19,MOBILE,58,4005,0.014481897627965043,7.283645443196005
2025-12-29,MOBILE,58,5841,0.009929806539976032,7.331621297722992
2026-03-12,DESKTOP,58,1429,0.04058782365290413,8.351994401679496
2024-12-17,DESKTOP,57,1359,0.04194260485651214,13.546725533480501
2025-01-23,MOBILE,57,7363,0.007741409751460003,8.070759201412468
2025-02-18,DESKTOP,57,1744,0.03268348623853211,12.02637614678899
2025-03-10,DESKTOP,57,1706,0.03341148886283705,12.219226260257914
2025-03-12,DESKTOP,57,1863,0.030595813204508857,10.500268384326356
2025-05-04,MOBILE,57,5445,0.01046831955922865,9.262626262626263
2025-05-14,DESKTOP,57,1439,0.03961084086170952,12.50034746351633
2025-07-15,DESKTOP,57,1552,0.03672680412371134,12.619201030927835
2025-12-18,MOBILE,57,4184,0.013623326959847037,7.1909655831739965
2026-01-29,DESKTOP,57,1834,0.031079607415485277,9.227371864776446
2026-03-24,DESKTOP,57,1799,0.03168426903835464,7.928849360755976
2025-04-01,DESKTOP,56,1316,0.0425531914893617,12.145896656534955
2025-06-05,MOBILE,56,5285,0.010596026490066225,8.284200567644277
2025-08-20,DESKTOP,56,1652,0.03389830508474576,10.580508474576272
2025-08-26,MOBILE,56,3237,0.017299969107198023,8.419215322829782
2025-08-28,DESKTOP,56,2323,0.02410675850193715,18.287128712871286
2025-09-04,MOBILE,56,4821,0.011615847334577888,9.942750466708151
2025-10-18,MOBILE,56,3305,0.016944024205748864,7.687443267776096
2025-11-26,DESKTOP,56,1714,0.03267211201866978,8.093348891481913
2026-01-06,MOBILE,56,3948,0.014184397163120567,7.156788247213779
2026-01-07,DESKTOP,56,1880,0.029787234042553193,7.798936170212766
2026-01-21,MOBILE,56,4124,0.013579049466537343,7.716779825412221
2025-01-21,MOBILE,55,7651,0.007188602797019997,8.008234217749314
2025-02-06,DESKTOP,55,1854,0.0296655879180151,13.089536138079827
2025-02-23,MOBILE,55,7718,0.007126198497019953,8.269370303187355
2025-03-18,DESKTOP,55,2425,0.02268041237113402,19.704742268041237
2025-03-31,DESKTOP,55,1728,0.031828703703703706,10.46238425925926
2025-04-03,MOBILE,55,3297,0.01668183196845617,9.653927813163483
2025-04-11,DESKTOP,55,1475,0.03728813559322034,17.671186440677968
2025-05-30,DESKTOP,55,1683,0.032679738562091505,13.972667855020797
2025-06-03,MOBILE,55,3844,0.014308012486992715,8.523413111342352
2025-06-23,MOBILE,55,3394,0.016205067766647024,8.255450795521508
2025-06-29,MOBILE,55,4890,0.011247443762781187,9.006748466257669
2025-07-16,DESKTOP,55,1392,0.039511494252873564,13.091954022988507
2025-08-05,DESKTOP,55,1969,0.027932960893854747,12.678517013712545
2025-08-10,MOBILE,55,4865,0.011305241521068859,8.83103802672148
2025-08-29,MOBILE,55,3772,0.014581124072110286,9.689554612937433
2025-09-02,DESKTOP,55,1847,0.02977801840822956,13.742284786139686
2025-11-03,DESKTOP,55,1518,0.036231884057971016,7.618577075098814
2025-11-25,DESKTOP,55,1635,0.03363914373088685,7.681957186544342
2025-11-27,DESKTOP,55,1691,0.03252513305736251,7.672383205204022
2025-12-03,MOBILE,55,2644,0.0208018154311649,7.315052950075643
2025-12-05,MOBILE,55,2930,0.01877133105802048,7.356313993174061
2024-12-13,MOBILE,54,3353,0.016104980614375188,10.160751565762004
2024-12-26,DESKTOP,54,1316,0.041033434650455926,16.719604863221882
2025-01-20,MOBILE,54,4824,0.011194029850746268,9.060530679933665
2025-03-25,DESKTOP,54,1510,0.03576158940397351,12.29271523178808
2025-04-08,DESKTOP,54,1662,0.032490974729241874,17.280385078219012
2025-05-06,DESKTOP,54,1640,0.032926829268292684,12.158536585365853
2025-06-09,MOBILE,54,4388,0.012306289881494986,9.088650865998178
2025-06-13,MOBILE,54,4044,0.013353115727002967,9.025222551928783
2025-07-30,MOBILE,54,4758,0.011349306431273645,8.417822614543926
2025-08-09,MOBILE,54,5684,0.009500351864883884,8.716924700914849
2025-09-24,DESKTOP,54,1260,0.04285714285714286,7.393650793650794
2025-09-27,MOBILE,54,3523,0.01532784558614817,8.203235878512631
2025-10-22,DESKTOP,54,1488,0.036290322580645164,6.505376344086022
2025-10-31,DESKTOP,54,1343,0.040208488458674606,8.846612062546537
2025-11-11,DESKTOP,54,1525,0.03540983606557377,7.120655737704918
2025-12-01,MOBILE,54,3094,0.017453135100193924,7.050096961861668
2025-12-10,DESKTOP,54,1745,0.030945558739255013,8.248710601719198
2026-02-03,DESKTOP,54,1774,0.030439684329199548,8.06651634723788
2024-12-10,MOBILE,53,3473,0.015260581629714944,10.61243881370573
2024-12-12,DESKTOP,53,1270,0.04173228346456693,17.29527559055118
2025-01-03,DESKTOP,53,1189,0.044575273338940284,17.36753574432296
2025-02-20,MOBILE,53,4799,0.011043967493227756,8.446759741612837
2025-05-13,MOBILE,53,4266,0.012423816221284576,8.127051101734647
2025-05-17,MOBILE,53,5108,0.010375880971025842,8.406421299921693
2025-05-20,DESKTOP,53,1702,0.031139835487661575,16.83666274970623
2025-06-03,DESKTOP,53,1954,0.02712384851586489,12.096212896622314
2025-06-19,MOBILE,53,5688,0.009317862165963432,8.786040787623065
2025-08-02,MOBILE,53,5470,0.009689213893967093,8.406398537477148
2025-08-28,MOBILE,53,3805,0.01392904073587385,9.775295663600525
2025-09-10,MOBILE,53,3017,0.01756711965528671,9.44050381173351
2025-10-04,MOBILE,53,3721,0.014243482934694974,8.196452566514377
2025-11-22,MOBILE,53,4180,0.012679425837320573,7.281578947368421
2025-11-28,DESKTOP,53,1753,0.030233884768967486,7.840273816314888
2025-11-29,MOBILE,53,3406,0.015560775102759836,6.805343511450381
2025-12-04,DESKTOP,53,1669,0.03175554224086279,8.05092869982025
2025-12-25,MOBILE,53,4731,0.01120270555907842,6.967448742337772
2025-12-27,MOBILE,53,4566,0.011607533946561542,7.272229522558038
2024-12-06,MOBILE,52,3307,0.01572422134865437,10.540368914423949
2024-12-19,DESKTOP,52,1606,0.0323785803237858,12.9906600249066
2025-03-18,MOBILE,52,4714,0.01103097157403479,8.679677556215529
2025-04-19,MOBILE,52,5984,0.008689839572192513,9.977774064171124
2025-05-02,MOBILE,52,5044,0.010309278350515464,9.648691514670896
2025-06-28,MOBILE,52,4756,0.010933557611438183,8.848191757779647
2025-07-07,DESKTOP,52,1636,0.03178484107579462,12.754889975550123
2025-07-14,DESKTOP,52,1469,0.035398230088495575,12.368958475153166
2025-08-24,MOBILE,52,4982,0.010437575270975512,8.38077077478924
2025-09-29,DESKTOP,52,1311,0.03966437833714721,7.545385202135774
2025-10-12,MOBILE,52,3888,0.013374485596707819,7.969650205761317
2025-11-15,MOBILE,52,4525,0.01149171270718232,7.331491712707182
2025-11-30,MOBILE,52,3860,0.013471502590673576,6.923056994818653
2025-12-06,MOBILE,52,3750,0.013866666666666666,7.4210666666666665
2026-01-08,DESKTOP,52,1767,0.02942840973401245,8.134125636672326
2026-01-27,DESKTOP,52,1992,0.02610441767068273,9.393574297188755
2026-02-21,MOBILE,52,3476,0.014959723820483314,7.567031070195627
2026-03-10,DESKTOP,52,1493,0.034829202947086406,8.699933020763563
2024-12-11,DESKTOP,51,1343,0.0379746835443038,16.69024571854058
2025-01-17,DESKTOP,51,1944,0.026234567901234566,9.991769547325102
2025-02-03,DESKTOP,51,1454,0.035075653370013754,12.624484181568087
2025-02-17,DESKTOP,51,1555,0.03279742765273312,11.542122186495178
2025-03-19,MOBILE,51,4356,0.011707988980716254,8.642332415059688
2025-05-25,MOBILE,51,4990,0.010220440881763528,10.32565130260521
2025-05-27,DESKTOP,51,1908,0.026729559748427674,11.057651991614255
2025-06-02,DESKTOP,51,1929,0.026438569206842923,15.30222913426646
2025-06-08,MOBILE,51,5773,0.008834228304174605,10.426468040879959
2025-06-11,DESKTOP,51,2627,0.019413779977160258,16.65892653216597
2025-07-21,MOBILE,51,4237,0.012036818503658248,9.051923530800094
2025-08-21,DESKTOP,51,1719,0.029668411867364748,12.643979057591624
2025-08-30,MOBILE,51,6319,0.008070897293875614,9.782877037505935
2025-11-04,DESKTOP,51,1467,0.034764826175869123,8.61690524880709
2025-11-07,DESKTOP,51,1368,0.03728070175438596,7.663011695906433
2025-11-18,DESKTOP,51,1617,0.03153988868274583,8.264687693259122
2025-12-04,MOBILE,51,2756,0.018505079825834544,7.315674891146589
2025-12-11,MOBILE,51,3186,0.0160075329566855,7.321092278719397
2026-01-20,DESKTOP,51,2020,0.02524752475247525,8.752475247524753
2025-01-23,DESKTOP,50,1572,0.031806615776081425,12.043893129770993
2025-01-31,DESKTOP,50,1148,0.04355400696864112,12.972996515679442
2025-02-05,DESKTOP,50,1629,0.030693677102516883,13.322283609576427
2025-02-24,MOBILE,50,4996,0.010008006405124099,8.571657325860688
2025-02-26,MOBILE,50,5001,0.009998000399920015,8.687062587482504
2025-03-03,MOBILE,50,7810,0.006402048655569782,8.770934699103712
2025-04-29,DESKTOP,50,1537,0.03253090435914118,12.61288223812622
2025-05-19,DESKTOP,50,1636,0.030562347188264057,10.676650366748166
2025-05-24,MOBILE,50,5191,0.009632055480639569,10.371604700443074
2025-05-28,MOBILE,50,3912,0.01278118609406953,10.549079754601227
2025-05-31,MOBILE,50,5539,0.009026900162484202,9.346091352229644
2025-06-09,DESKTOP,50,2423,0.020635575732562937,13.392488650433346
2025-06-13,DESKTOP,50,2023,0.024715768660405337,10.695501730103807
2025-07-17,DESKTOP,50,1466,0.034106412005457026,12.068894952251023
2025-07-28,MOBILE,50,4621,0.010820168794633196,8.574983769746808
2025-08-06,DESKTOP,50,1903,0.02627430373095113,13.670520231213873
2025-10-20,DESKTOP,50,1476,0.03387533875338753,7.2513550135501355
2025-12-16,DESKTOP,50,1924,0.02598752598752599,8.647609147609147
2025-12-23,DESKTOP,50,1678,0.029797377830750895,9.1388557806913
2026-01-05,MOBILE,50,4397,0.01137138958380714,7.161928587673414
2026-03-03,MOBILE,50,2740,0.01824817518248175,7.987226277372263
2026-03-05,DESKTOP,50,1549,0.03227888960619755,7.881213686249193
2026-03-15,MOBILE,50,3670,0.013623978201634877,7.411716621253406
2025-02-11,MOBILE,49,6124,0.008001306335728282,8.205584585238405
2025-02-27,DESKTOP,49,1520,0.03223684210526316,12.642763157894738
2025-04-07,DESKTOP,49,1576,0.031091370558375634,17.950507614213198
2025-04-24,MOBILE,49,2839,0.017259598450158505,9.187742162733358
2025-05-08,MOBILE,49,4271,0.011472723015687194,8.690002341372043
2025-05-12,MOBILE,49,3930,0.012468193384223919,8.265648854961832
2025-06-01,MOBILE,49,5987,0.008184399532320027,9.981125772507099
2025-07-09,DESKTOP,49,1769,0.027699265121537593,14.026568682871678
2025-07-29,MOBILE,49,4663,0.010508256487239975,8.474158267209951
2025-08-16,MOBILE,49,4987,0.009825546420693804,8.770603569280128
2025-09-26,DESKTOP,49,1228,0.039902280130293157,7.27442996742671
2025-11-19,DESKTOP,49,1462,0.033515731874145006,7.9815321477428185
2025-12-10,MOBILE,49,2913,0.01682114658427738,7.173704085135599
2025-12-11,DESKTOP,49,1770,0.02768361581920904,8.237288135593221
2026-03-11,DESKTOP,49,1502,0.03262316910785619,8.135153129161118
2025-01-24,MOBILE,48,5653,0.008491066690252963,8.550504157084735
2025-02-07,MOBILE,48,7630,0.006290956749672346,8.42005242463958
2025-02-08,MOBILE,48,8286,0.005792903692976104,8.41974414675356
2025-02-28,MOBILE,48,4798,0.010004168403501459,8.891204668611921
2025-03-08,MOBILE,48,7677,0.0062524423602969914,9.044418392601276
2025-03-11,MOBILE,48,5979,0.008028098344204716,8.589563472152534
2025-07-06,MOBILE,48,4463,0.010755097468070804,9.500560161326462
2025-07-08,MOBILE,48,3173,0.015127639457926252,9.442798613299717
2025-07-22,MOBILE,48,4287,0.01119664100769769,9.00233263354327
2025-07-23,DESKTOP,48,2221,0.021611886537595677,12.268797838811347
2025-07-30,DESKTOP,48,1875,0.0256,12.2944
2025-09-09,DESKTOP,48,1731,0.02772963604852686,12.741767764298094
2025-10-06,DESKTOP,48,1260,0.0380952380952381,7.472222222222222
2025-12-22,DESKTOP,48,2150,0.022325581395348838,12.317674418604652
2026-01-07,MOBILE,48,3650,0.01315068493150685,7.343013698630137
2026-02-25,DESKTOP,48,1756,0.02733485193621868,9.055808656036447
2026-02-27,MOBILE,48,3701,0.012969467711429343,7.410159416373953
2026-03-23,DESKTOP,48,1737,0.027633851468048358,7.715601611974669
2026-03-25,DESKTOP,48,1703,0.028185554903112156,7.904873752201996
2024-12-11,MOBILE,47,3289,0.014290057768318638,10.463666768014594
2025-02-07,DESKTOP,47,1617,0.02906617192331478,13.222634508348794
2025-03-26,DESKTOP,47,1580,0.029746835443037974,11.527848101265823
2025-03-27,DESKTOP,47,1662,0.028279181708784597,11.593862815884476
2025-04-01,MOBILE,47,3188,0.014742785445420327,9.869510664993726
2025-04-18,MOBILE,47,6169,0.007618738855568163,9.671421624250284
2025-04-25,MOBILE,47,3165,0.014849921011058451,9.1652448657188
2025-05-08,DESKTOP,47,1748,0.02688787185354691,14.032608695652174
2025-05-09,DESKTOP,47,1950,0.024102564102564103,17.53846153846154
2025-05-30,MOBILE,47,3790,0.012401055408970976,8.800263852242743
2025-06-04,DESKTOP,47,1829,0.02569710224166211,12.221979223619464
2025-07-16,MOBILE,47,3351,0.014025663980901224,9.02775290957923
2025-07-26,MOBILE,47,5612,0.008374910905203136,8.727904490377762
2025-07-27,MOBILE,47,5900,0.007966101694915254,8.676271186440678
2025-08-03,MOBILE,47,5524,0.008508327299058652,8.400253439536566
2025-09-09,MOBILE,47,3726,0.01261406333870102,8.971551261406333
2025-09-15,DESKTOP,47,1384,0.03395953757225433,7.705202312138728
2025-09-19,DESKTOP,47,1352,0.03476331360946745,8.423076923076923
2025-10-02,DESKTOP,47,1247,0.03769045709703288,7.143544506816359
2025-10-08,DESKTOP,47,1298,0.0362095531587057,7.349768875192604
2025-10-25,MOBILE,47,2997,0.01568234901568235,7.606606606606607
2026-01-23,MOBILE,47,3666,0.01282051282051282,7.74822695035461
2026-02-02,DESKTOP,47,1824,0.025767543859649123,10.50219298245614
2026-02-13,DESKTOP,47,1487,0.03160726294552791,8.989912575655683
2026-03-02,DESKTOP,47,1793,0.026213050752928055,9.609592861126604
2026-03-08,MOBILE,47,5103,0.009210268469527728,8.019792279051538
2026-03-18,DESKTOP,47,1544,0.03044041450777202,8.419041450777202
2026-03-24,MOBILE,47,2596,0.01810477657935285,7.370570107858243
2025-01-30,MOBILE,46,3849,0.011951156144453105,8.6024941543258
2025-01-31,MOBILE,46,4375,0.010514285714285714,8.743771428571428
2025-02-05,MOBILE,46,7335,0.006271301976823449,8.165507839127471
2025-02-12,MOBILE,46,6666,0.006900690069006901,8.717821782178218
2025-02-13,DESKTOP,46,1770,0.02598870056497175,12.880790960451977
2025-03-04,MOBILE,46,7094,0.006484352974344516,8.64899915421483
2025-03-27,MOBILE,46,3222,0.014276846679081317,9.71570453134699
2025-03-30,MOBILE,46,4501,0.010219951121972895,9.866251944012442
2025-05-05,MOBILE,46,4098,0.011224987798926306,8.52318204001952
2025-05-23,DESKTOP,46,1590,0.028930817610062894,12.99937106918239
2025-06-10,MOBILE,46,4086,0.011257953989231522,9.760401370533529
2025-06-18,DESKTOP,46,1700,0.027058823529411764,11.509411764705883
2025-06-24,DESKTOP,46,1672,0.02751196172248804,12.425837320574162
2025-06-25,DESKTOP,46,1809,0.02542841348811498,12.185737976782752
2025-07-18,MOBILE,46,3695,0.012449255751014885,9.104736129905277
2025-07-24,MOBILE,46,4626,0.009943795936013834,9.255296152183313
2025-07-31,DESKTOP,46,1889,0.024351508734780307,12.326627845420857
2025-07-31,MOBILE,46,4336,0.010608856088560886,8.271909594095941
2025-08-15,DESKTOP,46,1620,0.028395061728395062,11.732716049382717
2025-09-08,DESKTOP,46,2319,0.019836136265631736,11.35575679172057
2025-09-21,MOBILE,46,3478,0.013225991949396205,8.575043128234618
2025-10-15,DESKTOP,46,1267,0.036306235201262825,7.447513812154696
2025-10-27,DESKTOP,46,1480,0.031081081081081083,6.9135135135135135
2025-10-28,DESKTOP,46,1351,0.034048852701702444,7.630643967431532
2025-11-12,DESKTOP,46,1501,0.030646235842771485,7.372418387741505
2025-11-16,MOBILE,46,4170,0.011031175059952039,7.168824940047962
2026-01-19,DESKTOP,46,2116,0.021739130434782608,9.41209829867675
2026-01-21,DESKTOP,46,2067,0.022254475084663765,9.66569908079342
2026-01-27,MOBILE,46,3562,0.01291409320606401,7.766423357664234
2026-01-28,DESKTOP,46,1837,0.025040827436037017,9.129014697876974
2026-02-05,DESKTOP,46,1809,0.02542841348811498,8.289110005527917
2026-02-23,DESKTOP,46,1787,0.02574146614437605,9.402909904868494
2026-03-09,DESKTOP,46,1392,0.033045977011494254,8.491379310344827
2026-03-09,MOBILE,46,4028,0.011420059582919563,7.864200595829196
2026-03-28,MOBILE,46,3301,0.013935171160254469,7.331111784307786
2025-02-06,MOBILE,45,8426,0.005340612390220745,8.140517446000475
2025-02-19,MOBILE,45,5810,0.00774526678141136,8.404130808950086
2025-04-25,DESKTOP,45,1607,0.028002489110143122,11.084629744866211
2025-07-02,MOBILE,45,3560,0.012640449438202247,8.953370786516853
2025-08-18,MOBILE,45,3437,0.013092813500145475,8.71661332557463
2025-09-08,MOBILE,45,4493,0.010015579790785666,8.62764300022257
2025-09-16,DESKTOP,45,1293,0.03480278422273782,7.6573859242072695
2025-10-01,DESKTOP,45,1235,0.03643724696356275,7.37165991902834
2025-10-06,MOBILE,45,2381,0.01889962200755985,8.19319613607728
2025-10-13,DESKTOP,45,1322,0.0340393343419062,7.312405446293495
2025-10-16,DESKTOP,45,1281,0.0351288056206089,7.153786104605777
2025-10-21,DESKTOP,45,1488,0.03024193548387097,7.299731182795699
2025-12-03,DESKTOP,45,1683,0.026737967914438502,7.692216280451574
2026-02-08,MOBILE,45,4530,0.009933774834437087,7.7759381898454745
2026-02-14,MOBILE,45,4107,0.01095690284879474,7.517896274653031
2026-03-07,MOBILE,45,5003,0.008994603238057166,7.846691984809114
2026-03-13,DESKTOP,45,1415,0.03180212014134275,8.274911660777384
2024-12-20,DESKTOP,44,1318,0.03338391502276176,15.758725341426404
2025-02-20,DESKTOP,44,1560,0.028205128205128206,12.567307692307692
2025-02-22,MOBILE,44,6931,0.0063482902900014425,8.385514355792814
2025-04-15,DESKTOP,44,1206,0.03648424543946932,10.991708126036484
2025-05-03,MOBILE,44,5728,0.007681564245810056,10.098638268156424
2025-05-16,DESKTOP,44,1367,0.03218727139722019,11.373079736649597
2025-06-10,DESKTOP,44,2384,0.018456375838926176,14.15268456375839
2025-06-26,DESKTOP,44,2201,0.019990913221263062,11.852339845524762
2025-07-03,DESKTOP,44,1677,0.02623732856290996,13.251043530113298
2025-07-24,DESKTOP,44,1992,0.02208835341365462,12.233935742971887
2025-08-29,DESKTOP,44,1936,0.022727272727272728,18.075413223140497
2025-08-31,MOBILE,44,6050,0.007272727272727273,10.020661157024794
2025-09-02,MOBILE,44,5015,0.008773678963110668,8.631306081754737
2025-09-03,DESKTOP,44,1722,0.025551684088269456,13.663182346109176
2025-09-10,DESKTOP,44,1641,0.02681291895185862,13.09689213893967
2025-09-18,MOBILE,44,2308,0.019064124783362217,8.94627383015598
2025-09-26,MOBILE,44,2622,0.016781083142639208,8.862700228832953
2025-10-10,MOBILE,44,2476,0.017770597738287562,7.899030694668821
2025-10-14,DESKTOP,44,1330,0.03308270676691729,7.041353383458647
2025-10-24,MOBILE,44,2381,0.018479630407391853,7.6211675766484674
2025-11-12,MOBILE,44,2909,0.015125472671020969,6.888621519422482
2025-11-14,DESKTOP,44,1432,0.030726256983240222,7.420391061452514
2025-11-18,MOBILE,44,3212,0.0136986301369863,7.2780199252802
2025-11-26,MOBILE,44,2738,0.016070124178232285,7.20891161431702
2025-12-09,MOBILE,44,3292,0.013365735115431349,7.270656136087485
2025-12-19,DESKTOP,44,1759,0.025014212620807278,8.664013644115975
2026-01-05,DESKTOP,44,1836,0.023965141612200435,7.86437908496732
2026-01-09,DESKTOP,44,1704,0.025821596244131457,8.628521126760564
2026-01-18,MOBILE,44,4219,0.010429011614126571,7.458876511021569
2026-01-25,MOBILE,44,3812,0.011542497376705142,7.285939139559287
2026-02-10,DESKTOP,44,1843,0.02387411828540423,10.317417254476398
2026-02-10,MOBILE,44,3350,0.013134328358208954,7.910149253731343
2026-02-26,DESKTOP,44,1695,0.025958702064896755,8.919174041297936
2026-03-06,DESKTOP,44,1300,0.033846153846153845,8.67923076923077
2026-03-19,DESKTOP,44,1465,0.030034129692832763,8.316040955631399
2024-12-13,DESKTOP,43,1064,0.040413533834586464,17.67669172932331
2025-01-26,MOBILE,43,4426,0.009715318572074107,8.677812923633077
2025-02-18,MOBILE,43,7332,0.005864702673213312,8.188761593016913
2025-03-06,DESKTOP,43,1535,0.028013029315960912,12.618892508143322
2025-03-25,MOBILE,43,3283,0.013097776424002438,10.001218397806884
2025-04-14,DESKTOP,43,1571,0.02737110120942075,14.576066199872692
2025-07-11,MOBILE,43,3354,0.01282051282051282,9.070065593321408
2025-08-08,DESKTOP,43,1761,0.02441794434980125,13.557637705848949
2025-08-08,MOBILE,43,4662,0.009223509223509223,8.741098241098241
2025-08-20,MOBILE,43,3458,0.012434933487565067,8.476286871023714
2025-08-27,MOBILE,43,3290,0.013069908814589666,8.725835866261399
2025-09-24,MOBILE,43,2308,0.018630849220103985,8.872183708838822
2025-10-07,MOBILE,43,2277,0.018884497145366712,7.927536231884058
2025-11-09,MOBILE,43,3643,0.011803458687894593,7.422728520450178
2025-12-05,DESKTOP,43,1486,0.028936742934051143,7.879542395693136
2025-12-12,MOBILE,43,3303,0.013018468059339995,7.561307901907357
2026-01-20,MOBILE,43,3885,0.011068211068211068,7.598455598455598
2026-01-30,DESKTOP,43,1595,0.026959247648902823,10.408150470219436
2026-02-01,MOBILE,43,3028,0.014200792602377808,7.334544253632761
2025-02-13,MOBILE,42,6539,0.006423000458785747,8.339042667074477
2025-02-21,DESKTOP,42,1560,0.026923076923076925,12.74423076923077
2025-03-09,MOBILE,42,7938,0.005291005291005291,8.974300831443689
2025-04-02,DESKTOP,42,1633,0.025719534598897736,19.0520514390692
2025-04-16,DESKTOP,42,1290,0.03255813953488372,14.60077519379845
2025-04-22,DESKTOP,42,1627,0.02581438229870928,19.878303626306085
2025-05-07,MOBILE,42,4432,0.00947653429602888,9.766471119133573
2025-05-11,MOBILE,42,5390,0.007792207792207792,8.709647495361782
2025-05-16,MOBILE,42,4020,0.010447761194029851,8.038308457711443
2025-07-05,MOBILE,42,4200,0.01,9.578809523809523
2025-07-11,DESKTOP,42,1200,0.035,16.8275
2025-07-17,MOBILE,42,3663,0.011466011466011465,8.844116844116844
2025-07-18,DESKTOP,42,1512,0.027777777777777776,12.134920634920634
2025-08-22,DESKTOP,42,1609,0.02610316967060286,12.84897451833437
2025-09-04,DESKTOP,42,1985,0.02115869017632242,18.1536523929471
2025-09-14,MOBILE,42,3677,0.011422355180853957,8.30758770737014
2025-09-20,MOBILE,42,3597,0.011676396997497914,8.543508479288295
2025-10-09,MOBILE,42,2562,0.01639344262295082,7.901639344262295
2025-10-11,MOBILE,42,3550,0.011830985915492958,8.081408450704226
2025-10-23,DESKTOP,42,1549,0.02711426726920594,6.639767591994835
2025-11-10,MOBILE,42,2644,0.01588502269288956,7.141452344931921
2025-11-13,DESKTOP,42,1556,0.02699228791773779,7.361182519280206
2026-02-27,DESKTOP,42,1546,0.027166882276843468,9.470892626131953
2026-03-05,MOBILE,42,3675,0.011428571428571429,7.77578231292517
2025-03-05,DESKTOP,41,1483,0.027646662171274445,13.173297370195549
2025-03-10,MOBILE,41,5444,0.007531227038941954,9.128949301983836
2025-03-11,DESKTOP,41,1868,0.021948608137044967,11.990899357601712
2025-03-16,MOBILE,41,6147,0.006669920286318529,8.565479095493737
2025-04-02,MOBILE,41,3316,0.012364294330518697,9.324185765983112
2025-04-05,MOBILE,41,5169,0.007931901721803056,10.455987618494873
2025-04-06,MOBILE,41,5435,0.007543698252069918,10.86292548298068
2025-04-27,MOBILE,41,4671,0.008777563690858489,11.287518732605438
2025-05-05,DESKTOP,41,1619,0.0253242742433601,11.499691167387276
2025-05-22,MOBILE,41,4278,0.009583917718560075,7.670874240299205
2025-06-21,MOBILE,41,4550,0.00901098901098901,8.756263736263737
2025-06-30,DESKTOP,41,2985,0.01373534338358459,11.024790619765493
2025-06-30,MOBILE,41,3540,0.011581920903954802,8.884745762711864
2025-07-01,DESKTOP,41,2884,0.014216366158113732,9.849861303744799
2025-07-01,MOBILE,41,3447,0.011894400928343487,9.007542790832607
2025-07-10,DESKTOP,41,1429,0.028691392582225334,13.815255423372989
2025-07-20,MOBILE,41,4845,0.00846233230134159,9.091847265221878
2025-08-13,DESKTOP,41,1868,0.021948608137044967,12.479122055674518
2025-08-27,DESKTOP,41,1985,0.02065491183879093,11.44080604534005
2025-09-05,DESKTOP,41,2624,0.015625,14.685213414634147
2025-09-07,MOBILE,41,7109,0.005767337178224786,10.149388099592066
2025-10-31,MOBILE,41,2344,0.01749146757679181,7.032849829351536
2025-11-06,DESKTOP,41,1434,0.028591352859135284,8.243375174337517
2025-11-20,MOBILE,41,3748,0.010939167556029883,7.239327641408751
2026-03-11,MOBILE,41,3302,0.01241671714112659,7.359781950333131
2026-03-17,MOBILE,41,2664,0.01539039039039039,7.13963963963964
2026-03-26,MOBILE,41,2508,0.01634768740031898,7.258771929824562
2025-02-01,MOBILE,40,6692,0.005977286312014346,8.516586969515838
2025-02-24,DESKTOP,40,1724,0.02320185614849188,11.429234338747099
2025-03-13,DESKTOP,40,1385,0.02888086642599278,11.608664259927798
2025-03-15,MOBILE,40,5747,0.006960153123368714,8.573690621193666
2025-04-26,MOBILE,40,4231,0.009454029780193808,9.94398487355235
2025-04-28,MOBILE,40,3403,0.011754334410813987,9.473405818395534
2025-06-11,MOBILE,40,4318,0.009263547938860583,10.1943029180176
2025-06-24,MOBILE,40,3216,0.012437810945273632,8.62842039800995
2025-06-27,MOBILE,40,3748,0.010672358591248666,8.835645677694771
2025-07-13,MOBILE,40,4307,0.009287206872533085,9.05502670071976
2025-08-14,MOBILE,40,3584,0.011160714285714286,8.851004464285715
2025-08-21,MOBILE,40,3618,0.01105583195135434,8.070480928689884
2025-09-03,MOBILE,40,4817,0.008303923603902844,8.75046709570272
2025-09-06,MOBILE,40,6506,0.006148170919151552,8.61420227482324
2025-09-25,DESKTOP,40,1190,0.03361344537815126,7.748739495798319
2025-10-13,MOBILE,40,2567,0.015582391897156213,7.982469809115699
2025-10-20,MOBILE,40,2683,0.014908684308609765,7.722698471859858
2025-11-05,DESKTOP,40,1374,0.02911208151382824,7.852256186317321
2025-11-05,MOBILE,40,2287,0.0174901617839965,7.04940970703979
2025-11-19,MOBILE,40,2725,0.014678899082568808,7.247706422018348
2026-02-04,DESKTOP,40,1668,0.023980815347721823,8.232613908872903
2026-02-18,MOBILE,40,3401,0.011761246692149369,7.907380182299324
2026-03-20,DESKTOP,40,1423,0.028109627547434995,8.619817287420942
2025-01-24,DESKTOP,39,1117,0.03491495076096687,14.744852282900627
2025-03-06,MOBILE,39,5565,0.007008086253369272,8.942677448337825
2025-03-12,MOBILE,39,5761,0.006769658045478215,8.649887172365908
2025-03-20,DESKTOP,39,1492,0.02613941018766756,12.208445040214476
2025-03-20,MOBILE,39,3747,0.010408326661329063,8.927942353883108
2025-03-29,MOBILE,39,4511,0.008645533141210375,9.722234537796497
2025-04-09,MOBILE,39,3042,0.01282051282051282,11.114069690992768
2025-04-14,MOBILE,39,3197,0.012198936502971536,9.855489521426337
2025-04-17,DESKTOP,39,1282,0.030421216848673948,15.653666146645866
2025-04-21,MOBILE,39,4763,0.008188116733151375,10.119252571908461
2025-04-30,DESKTOP,39,1618,0.024103831891223733,13.232385661310259
2025-05-09,MOBILE,39,4637,0.008410610308389044,9.797714039249515
2025-06-04,MOBILE,39,3779,0.010320190526594337,8.994442974331834
2025-06-27,DESKTOP,39,2623,0.014868471216164697,10.816240945482273
2025-07-04,DESKTOP,39,1446,0.026970954356846474,14.57399723374827
2025-07-09,MOBILE,39,3449,0.01130762539866628,9.24383879385329
2025-07-19,MOBILE,39,4574,0.008526453869698294,9.24529951902055
2025-09-28,MOBILE,39,3598,0.01083935519733185,8.171484157865482
2025-10-17,MOBILE,39,2581,0.015110422316931422,7.710964742347927
2025-10-28,MOBILE,39,2252,0.017317939609236235,7.5093250444049735
2025-11-27,MOBILE,39,2946,0.013238289205702648,6.9389002036659875
2025-12-12,DESKTOP,39,1531,0.025473546701502287,8.50620509470934
2026-01-19,MOBILE,39,4230,0.009219858156028368,7.876832151300237
2026-01-24,MOBILE,39,4056,0.009615384615384616,7.707593688362919
2026-02-04,MOBILE,39,3058,0.012753433616742969,7.840091563113146
2026-02-17,MOBILE,39,3967,0.009831106629694983,7.837912780438619
2026-02-18,DESKTOP,39,1583,0.024636765634870498,9.342387871130764
2026-02-20,MOBILE,39,3127,0.012472017908538535,7.384713783178766
2026-03-16,DESKTOP,39,1429,0.02729181245626312,8.79216235129461
2026-03-23,MOBILE,39,2767,0.014094687387061799,7.310083122515359
2026-03-25,MOBILE,39,2484,0.01570048309178744,7.151368760064412
2026-03-27,DESKTOP,39,1598,0.024405506883604506,8.09261576971214
2025-02-14,MOBILE,38,6333,0.006000315806095058,8.987209853150166
2025-02-21,MOBILE,38,4864,0.0078125,8.535361842105264
2025-03-02,MOBILE,38,7114,0.005341579983131853,8.780714084903007
2025-03-07,MOBILE,38,6028,0.0063039150630391505,8.838254810882548
2025-03-14,DESKTOP,38,1249,0.03042433947157726,10.89031224979984
2025-03-28,DESKTOP,38,1530,0.02483660130718954,14.500653594771242
2025-04-29,MOBILE,38,3706,0.01025364274150027,8.712898003237992
2025-05-01,MOBILE,38,8324,0.004565112926477655,9.663142719846228
2025-05-15,MOBILE,38,4041,0.009403612967087355,7.981192774065826
2025-06-20,DESKTOP,38,1529,0.02485284499672989,13.628515369522564
2025-07-10,MOBILE,38,3470,0.01095100864553314,9.228530259365995
2025-08-04,MOBILE,38,4390,0.008656036446469248,8.376537585421413
2025-08-07,MOBILE,38,4192,0.009064885496183206,8.734732824427482
2025-09-05,MOBILE,38,5139,0.007394434714925083,9.425374586495428
2025-10-10,DESKTOP,38,1214,0.03130148270181219,7.850906095551895
2025-10-21,MOBILE,38,2442,0.015561015561015561,7.680999180999181
2025-12-31,MOBILE,38,3782,0.010047593865679535,7.409571655208884
2026-01-29,MOBILE,38,3451,0.011011301072153,7.715155027528253
2026-02-12,MOBILE,38,3156,0.012040557667934094,9.473067173637515
2026-03-26,DESKTOP,38,1544,0.02461139896373057,7.98639896373057
2025-03-13,MOBILE,37,3752,0.009861407249466951,8.942430703624733
2025-03-17,MOBILE,37,4335,0.00853517877739331,8.626066897347174
2025-03-21,DESKTOP,37,1306,0.028330781010719754,12.656202143950996
2025-03-21,MOBILE,37,3878,0.009541000515729758,9.108561113976277
2025-04-10,MOBILE,37,2917,0.012684264655467946,9.784024682893383
2025-05-06,MOBILE,37,4064,0.009104330708661417,8.380167322834644
2025-05-23,MOBILE,37,4522,0.008182220256523662,8.355373728438744
2025-05-26,MOBILE,37,3772,0.009809119830328738,10.78101802757158
2025-08-06,MOBILE,37,4255,0.008695652173913044,8.878965922444184
2025-09-11,DESKTOP,37,1483,0.024949426837491573,15.368846931894808
2025-09-12,MOBILE,37,2727,0.013568023469013568,8.266226622662266
2025-09-17,MOBILE,37,2441,0.015157722244981565,9.299057763211799
2025-09-18,DESKTOP,37,1322,0.02798789712556732,8.23373676248109
2025-09-19,MOBILE,37,2805,0.013190730837789662,8.74795008912656
2025-10-15,MOBILE,37,2599,0.014236244709503656,8.044632550981147
2025-11-14,MOBILE,37,3195,0.011580594679186228,7.228482003129891
2025-11-28,MOBILE,37,3498,0.010577472841623786,7.14694110920526
2026-02-03,MOBILE,37,3169,0.01167560744714421,7.518144525086778
2026-02-09,DESKTOP,37,1894,0.019535374868004225,9.956177402323126
2026-02-12,DESKTOP,37,1770,0.020903954802259886,10.82090395480226
2026-03-10,MOBILE,37,3752,0.009861407249466951,7.876865671641791
2025-02-03,MOBILE,36,6426,0.0056022408963585435,8.392156862745098
2025-02-10,MOBILE,36,6525,0.005517241379310344,8.666206896551724
2025-03-14,MOBILE,36,4122,0.008733624454148471,9.114507520621057
2025-03-22,MOBILE,36,4746,0.007585335018963337,9.890855457227138
2025-04-22,MOBILE,36,2706,0.013303769401330377,10.526977087952698
2025-07-04,MOBILE,36,3086,0.011665586519766688,9.423525599481529
2025-07-07,MOBILE,36,3063,0.011753183153770812,9.375122428991185
2025-11-01,MOBILE,36,2741,0.013133892739875957,7.2440715067493615
2025-12-18,DESKTOP,36,1721,0.020918070889018012,8.228355607205113
2026-01-22,DESKTOP,36,2056,0.017509727626459144,9.820525291828794
2026-02-05,MOBILE,36,3035,0.01186161449752883,7.233607907742998
2026-03-03,DESKTOP,36,1554,0.023166023166023165,9.46975546975547
2026-03-20,MOBILE,36,3054,0.011787819253438114,6.707596594629994
2024-12-06,DESKTOP,35,1354,0.0258493353028065,19.260709010339735
2024-12-18,DESKTOP,35,1266,0.02764612954186414,13.834913112164298
2025-02-09,MOBILE,35,8217,0.004259462090787392,9.053182426676402
2025-02-15,MOBILE,35,7246,0.004830251173060999,8.290643113441899
2025-02-16,MOBILE,35,7434,0.004708097928436911,8.341404358353511
2025-02-25,MOBILE,35,5006,0.006991610067918498,8.709348781462246
2025-03-07,DESKTOP,35,1541,0.0227125243348475,11.776768332251784
2025-04-08,MOBILE,35,3115,0.011235955056179775,10.77174959871589
2025-04-15,MOBILE,35,3192,0.010964912280701754,9.157894736842104
2025-04-20,MOBILE,35,5476,0.006391526661796932,10.0827246165084
2025-04-23,MOBILE,35,3197,0.010947763528307789,10.351579605880513
2025-05-20,MOBILE,35,4610,0.007592190889370932,7.355531453362256
2025-07-25,DESKTOP,35,2519,0.013894402540690751,19.275506153235412
2025-08-05,MOBILE,35,4371,0.008007320979180966,8.63097689315946
2025-08-11,MOBILE,35,3599,0.009724923589886079,8.82217282578494
2025-09-11,MOBILE,35,3022,0.01158173395102581,9.911647915287888
2025-09-16,MOBILE,35,2358,0.014843087362171332,9.527565733672605
2025-10-23,MOBILE,35,2311,0.015144958892254435,7.505408913890091
2025-10-29,MOBILE,35,2095,0.016706443914081145,7.629116945107398
2025-10-30,DESKTOP,35,1324,0.026435045317220542,7.484138972809668
2025-11-11,MOBILE,35,2788,0.012553802008608322,7.359397417503587
2025-11-17,DESKTOP,35,1579,0.022165927802406588,7.745408486383787
2026-02-11,MOBILE,35,2967,0.011796427367711493,7.605999325918436
2026-02-22,MOBILE,35,3933,0.00889905924230867,7.55860666158149
2026-03-01,MOBILE,35,4296,0.008147113594040968,7.3666201117318435
2026-03-12,MOBILE,35,3164,0.011061946902654867,7.2670670037926675
2026-03-14,MOBILE,35,3741,0.009355787222667736,7.283881315156376
2026-03-22,MOBILE,35,3368,0.010391923990498812,7.065914489311164
2026-03-27,MOBILE,35,2611,0.013404825737265416,7.058598238222903
2025-03-05,MOBILE,34,5548,0.0061283345349675555,8.606344628695025
2025-03-24,MOBILE,34,3486,0.009753298909925417,9.627079747561675
2025-03-31,MOBILE,34,3398,0.010005885815185403,9.790464979399648
2025-05-19,MOBILE,34,4115,0.008262454434993925,7.844471445929526
2025-05-21,MOBILE,34,4234,0.00803023145961266,7.622815304676429
2025-06-05,DESKTOP,34,2392,0.014214046822742474,11.384615384615385
2025-08-19,MOBILE,34,3454,0.009843659525188187,9.264620729588882
2025-08-23,MOBILE,34,4700,0.00723404255319149,8.496170212765957
2025-09-13,MOBILE,34,3352,0.010143198090692125,8.699880668257757
2025-09-23,MOBILE,34,2438,0.01394585726004922,8.799425758818703
2025-10-27,MOBILE,34,2466,0.013787510137875101,7.523925385239254
2025-11-02,MOBILE,34,3075,0.011056910569105691,7.3047154471544715
2025-11-25,MOBILE,34,2707,0.012560029553010712,7.230144070927226
2026-01-17,MOBILE,34,4360,0.007798165137614679,7.513073394495413
2026-01-26,DESKTOP,34,1890,0.01798941798941799,9.653439153439153
2026-02-06,MOBILE,34,3227,0.010536101642392316,7.851874806321661
2026-02-24,MOBILE,34,3416,0.009953161592505855,7.717213114754099
2026-02-25,MOBILE,34,3330,0.01021021021021021,7.330930930930931
2026-02-28,MOBILE,34,4496,0.007562277580071174,7.327402135231317
2026-03-06,MOBILE,34,3704,0.0091792656587473,7.99244060475162
2024-12-27,DESKTOP,33,1234,0.02674230145867099,20.504051863857374
2025-02-17,MOBILE,33,4214,0.007831039392501186,8.460844803037494
2025-02-27,MOBILE,33,4810,0.006860706860706861,8.773388773388774
2025-06-06,DESKTOP,33,2712,0.012168141592920354,16.796828908554573
2025-06-22,MOBILE,33,4560,0.007236842105263158,8.59780701754386
2025-06-26,MOBILE,33,3698,0.008923742563547863,8.339102217414819
2025-07-12,MOBILE,33,4152,0.007947976878612716,9.130298651252408
2025-07-23,MOBILE,33,4328,0.007624768946395564,9.153419593345657
2025-08-15,MOBILE,33,3935,0.008386277001270648,8.688945362134689
2025-09-12,DESKTOP,33,1208,0.027317880794701987,10.236754966887418
2025-09-25,MOBILE,33,2556,0.012910798122065728,8.9197965571205
2025-10-16,MOBILE,33,2375,0.013894736842105264,7.846736842105263
2025-10-24,DESKTOP,33,1393,0.023689877961234746,7.359655419956927
2025-11-21,DESKTOP,33,1281,0.02576112412177986,8.064793130366901
2025-11-21,MOBILE,33,3654,0.0090311986863711,7.073344280240832
2026-01-28,MOBILE,33,3210,0.010280373831775701,7.417133956386293
2025-03-01,MOBILE,32,5996,0.00533689126084056,8.935790527018012
2025-03-23,MOBILE,32,4920,0.0065040650406504065,9.683739837398374
2025-03-28,MOBILE,32,3380,0.009467455621301775,9.673668639053254
2025-04-04,DESKTOP,32,1642,0.0194884287454324,23.47563946406821
2025-04-04,MOBILE,32,3755,0.008521970705725699,10.761651131824234
2025-04-17,MOBILE,32,3404,0.009400705052878966,9.817273795534666
2025-05-14,MOBILE,32,4039,0.007922753156721961,8.167615746471899
2025-08-17,MOBILE,32,4706,0.006799830004249894,8.361878453038674
2026-01-22,MOBILE,32,3775,0.00847682119205298,7.642913907284768
2026-01-26,MOBILE,32,3553,0.009006473402758232,7.321981424148607
2025-06-25,MOBILE,31,3359,0.00922893718368562,8.387913069365883
2025-10-01,MOBILE,31,2317,0.013379369874838154,8.47302546396202
2025-10-29,DESKTOP,31,1341,0.023117076808351976,7.357196122296793
2025-10-30,MOBILE,31,2183,0.014200641319285386,7.4365551992670635
2025-11-07,MOBILE,31,2881,0.010760152724748352,7.4658104824713645
2025-11-13,MOBILE,31,2902,0.010682288077188146,6.9793246037215715
2025-12-29,DESKTOP,31,1591,0.01948460087994972,8.575109993714644
2026-02-02,MOBILE,31,2787,0.011123071402942232,7.595263724434877
2026-02-11,DESKTOP,31,1499,0.02068045363575717,8.753168779186124
2026-02-15,MOBILE,31,3956,0.007836198179979777,8.14989888776542
2026-03-04,DESKTOP,31,1464,0.02117486338797814,8.17964480874317
2026-03-21,MOBILE,31,3348,0.009259259259259259,6.844384707287933
2025-01-05,DESKTOP,30,879,0.034129692832764506,19.902161547212742
2025-07-15,MOBILE,30,3701,0.00810591731964334,9.06295595784923
2025-08-12,MOBILE,30,3613,0.008303349017437033,8.646554110157764
2025-09-30,MOBILE,30,2435,0.012320328542094456,8.649281314168377
2025-10-02,MOBILE,30,2611,0.011489850631941785,8.109153581003447
2025-10-08,MOBILE,30,2411,0.01244296972210701,7.966403981750311
2025-12-17,DESKTOP,30,1858,0.016146393972012917,8.078040904198062
2026-02-06,DESKTOP,30,1633,0.01837109614206981,8.71341090018371
2026-02-09,MOBILE,30,3154,0.009511731135066582,7.698161065313887
2026-03-16,MOBILE,30,2797,0.010725777618877368,7.072935287808366
2024-12-30,DESKTOP,29,1167,0.024850042844901457,16.07369323050557
2025-04-07,MOBILE,29,3431,0.008452346254736228,11.254444768289128
2025-04-16,MOBILE,29,2914,0.009951956074124914,9.829100892244337
2025-08-01,DESKTOP,29,1778,0.016310461192350956,12.95556805399325
2025-08-22,MOBILE,29,3664,0.007914847161572052,8.37745633187773
2025-10-05,MOBILE,29,3473,0.008350129570976101,8.150302332277569
2025-11-06,MOBILE,29,2596,0.011171032357473035,7.350924499229584
2026-01-30,MOBILE,29,3030,0.00957095709570957,8.238283828382837
2026-02-13,MOBILE,29,3122,0.009288917360666239,7.405509288917361
2026-02-19,MOBILE,29,3158,0.009183027232425586,7.830905636478784
2026-02-20,DESKTOP,29,1462,0.019835841313269494,9.518467852257182
2026-03-02,MOBILE,29,3723,0.0077894171367177,7.625033575073865
2024-12-21,DESKTOP,28,776,0.03608247422680412,20.90979381443299
2025-03-26,MOBILE,28,3455,0.008104196816208394,10.179739507959479
2025-04-30,MOBILE,28,4365,0.006414662084765177,8.86987399770905
2025-05-29,MOBILE,28,3403,0.008228034087569792,9.42932706435498
2025-06-06,MOBILE,28,6228,0.00449582530507386,9.836865767501605
2025-07-14,MOBILE,28,3611,0.007754084741068956,9.232622542232068
2025-09-22,MOBILE,28,2530,0.011067193675889328,8.712648221343873
2025-09-30,DESKTOP,28,1222,0.022913256955810146,7.439443535188216
2025-11-08,MOBILE,28,3518,0.007959067652075043,7.416429789653212
2026-02-07,MOBILE,28,4312,0.006493506493506494,7.4434137291280145
2026-02-16,MOBILE,28,4322,0.006478482184173994,7.874595094863489
2026-02-23,MOBILE,28,3630,0.007713498622589532,7.680716253443526
2025-02-28,DESKTOP,27,1318,0.0204855842185129,13.833839150227618
2025-04-11,MOBILE,27,3071,0.008791924454575058,11.095734288505373
2025-05-02,DESKTOP,27,1496,0.01804812834224599,19.87633689839572
2025-10-03,MOBILE,27,2801,0.009639414494823277,8.345233845055336
2025-11-03,MOBILE,27,2370,0.01139240506329114,7.241772151898735
2025-11-17,MOBILE,27,3382,0.007983441750443524,7.084565345949143
2026-01-23,DESKTOP,27,1642,0.016443361753958587,10.101705237515226
2026-03-18,MOBILE,27,2584,0.01044891640866873,7.047987616099071
2026-03-19,MOBILE,27,2606,0.010360706062931695,6.783960092095165
2025-07-25,MOBILE,26,5015,0.00518444666001994,8.649451645064806
2025-10-03,DESKTOP,26,1165,0.022317596566523604,7.237768240343348
2025-10-22,MOBILE,26,2284,0.01138353765323993,7.860332749562172
2025-12-30,DESKTOP,26,1523,0.017071569271175313,8.873276428102429
2026-02-19,DESKTOP,26,1645,0.015805471124620062,8.635866261398176
2026-02-26,MOBILE,26,3502,0.0074243289548829245,7.301541976013707
2026-03-13,MOBILE,26,3240,0.008024691358024692,7.381172839506172
2025-08-13,MOBILE,25,3615,0.006915629322268326,8.388105117565699
2025-10-19,MOBILE,25,3119,0.008015389547932029,7.671048412952869
2025-11-04,MOBILE,25,2276,0.010984182776801407,7.365992970123023
2026-01-31,MOBILE,25,3331,0.007505253677574302,7.915340738516962
2025-06-07,DESKTOP,24,1755,0.013675213675213675,20.46039886039886
2025-10-26,MOBILE,24,2903,0.00826730967964175,7.725111953151912
2024-12-14,DESKTOP,22,663,0.033182503770739065,24.345399698340874
2025-12-26,DESKTOP,22,1313,0.016755521706016754,8.662604722010663
2025-03-03,DESKTOP,21,1094,0.019195612431444242,14.511882998171846
2025-06-15,DESKTOP,21,1012,0.020750988142292492,16.859683794466402
2025-09-15,MOBILE,21,2615,0.00803059273422562,9.222562141491396
2026-01-02,DESKTOP,21,1376,0.015261627906976744,9.149709302325581
2026-03-04,MOBILE,21,2826,0.0074309978768577496,8.319532908704883
2024-12-07,DESKTOP,20,788,0.025380710659898477,29.171319796954315
2024-12-15,DESKTOP,20,914,0.02188183807439825,28.291028446389497
2026-01-11,DESKTOP,20,1056,0.01893939393939394,8.844696969696969
2024-12-22,DESKTOP,19,781,0.024327784891165175,19.687580025608195
2024-12-24,DESKTOP,19,999,0.01901901901901902,28.555555555555557
2025-01-04,DESKTOP,19,787,0.0241423125794155,21.395171537484117
2025-03-04,DESKTOP,19,1090,0.01743119266055046,14.427522935779816
2025-09-29,MOBILE,19,2272,0.008362676056338027,8.29137323943662
2025-10-14,MOBILE,19,2496,0.007612179487179487,8.183092948717949
2025-12-07,DESKTOP,19,697,0.027259684361549498,9.869440459110473
2026-01-10,DESKTOP,19,1049,0.01811248808388942,9.100095328884652
2026-02-16,DESKTOP,19,1100,0.017272727272727273,9.294545454545455
2025-12-20,DESKTOP,18,808,0.022277227722772276,9.150990099009901
2025-01-11,DESKTOP,17,978,0.017382413087934562,15.769938650306749
2025-01-12,DESKTOP,17,624,0.027243589743589744,15.878205128205128
2025-01-25,DESKTOP,17,977,0.017400204708290685,21.418628454452406
2025-05-18,DESKTOP,17,713,0.023842917251051893,18.061711079943898
2025-06-14,DESKTOP,17,1029,0.01652089407191448,15.826044703595723
2025-11-20,DESKTOP,17,824,0.02063106796116505,9.442961165048544
2025-12-27,DESKTOP,17,759,0.022397891963109356,10.798418972332016
2026-02-17,DESKTOP,17,1076,0.015799256505576207,9.641263940520446
2024-12-08,DESKTOP,16,771,0.020752269779507133,27.71076523994812
2024-12-31,DESKTOP,16,640,0.025,23.6765625
2025-02-22,DESKTOP,16,812,0.019704433497536946,22.289408866995075
2025-09-20,DESKTOP,16,555,0.02882882882882883,8.201801801801802
2025-10-18,DESKTOP,16,551,0.029038112522686024,9.147005444646098
2025-11-23,DESKTOP,16,749,0.021361815754339118,9.16154873164219
2025-11-30,DESKTOP,16,734,0.021798365122615803,8.5
2025-12-13,DESKTOP,16,715,0.022377622377622378,9.816783216783216
2025-12-14,DESKTOP,16,663,0.024132730015082957,9.520361990950226
2025-04-12,DESKTOP,15,904,0.016592920353982302,28.01769911504425
2025-05-01,DESKTOP,15,1048,0.01431297709923664,21.30916030534351
2025-07-27,DESKTOP,15,1031,0.014548981571290009,18.057225994180406
2025-08-30,DESKTOP,15,1838,0.008161044613710556,24.069640914036995
2025-12-21,DESKTOP,15,885,0.01694915254237288,10.533333333333333
2025-12-24,DESKTOP,15,867,0.01730103806228374,9.0080738177624
2025-01-19,DESKTOP,14,853,0.016412661195779603,20.39976553341149
2025-02-01,DESKTOP,14,658,0.02127659574468085,19.41337386018237
2025-02-16,DESKTOP,14,821,0.01705237515225335,18.22898903775883
2025-03-09,DESKTOP,14,778,0.017994858611825194,19.579691516709513
2025-03-30,DESKTOP,14,713,0.019635343618513323,16.58765778401122
2025-05-10,DESKTOP,14,924,0.015151515151515152,20.493506493506494
2025-05-24,DESKTOP,14,1140,0.012280701754385965,26.90877192982456
2025-06-08,DESKTOP,14,1695,0.008259587020648967,31.286725663716815
2025-08-09,DESKTOP,14,995,0.01407035175879397,17.624120603015076
2025-09-14,DESKTOP,14,556,0.025179856115107913,8.798561151079138
2025-04-27,DESKTOP,13,1137,0.011433597185576077,31.84080914687775
2025-06-29,DESKTOP,13,1432,0.009078212290502794,15.952513966480447
2025-07-05,DESKTOP,13,885,0.014689265536723164,17.822598870056495
2025-07-06,DESKTOP,13,824,0.015776699029126214,18.685679611650485
2025-09-21,DESKTOP,13,573,0.02268760907504363,8.2478184991274
2025-10-11,DESKTOP,13,507,0.02564102564102564,8.637080867850099
2025-12-31,DESKTOP,13,720,0.018055555555555554,9.366666666666667
2026-02-21,DESKTOP,13,829,0.015681544028950542,10.636911942098914
2026-02-28,DESKTOP,13,791,0.01643489254108723,10.395701643489254
2024-12-25,DESKTOP,12,669,0.017937219730941704,26.38714499252616
2025-01-18,DESKTOP,12,846,0.014184397163120567,17.11820330969267
2025-02-08,DESKTOP,12,891,0.013468013468013467,23.839506172839506
2025-02-09,DESKTOP,12,947,0.012671594508975714,30.193241816261878
2025-02-15,DESKTOP,12,893,0.013437849944008958,20.57110862262038
2025-07-20,DESKTOP,12,926,0.012958963282937365,17.37365010799136
2025-07-26,DESKTOP,12,1047,0.011461318051575931,18.176695319961794
2025-08-03,DESKTOP,12,933,0.012861736334405145,18.259378349410504
2025-08-17,DESKTOP,12,707,0.016973125884016973,16.68175388967468
2025-10-25,DESKTOP,12,597,0.020100502512562814,7.514237855946399
2025-11-02,DESKTOP,12,578,0.020761245674740483,9.22318339100346
2025-12-28,DESKTOP,12,730,0.01643835616438356,10.06986301369863
2024-12-29,DESKTOP,11,774,0.014211886304909561,24.171834625322997
2025-02-23,DESKTOP,11,729,0.015089163237311385,19.133058984910836
2025-04-05,DESKTOP,11,972,0.01131687242798354,26.229423868312757
2025-05-03,DESKTOP,11,1064,0.010338345864661654,29.012218045112782
2025-05-31,DESKTOP,11,1150,0.009565217391304347,27.62
2025-06-19,DESKTOP,11,1093,0.010064043915827997,17.148215919487647
2025-07-12,DESKTOP,11,924,0.011904761904761904,21.08874458874459
2025-07-19,DESKTOP,11,901,0.01220865704772475,16.48057713651498
2026-01-03,DESKTOP,11,905,0.012154696132596685,9.74696132596685
2026-01-04,DESKTOP,11,863,0.012746234067207415,9.491309385863268
2026-01-24,DESKTOP,11,856,0.012850467289719626,12.66822429906542
2026-02-08,DESKTOP,11,937,0.011739594450373533,13.437566702241195
2025-03-23,DESKTOP,10,679,0.014727540500736377,17.673048600883654
2025-05-04,DESKTOP,10,1000,0.01,26.746
2025-05-11,DESKTOP,10,668,0.014970059880239521,19.25449101796407
2025-06-22,DESKTOP,10,833,0.012004801920768308,15.883553421368548
2025-08-16,DESKTOP,10,903,0.01107419712070875,16.495016611295682
2026-01-01,DESKTOP,10,800,0.0125,8.95625
2026-01-31,DESKTOP,10,873,0.011454753722794959,12.802978235967927
2026-02-07,DESKTOP,10,867,0.011534025374855825,9.931949250288351
2026-02-14,DESKTOP,10,879,0.011376564277588168,10.286689419795222
2024-12-28,DESKTOP,9,862,0.010440835266821345,26.316705336426914
2025-03-16,DESKTOP,9,734,0.01226158038147139,15.829700272479563
2025-03-22,DESKTOP,9,662,0.013595166163141994,18.738670694864048
2025-04-13,DESKTOP,9,900,0.01,30.384444444444444
2025-05-17,DESKTOP,9,739,0.012178619756427604,16.415426251691475
2025-05-25,DESKTOP,9,1272,0.007075471698113208,33.3498427672956
2025-07-13,DESKTOP,9,759,0.011857707509881422,19.49802371541502
2025-08-02,DESKTOP,9,996,0.009036144578313253,18.652610441767067
2025-08-31,DESKTOP,9,1489,0.006044325050369375,33.664875755540635
2025-10-05,DESKTOP,9,492,0.018292682926829267,7.705284552845528
2025-10-12,DESKTOP,9,536,0.016791044776119403,8.139925373134329
2025-11-09,DESKTOP,9,613,0.01468189233278956,9.044045676998369
2025-11-22,DESKTOP,9,682,0.013196480938416423,8.806451612903226
2026-03-01,DESKTOP,9,842,0.010688836104513063,14.880047505938242
2026-03-07,DESKTOP,9,604,0.014900662251655629,10.451986754966887
2025-03-15,DESKTOP,8,654,0.012232415902140673,17.81192660550459
2025-04-18,DESKTOP,8,954,0.008385744234800839,25.750524109014677
2025-06-28,DESKTOP,8,1432,0.00558659217877095,14.958100558659218
2025-08-23,DESKTOP,8,968,0.008264462809917356,17.113636363636363
2025-08-24,DESKTOP,8,2457,0.003256003256003256,29.237281237281238
2025-09-27,DESKTOP,8,554,0.01444043321299639,8.339350180505416
2025-09-28,DESKTOP,8,565,0.01415929203539823,8.819469026548672
2025-11-15,DESKTOP,8,597,0.01340033500837521,8.938023450586265
2025-11-16,DESKTOP,8,1029,0.007774538386783284,17.53935860058309
2025-11-29,DESKTOP,8,653,0.01225114854517611,9.237366003062787
2026-01-18,DESKTOP,8,1295,0.006177606177606178,18.745173745173744
2026-02-22,DESKTOP,8,651,0.01228878648233487,11.726574500768049
2025-01-01,DESKTOP,7,614,0.011400651465798045,24.998371335504885
2025-03-02,DESKTOP,7,1753,0.003993154592127781,34.50370792926412
2025-04-21,DESKTOP,7,981,0.007135575942915392,24.37920489296636
2025-04-26,DESKTOP,7,861,0.008130081300813009,20.828106852497097
2025-06-21,DESKTOP,7,1253,0.00558659217877095,23.063846767757383
2025-09-06,DESKTOP,7,1308,0.005351681957186544,15.402140672782874
2025-10-19,DESKTOP,7,475,0.014736842105263158,8.623157894736842
2025-10-26,DESKTOP,7,492,0.014227642276422764,7.939024390243903
2026-02-01,DESKTOP,7,815,0.008588957055214725,13.346012269938651
2026-03-14,DESKTOP,7,586,0.011945392491467578,10.761092150170649
2025-03-29,DESKTOP,6,724,0.008287292817679558,21.272099447513813
2025-04-06,DESKTOP,6,881,0.00681044267877412,28.473325766174803
2025-04-19,DESKTOP,6,1036,0.005791505791505791,31.494208494208493
2025-09-07,DESKTOP,6,1776,0.0033783783783783786,28.469594594594593
2025-10-04,DESKTOP,6,516,0.011627906976744186,7.771317829457364
2025-12-06,DESKTOP,6,684,0.008771929824561403,9.852339181286549
2025-12-25,DESKTOP,6,730,0.00821917808219178,11.646575342465754
2026-01-25,DESKTOP,6,790,0.007594936708860759,14.40886075949367
2026-03-21,DESKTOP,6,754,0.007957559681697613,9.210875331564987
2026-03-22,DESKTOP,6,1107,0.005420054200542005,7.7741644083107495
2025-01-26,DESKTOP,5,542,0.00922509225092251,22.210332103321033
2025-03-01,DESKTOP,5,647,0.0077279752704791345,22.080370942812984
2025-03-08,DESKTOP,5,823,0.006075334143377886,18.96719319562576
2025-06-01,DESKTOP,5,1367,0.0036576444769568397,32.38844184345282
2026-01-17,DESKTOP,5,931,0.0053705692803437165,11.832438238453276
2026-02-15,DESKTOP,5,666,0.0075075075075075074,11.758258258258259
2026-03-08,DESKTOP,5,566,0.0088339222614841,10.703180212014134
2025-02-02,DESKTOP,4,871,0.004592422502870264,21.219288174512055
2025-07-09,TABLET,4,32,0.125,6.4375
2025-07-13,TABLET,4,44,0.09090909090909091,7.045454545454546
2025-09-13,DESKTOP,4,590,0.006779661016949152,11.345762711864406
2025-11-01,DESKTOP,4,511,0.007827788649706457,10.142857142857142
2026-03-28,DESKTOP,4,845,0.004733727810650888,9.397633136094674
2025-01-08,TABLET,3,55,0.05454545454545454,7.163636363636364
2025-03-21,TABLET,3,26,0.11538461538461539,6.384615384615385
2025-04-20,DESKTOP,3,934,0.0032119914346895075,33.6220556745182
2025-05-01,TABLET,3,51,0.058823529411764705,7.235294117647059
2025-05-15,TABLET,3,26,0.11538461538461539,6.076923076923077
2025-05-20,TABLET,3,41,0.07317073170731707,5.414634146341464
2025-07-02,TABLET,3,27,0.1111111111111111,7.0
2025-07-15,TABLET,3,33,0.09090909090909091,5.787878787878788
2025-08-10,DESKTOP,3,760,0.003947368421052632,20.35921052631579
2026-01-19,TABLET,3,43,0.06976744186046512,7.627906976744186
2026-03-15,DESKTOP,3,901,0.003329633740288568,14.524972253052164
2026-03-28,TABLET,3,24,0.125,3.375
2025-01-02,TABLET,2,33,0.06060606060606061,8.0
2025-01-03,TABLET,2,32,0.0625,8.6875
2025-03-24,TABLET,2,25,0.08,7.76
2025-05-10,TABLET,2,27,0.07407407407407407,7.777777777777778
2025-05-23,TABLET,2,27,0.07407407407407407,6.222222222222222
2025-05-29,TABLET,2,32,0.0625,7.875
2025-07-08,TABLET,2,14,0.14285714285714285,7.285714285714286
2025-07-10,TABLET,2,29,0.06896551724137931,6.620689655172414
2025-07-11,TABLET,2,23,0.08695652173913043,7.260869565217392
2025-07-12,TABLET,2,24,0.08333333333333333,8.291666666666668
2025-07-14,TABLET,2,26,0.07692307692307693,8.115384615384615
2025-07-16,TABLET,2,25,0.08,6.76
2025-07-17,TABLET,2,19,0.10526315789473684,6.526315789473684
2025-07-20,TABLET,2,17,0.11764705882352941,8.529411764705882
2025-07-21,TABLET,2,31,0.06451612903225806,7.161290322580645
2025-08-30,TABLET,2,41,0.04878048780487805,7.609756097560975
2025-09-01,TABLET,2,38,0.05263157894736842,6.894736842105263
2025-09-02,TABLET,2,48,0.041666666666666664,7.770833333333333
2025-09-04,TABLET,2,50,0.04,7.96
2025-09-08,TABLET,2,35,0.05714285714285714,7.114285714285714
2025-09-14,TABLET,2,30,0.06666666666666667,6.433333333333334
2025-11-08,DESKTOP,2,577,0.0034662045060658577,9.074523396880416
2025-11-09,TABLET,2,26,0.07692307692307693,7.461538461538462
2025-12-22,TABLET,2,32,0.0625,8.96875
2026-01-03,TABLET,2,43,0.046511627906976744,7.372093023255814
2026-01-09,TABLET,2,28,0.07142857142857142,7.142857142857143
2026-01-27,TABLET,2,41,0.04878048780487805,8.146341463414634
2024-12-27,TABLET,1,31,0.03225806451612903,6.419354838709677
2025-01-10,TABLET,1,39,0.02564102564102564,7.461538461538462
2025-01-29,TABLET,1,26,0.038461538461538464,9.192307692307692
2025-01-30,TABLET,1,25,0.04,5.88
2025-02-01,TABLET,1,31,0.03225806451612903,8.129032258064516
2025-02-05,TABLET,1,29,0.034482758620689655,6.896551724137931
2025-02-06,TABLET,1,44,0.022727272727272728,7.2272727272727275
2025-02-09,TABLET,1,29,0.034482758620689655,6.310344827586207
2025-02-14,TABLET,1,27,0.037037037037037035,7.407407407407407
2025-02-25,TABLET,1,15,0.06666666666666667,6.533333333333333
2025-02-27,TABLET,1,28,0.03571428571428571,6.821428571428571
2025-03-04,TABLET,1,38,0.02631578947368421,8.394736842105264
2025-03-05,TABLET,1,30,0.03333333333333333,8.066666666666666
2025-03-12,TABLET,1,36,0.027777777777777776,5.777777777777778
2025-03-26,TABLET,1,22,0.045454545454545456,6.954545454545454
2025-04-01,TABLET,1,17,0.058823529411764705,8.941176470588236
2025-04-04,TABLET,1,26,0.038461538461538464,8.76923076923077
2025-04-14,TABLET,1,23,0.043478260869565216,7.6521739130434785
2025-04-18,TABLET,1,25,0.04,7.32
2025-04-27,TABLET,1,34,0.029411764705882353,7.5
2025-04-28,TABLET,1,55,0.01818181818181818,6.8
2025-04-29,TABLET,1,41,0.024390243902439025,7.048780487804878
2025-05-02,TABLET,1,22,0.045454545454545456,13.909090909090908
2025-05-05,TABLET,1,54,0.018518518518518517,6.62962962962963
2025-05-17,TABLET,1,30,0.03333333333333333,5.733333333333333
2025-05-21,TABLET,1,62,0.016129032258064516,7.887096774193548
2025-05-28,TABLET,1,38,0.02631578947368421,6.7894736842105265
2025-06-02,TABLET,1,41,0.024390243902439025,6.048780487804878
2025-06-04,TABLET,1,24,0.041666666666666664,8.208333333333332
2025-06-05,TABLET,1,48,0.020833333333333332,7.458333333333333
2025-06-11,TABLET,1,25,0.04,8.32
2025-06-12,TABLET,1,17,0.058823529411764705,8.352941176470587
2025-06-22,TABLET,1,33,0.030303030303030304,6.121212121212121
2025-06-23,TABLET,1,24,0.041666666666666664,7.208333333333333
2025-06-29,TABLET,1,32,0.03125,8.28125
2025-07-01,TABLET,1,27,0.037037037037037035,6.851851851851852
2025-07-07,TABLET,1,20,0.05,5.85
2025-07-18,TABLET,1,20,0.05,7.05
2025-07-19,TABLET,1,19,0.05263157894736842,7.421052631578948
2025-07-24,TABLET,1,23,0.043478260869565216,6.739130434782608
2025-07-26,TABLET,1,29,0.034482758620689655,9.931034482758621
2025-07-27,TABLET,1,31,0.03225806451612903,7.0
2025-07-28,TABLET,1,37,0.02702702702702703,7.405405405405405
2025-07-30,TABLET,1,28,0.03571428571428571,6.678571428571429
2025-08-02,TABLET,1,27,0.037037037037037035,6.888888888888889
2025-08-11,TABLET,1,24,0.041666666666666664,9.291666666666666
2025-08-12,TABLET,1,34,0.029411764705882353,6.264705882352941
2025-08-24,TABLET,1,26,0.038461538461538464,6.615384615384615
2025-08-29,TABLET,1,28,0.03571428571428571,5.5
2025-09-03,TABLET,1,31,0.03225806451612903,7.129032258064516
2025-09-06,TABLET,1,47,0.02127659574468085,8.02127659574468
2025-09-09,TABLET,1,32,0.03125,7.375
2025-09-10,TABLET,1,26,0.038461538461538464,9.26923076923077
2025-09-11,TABLET,1,22,0.045454545454545456,7.409090909090909
2025-09-12,TABLET,1,21,0.047619047619047616,6.523809523809524
2025-09-13,TABLET,1,19,0.05263157894736842,7.052631578947368
2025-09-15,TABLET,1,21,0.047619047619047616,5.523809523809524
2025-09-16,TABLET,1,12,0.08333333333333333,5.0
2025-09-17,TABLET,1,24,0.041666666666666664,5.0
2025-09-23,TABLET,1,11,0.09090909090909091,5.181818181818182
2025-10-11,TABLET,1,24,0.041666666666666664,7.416666666666667
2025-10-12,TABLET,1,22,0.045454545454545456,8.90909090909091
2025-10-18,TABLET,1,17,0.058823529411764705,5.882352941176471
2025-10-19,TABLET,1,20,0.05,10.55
2025-10-22,TABLET,1,17,0.058823529411764705,7.0
2025-10-27,TABLET,1,17,0.058823529411764705,5.823529411764706
2025-10-28,TABLET,1,22,0.045454545454545456,5.909090909090909
2025-10-31,TABLET,1,13,0.07692307692307693,6.769230769230769
2025-11-14,TABLET,1,16,0.0625,5.9375
2025-11-19,TABLET,1,28,0.03571428571428571,5.464285714285714
2025-11-20,TABLET,1,29,0.034482758620689655,5.103448275862069
2025-11-26,TABLET,1,16,0.0625,7.125
2025-11-27,TABLET,1,35,0.02857142857142857,6.0
2025-12-01,TABLET,1,26,0.038461538461538464,6.576923076923077
2025-12-13,TABLET,1,42,0.023809523809523808,6.666666666666667
2025-12-15,TABLET,1,41,0.024390243902439025,8.073170731707318
2025-12-26,TABLET,1,26,0.038461538461538464,9.961538461538462
2025-12-27,TABLET,1,29,0.034482758620689655,11.655172413793103
2025-12-28,TABLET,1,39,0.02564102564102564,8.538461538461538
2026-01-02,TABLET,1,36,0.027777777777777776,9.944444444444445
2026-01-12,TABLET,1,25,0.04,8.24
2026-01-15,TABLET,1,42,0.023809523809523808,7.238095238095238
2026-01-21,TABLET,1,63,0.015873015873015872,8.269841269841269
2026-02-03,TABLET,1,45,0.022222222222222223,7.311111111111111
2026-02-04,TABLET,1,41,0.024390243902439025,8.073170731707318
2026-02-09,TABLET,1,32,0.03125,7.71875
2026-02-20,TABLET,1,74,0.013513513513513514,9.54054054054054
2026-02-21,TABLET,1,85,0.011764705882352941,8.611764705882353
2026-02-24,TABLET,1,68,0.014705882352941176,9.411764705882353
2026-02-25,TABLET,1,74,0.013513513513513514,8.54054054054054
2026-02-28,TABLET,1,76,0.013157894736842105,8.131578947368421
2026-03-04,TABLET,1,40,0.025,5.975
2026-03-13,TABLET,1,36,0.027777777777777776,6.305555555555555
2026-03-20,TABLET,1,43,0.023255813953488372,6.558139534883721
2026-03-21,TABLET,1,29,0.034482758620689655,5.068965517241379
2024-12-06,TABLET,0,19,0.0,6.631578947368421
2024-12-07,TABLET,0,20,0.0,6.0
2024-12-08,TABLET,0,45,0.0,6.777777777777778
2024-12-09,TABLET,0,19,0.0,7.7368421052631575
2024-12-10,TABLET,0,22,0.0,7.545454545454546
2024-12-11,TABLET,0,16,0.0,11.0
2024-12-12,TABLET,0,24,0.0,7.541666666666667
2024-12-13,TABLET,0,27,0.0,8.296296296296298
2024-12-14,TABLET,0,34,0.0,6.352941176470588
2024-12-15,TABLET,0,34,0.0,7.323529411764706
2024-12-16,TABLET,0,54,0.0,11.185185185185185
2024-12-17,TABLET,0,32,0.0,6.96875
2024-12-18,TABLET,0,47,0.0,7.191489361702128
2024-12-19,TABLET,0,37,0.0,6.891891891891892
2024-12-20,TABLET,0,29,0.0,7.241379310344827
2024-12-21,TABLET,0,33,0.0,7.666666666666667
2024-12-22,TABLET,0,36,0.0,7.638888888888889
2024-12-23,TABLET,0,28,0.0,7.75
2024-12-24,TABLET,0,24,0.0,8.541666666666668
2024-12-25,TABLET,0,47,0.0,9.23404255319149
2024-12-26,TABLET,0,44,0.0,8.113636363636363
2024-12-28,TABLET,0,27,0.0,7.037037037037037
2024-12-29,TABLET,0,37,0.0,7.1891891891891895
2024-12-30,TABLET,0,32,0.0,7.375
2024-12-31,TABLET,0,23,0.0,8.956521739130434
2025-01-01,TABLET,0,18,0.0,9.333333333333334
2025-01-04,TABLET,0,28,0.0,9.142857142857142
2025-01-05,TABLET,0,28,0.0,7.928571428571429
2025-01-06,TABLET,0,30,0.0,8.233333333333334
2025-01-07,TABLET,0,32,0.0,8.5
2025-01-09,TABLET,0,55,0.0,7.2
2025-01-11,TABLET,0,40,0.0,7.875
2025-01-12,TABLET,0,31,0.0,7.806451612903226
2025-01-13,TABLET,0,24,0.0,7.25
2025-01-14,TABLET,0,34,0.0,7.029411764705882
2025-01-15,TABLET,0,15,0.0,6.933333333333334
2025-01-16,TABLET,0,45,0.0,8.577777777777778
2025-01-17,TABLET,0,49,0.0,7.510204081632653
2025-01-18,TABLET,0,30,0.0,7.833333333333333
2025-01-19,TABLET,0,34,0.0,8.852941176470587
2025-01-20,TABLET,0,22,0.0,9.772727272727273
2025-01-21,TABLET,0,42,0.0,8.0
2025-01-22,TABLET,0,22,0.0,6.363636363636363
2025-01-23,TABLET,0,43,0.0,8.674418604651162
2025-01-24,TABLET,0,32,0.0,9.21875
2025-01-25,TABLET,0,41,0.0,6.024390243902439
2025-01-26,TABLET,0,28,0.0,6.785714285714286
2025-01-27,TABLET,0,38,0.0,7.973684210526316
2025-01-28,TABLET,0,39,0.0,9.102564102564102
2025-01-31,TABLET,0,20,0.0,8.2
2025-02-02,TABLET,0,34,0.0,8.294117647058822
2025-02-03,TABLET,0,53,0.0,9.566037735849056
2025-02-04,TABLET,0,35,0.0,7.714285714285714
2025-02-07,TABLET,0,31,0.0,6.451612903225806
2025-02-08,TABLET,0,39,0.0,8.076923076923077
2025-02-10,TABLET,0,26,0.0,7.769230769230769
2025-02-11,TABLET,0,29,0.0,8.0
2025-02-12,TABLET,0,27,0.0,6.851851851851852
2025-02-13,TABLET,0,25,0.0,7.2
2025-02-15,TABLET,0,24,0.0,7.25
2025-02-16,TABLET,0,28,0.0,5.928571428571429
2025-02-17,TABLET,0,22,0.0,7.863636363636363
2025-02-18,TABLET,0,33,0.0,7.303030303030303
2025-02-19,TABLET,0,34,0.0,7.294117647058823
2025-02-20,TABLET,0,30,0.0,8.1
2025-02-21,TABLET,0,24,0.0,14.291666666666666
2025-02-22,TABLET,0,28,0.0,7.5
2025-02-23,TABLET,0,39,0.0,7.358974358974359
2025-02-24,TABLET,0,24,0.0,6.625
2025-02-26,TABLET,0,35,0.0,8.114285714285714
2025-02-28,TABLET,0,30,0.0,7.833333333333333
2025-03-01,TABLET,0,20,0.0,7.8
2025-03-02,TABLET,0,22,0.0,8.272727272727273
2025-03-03,TABLET,0,32,0.0,7.8125
2025-03-06,TABLET,0,34,0.0,6.382352941176471
2025-03-07,TABLET,0,18,0.0,8.333333333333332
2025-03-08,TABLET,0,15,0.0,8.533333333333333
2025-03-09,TABLET,0,39,0.0,7.410256410256411
2025-03-10,TABLET,0,27,0.0,8.481481481481481
2025-03-11,TABLET,0,36,0.0,7.083333333333333
2025-03-13,TABLET,0,28,0.0,6.642857142857143
2025-03-14,TABLET,0,16,0.0,5.9375
2025-03-15,TABLET,0,36,0.0,6.638888888888889
2025-03-16,TABLET,0,34,0.0,6.735294117647059
2025-03-17,TABLET,0,31,0.0,7.354838709677419
2025-03-18,TABLET,0,29,0.0,9.172413793103448
2025-03-19,TABLET,0,20,0.0,6.05
2025-03-20,TABLET,0,17,0.0,5.470588235294118
2025-03-22,TABLET,0,11,0.0,7.636363636363637
2025-03-23,TABLET,0,25,0.0,8.36
2025-03-25,TABLET,0,25,0.0,9.12
2025-03-27,TABLET,0,32,0.0,7.40625
2025-03-28,TABLET,0,22,0.0,9.545454545454545
2025-03-29,TABLET,0,23,0.0,9.217391304347826
2025-03-30,TABLET,0,29,0.0,8.03448275862069
2025-03-31,TABLET,0,22,0.0,9.090909090909092
2025-04-02,TABLET,0,21,0.0,8.19047619047619
2025-04-03,TABLET,0,17,0.0,8.470588235294118
2025-04-05,TABLET,0,28,0.0,9.75
2025-04-06,TABLET,0,29,0.0,8.758620689655173
2025-04-07,TABLET,0,15,0.0,8.666666666666668
2025-04-08,TABLET,0,18,0.0,8.11111111111111
2025-04-09,TABLET,0,9,0.0,9.222222222222221
2025-04-10,TABLET,0,22,0.0,11.0
2025-04-11,TABLET,0,21,0.0,7.476190476190476
2025-04-12,TABLET,0,18,0.0,9.555555555555555
2025-04-13,TABLET,0,32,0.0,9.3125
2025-04-15,TABLET,0,13,0.0,7.230769230769231
2025-04-16,TABLET,0,27,0.0,7.555555555555555
2025-04-17,TABLET,0,12,0.0,7.916666666666667
2025-04-19,TABLET,0,26,0.0,8.423076923076923
2025-04-20,TABLET,0,23,0.0,8.391304347826086
2025-04-21,TABLET,0,22,0.0,8.09090909090909
2025-04-22,TABLET,0,39,0.0,28.871794871794872
2025-04-23,TABLET,0,23,0.0,8.826086956521738
2025-04-24,TABLET,0,22,0.0,8.227272727272727
2025-04-25,TABLET,0,28,0.0,8.035714285714285
2025-04-26,TABLET,0,18,0.0,8.88888888888889
2025-04-30,TABLET,0,39,0.0,7.051282051282051
2025-05-03,TABLET,0,26,0.0,6.884615384615385
2025-05-04,TABLET,0,29,0.0,9.068965517241379
2025-05-06,TABLET,0,22,0.0,6.681818181818182
2025-05-07,TABLET,0,44,0.0,24.704545454545453
2025-05-08,TABLET,0,28,0.0,7.642857142857143
2025-05-09,TABLET,0,38,0.0,6.7105263157894735
2025-05-11,TABLET,0,19,0.0,7.2105263157894735
2025-05-12,TABLET,0,28,0.0,8.321428571428571
2025-05-13,TABLET,0,23,0.0,6.260869565217392
2025-05-14,TABLET,0,28,0.0,7.25
2025-05-16,TABLET,0,31,0.0,6.67741935483871
2025-05-18,TABLET,0,23,0.0,5.565217391304348
2025-05-19,TABLET,0,33,0.0,7.515151515151516
2025-05-22,TABLET,0,31,0.0,7.161290322580645
2025-05-24,TABLET,0,34,0.0,8.823529411764707
2025-05-25,TABLET,0,37,0.0,6.972972972972973
2025-05-26,TABLET,0,30,0.0,7.633333333333334
2025-05-27,TABLET,0,40,0.0,6.9
2025-05-30,TABLET,0,16,0.0,7.0
2025-05-31,TABLET,0,35,0.0,5.571428571428571
2025-06-01,TABLET,0,40,0.0,6.45
2025-06-03,TABLET,0,22,0.0,6.454545454545454
2025-06-06,TABLET,0,45,0.0,5.8
2025-06-07,TABLET,0,27,0.0,6.814814814814815
2025-06-08,TABLET,0,29,0.0,7.103448275862069
2025-06-09,TABLET,0,37,0.0,7.081081081081081
2025-06-10,TABLET,0,33,0.0,7.090909090909091
2025-06-13,TABLET,0,17,0.0,7.235294117647059
2025-06-14,TABLET,0,19,0.0,8.210526315789473
2025-06-15,TABLET,0,26,0.0,9.615384615384615
2025-06-16,TABLET,0,21,0.0,9.952380952380953
2025-06-17,TABLET,0,25,0.0,9.68
2025-06-18,TABLET,0,45,0.0,7.622222222222222
2025-06-19,TABLET,0,28,0.0,7.892857142857143
2025-06-20,TABLET,0,27,0.0,8.62962962962963
2025-06-21,TABLET,0,32,0.0,7.4375
2025-06-24,TABLET,0,23,0.0,7.0
2025-06-25,TABLET,0,30,0.0,6.6
2025-06-26,TABLET,0,34,0.0,7.205882352941177
2025-06-27,TABLET,0,23,0.0,7.826086956521739
2025-06-28,TABLET,0,20,0.0,9.15
2025-06-30,TABLET,0,30,0.0,7.366666666666666
2025-07-03,TABLET,0,24,0.0,7.0
2025-07-04,TABLET,0,19,0.0,6.894736842105263
2025-07-05,TABLET,0,13,0.0,7.153846153846154
2025-07-06,TABLET,0,14,0.0,8.928571428571429
2025-07-22,TABLET,0,22,0.0,8.545454545454547
2025-07-23,TABLET,0,30,0.0,8.1
2025-07-25,TABLET,0,22,0.0,7.545454545454546
2025-07-29,TABLET,0,19,0.0,7.2105263157894735
2025-07-31,TABLET,0,34,0.0,6.705882352941177
2025-08-01,TABLET,0,26,0.0,6.576923076923077
2025-08-03,TABLET,0,32,0.0,6.59375
2025-08-04,TABLET,0,31,0.0,7.129032258064516
2025-08-05,TABLET,0,25,0.0,7.28
2025-08-06,TABLET,0,34,0.0,7.5588235294117645
2025-08-07,TABLET,0,36,0.0,7.722222222222222
2025-08-08,TABLET,0,22,0.0,8.818181818181818
2025-08-09,TABLET,0,29,0.0,7.724137931034483
2025-08-10,TABLET,0,27,0.0,7.481481481481482
2025-08-13,TABLET,0,42,0.0,6.333333333333333
2025-08-14,TABLET,0,22,0.0,8.0
2025-08-15,TABLET,0,25,0.0,6.24
2025-08-16,TABLET,0,18,0.0,6.722222222222222
2025-08-17,TABLET,0,32,0.0,7.125
2025-08-18,TABLET,0,18,0.0,6.277777777777778
2025-08-19,TABLET,0,22,0.0,5.7727272727272725
2025-08-20,TABLET,0,26,0.0,5.076923076923077
2025-08-21,TABLET,0,12,0.0,5.916666666666667
2025-08-22,TABLET,0,29,0.0,6.655172413793103
2025-08-23,TABLET,0,34,0.0,7.117647058823529
2025-08-25,TABLET,0,27,0.0,6.222222222222222
2025-08-26,TABLET,0,18,0.0,6.722222222222222
2025-08-27,TABLET,0,25,0.0,9.36
2025-08-28,TABLET,0,22,0.0,7.0
2025-08-31,TABLET,0,34,0.0,7.382352941176471
2025-09-05,TABLET,0,42,0.0,6.023809523809524
2025-09-07,TABLET,0,40,0.0,6.55
2025-09-18,TABLET,0,6,0.0,10.666666666666666
2025-09-19,TABLET,0,14,0.0,7.357142857142857
2025-09-20,TABLET,0,23,0.0,7.3478260869565215
2025-09-21,TABLET,0,24,0.0,8.625
2025-09-22,TABLET,0,31,0.0,5.709677419354839
2025-09-24,TABLET,0,13,0.0,8.615384615384615
2025-09-25,TABLET,0,15,0.0,7.933333333333334
2025-09-26,TABLET,0,18,0.0,5.222222222222222
2025-09-27,TABLET,0,21,0.0,8.523809523809524
2025-09-28,TABLET,0,17,0.0,7.529411764705882
2025-09-29,TABLET,0,43,0.0,7.023255813953488
2025-09-30,TABLET,0,23,0.0,6.521739130434782
2025-10-01,TABLET,0,14,0.0,5.214285714285714
2025-10-02,TABLET,0,11,0.0,7.454545454545454
2025-10-03,TABLET,0,16,0.0,7.125
2025-10-04,TABLET,0,23,0.0,7.391304347826087
2025-10-05,TABLET,0,16,0.0,9.8125
2025-10-06,TABLET,0,17,0.0,7.764705882352941
2025-10-07,TABLET,0,12,0.0,6.833333333333333
2025-10-08,TABLET,0,17,0.0,6.470588235294118
2025-10-09,TABLET,0,14,0.0,7.285714285714286
2025-10-10,TABLET,0,13,0.0,7.230769230769231
2025-10-13,TABLET,0,19,0.0,8.894736842105264
2025-10-14,TABLET,0,7,0.0,8.714285714285715
2025-10-15,TABLET,0,9,0.0,8.555555555555555
2025-10-16,TABLET,0,22,0.0,7.7272727272727275
2025-10-17,TABLET,0,20,0.0,7.05
2025-10-20,TABLET,0,24,0.0,7.5
2025-10-21,TABLET,0,11,0.0,5.7272727272727275
2025-10-23,TABLET,0,22,0.0,7.681818181818182
2025-10-24,TABLET,0,8,0.0,6.25
2025-10-25,TABLET,0,12,0.0,6.5
2025-10-26,TABLET,0,22,0.0,6.7727272727272725
2025-10-29,TABLET,0,11,0.0,6.363636363636363
2025-10-30,TABLET,0,16,0.0,5.625
2025-11-01,TABLET,0,12,0.0,6.833333333333333
2025-11-02,TABLET,0,15,0.0,8.066666666666666
2025-11-03,TABLET,0,26,0.0,6.269230769230769
2025-11-04,TABLET,0,20,0.0,6.3
2025-11-05,TABLET,0,14,0.0,8.0
2025-11-06,TABLET,0,19,0.0,8.0
2025-11-07,TABLET,0,11,0.0,5.818181818181818
2025-11-08,TABLET,0,21,0.0,7.571428571428571
2025-11-10,TABLET,0,21,0.0,7.428571428571429
2025-11-11,TABLET,0,14,0.0,7.214285714285714
2025-11-12,TABLET,0,26,0.0,6.576923076923077
2025-11-13,TABLET,0,21,0.0,6.523809523809524
2025-11-15,TABLET,0,20,0.0,6.15
2025-11-16,TABLET,0,23,0.0,6.391304347826087
2025-11-17,TABLET,0,20,0.0,6.3
2025-11-18,TABLET,0,27,0.0,6.222222222222222
2025-11-21,TABLET,0,25,0.0,6.52
2025-11-22,TABLET,0,14,0.0,9.5
2025-11-23,TABLET,0,20,0.0,6.5
2025-11-24,TABLET,0,16,0.0,10.125
2025-11-25,TABLET,0,13,0.0,9.23076923076923
2025-11-28,TABLET,0,20,0.0,8.1
2025-11-29,TABLET,0,17,0.0,5.0
2025-11-30,TABLET,0,20,0.0,6.95
2025-12-02,TABLET,0,34,0.0,9.088235294117647
2025-12-03,TABLET,0,27,0.0,11.25925925925926
2025-12-04,TABLET,0,31,0.0,9.580645161290322
2025-12-05,TABLET,0,15,0.0,7.8
2025-12-06,TABLET,0,41,0.0,8.512195121951219
2025-12-07,TABLET,0,18,0.0,7.111111111111111
2025-12-08,TABLET,0,46,0.0,7.260869565217392
2025-12-09,TABLET,0,42,0.0,6.857142857142857
2025-12-10,TABLET,0,31,0.0,7.67741935483871
2025-12-11,TABLET,0,28,0.0,8.214285714285715
2025-12-12,TABLET,0,42,0.0,6.738095238095238
2025-12-14,TABLET,0,32,0.0,9.96875
2025-12-16,TABLET,0,37,0.0,7.594594594594595
2025-12-17,TABLET,0,28,0.0,8.285714285714285
2025-12-18,TABLET,0,43,0.0,7.558139534883721
2025-12-19,TABLET,0,41,0.0,7.926829268292683
2025-12-20,TABLET,0,33,0.0,8.727272727272727
2025-12-21,TABLET,0,41,0.0,9.975609756097562
2025-12-23,TABLET,0,35,0.0,8.82857142857143
2025-12-24,TABLET,0,29,0.0,10.379310344827585
2025-12-25,TABLET,0,32,0.0,7.625
2025-12-29,TABLET,0,38,0.0,9.263157894736842
2025-12-30,TABLET,0,37,0.0,7.351351351351352
2025-12-31,TABLET,0,29,0.0,8.931034482758621
2026-01-01,TABLET,0,37,0.0,8.378378378378379
2026-01-04,TABLET,0,45,0.0,9.022222222222222
2026-01-05,TABLET,0,37,0.0,6.702702702702703
2026-01-06,TABLET,0,29,0.0,8.413793103448276
2026-01-07,TABLET,0,37,0.0,8.64864864864865
2026-01-08,TABLET,0,51,0.0,9.156862745098039
2026-01-10,TABLET,0,40,0.0,8.4
2026-01-11,TABLET,0,41,0.0,7.317073170731708
2026-01-13,TABLET,0,22,0.0,7.5
2026-01-14,TABLET,0,32,0.0,7.4375
2026-01-16,TABLET,0,36,0.0,8.61111111111111
2026-01-17,TABLET,0,37,0.0,8.81081081081081
2026-01-18,TABLET,0,47,0.0,7.829787234042553
2026-01-20,TABLET,0,34,0.0,6.970588235294118
2026-01-22,TABLET,0,45,0.0,9.466666666666667
2026-01-23,TABLET,0,40,0.0,6.925
2026-01-24,TABLET,0,31,0.0,8.548387096774194
2026-01-25,TABLET,0,53,0.0,8.773584905660378
2026-01-26,TABLET,0,47,0.0,8.02127659574468
2026-01-28,TABLET,0,59,0.0,7.610169491525424
2026-01-29,TABLET,0,32,0.0,7.71875
2026-01-30,TABLET,0,44,0.0,9.181818181818182
2026-01-31,TABLET,0,26,0.0,8.538461538461538
2026-02-01,TABLET,0,38,0.0,9.421052631578947
2026-02-02,TABLET,0,42,0.0,8.452380952380953
2026-02-05,TABLET,0,43,0.0,8.511627906976745
2026-02-06,TABLET,0,33,0.0,9.969696969696969
2026-02-07,TABLET,0,59,0.0,8.237288135593221
2026-02-08,TABLET,0,43,0.0,8.232558139534884
2026-02-10,TABLET,0,42,0.0,9.69047619047619
2026-02-11,TABLET,0,40,0.0,7.25
2026-02-12,TABLET,0,34,0.0,8.088235294117647
2026-02-13,TABLET,0,48,0.0,8.645833333333332
2026-02-14,TABLET,0,66,0.0,8.575757575757576
2026-02-15,TABLET,0,45,0.0,8.2
2026-02-16,TABLET,0,39,0.0,8.205128205128204
2026-02-17,TABLET,0,46,0.0,7.5
2026-02-18,TABLET,0,60,0.0,8.016666666666666
2026-02-19,TABLET,0,52,0.0,7.615384615384615
2026-02-22,TABLET,0,63,0.0,9.238095238095237
2026-02-23,TABLET,0,67,0.0,8.268656716417912
2026-02-26,TABLET,0,81,0.0,8.962962962962962
2026-02-27,TABLET,0,83,0.0,7.313253012048193
2026-03-01,TABLET,0,47,0.0,5.702127659574468
2026-03-02,TABLET,0,54,0.0,6.537037037037037
2026-03-03,TABLET,0,24,0.0,5.416666666666667
2026-03-05,TABLET,0,39,0.0,6.9743589743589745
2026-03-06,TABLET,0,70,0.0,6.9714285714285715
2026-03-07,TABLET,0,43,0.0,7.162790697674419
2026-03-08,TABLET,0,44,0.0,8.181818181818182
2026-03-09,TABLET,0,41,0.0,6.560975609756097
2026-03-10,TABLET,0,45,0.0,6.644444444444445
2026-03-11,TABLET,0,42,0.0,7.476190476190476
2026-03-12,TABLET,0,27,0.0,6.074074074074074
2026-03-14,TABLET,0,36,0.0,7.277777777777778
2026-03-15,TABLET,0,44,0.0,6.204545454545454
2026-03-16,TABLET,0,30,0.0,7.866666666666666
2026-03-17,TABLET,0,24,0.0,8.416666666666668
2026-03-18,TABLET,0,33,0.0,5.7272727272727275
2026-03-19,TABLET,0,22,0.0,5.454545454545454
2026-03-22,TABLET,0,23,0.0,6.130434782608695
2026-03-23,TABLET,0,33,0.0,5.03030303030303
2026-03-24,TABLET,0,32,0.0,6.96875
2026-03-25,TABLET,0,21,0.0,5.476190476190476
2026-03-26,TABLET,0,20,0.0,7.5
2026-03-27,TABLET,0,23,0.0,7.826086956521739
