date,device,cliques,impressoes,ctr,posicao
2026-06-17,MOBILE,135,2875,0.04695652173913043,6.83304347826087
2026-06-18,MOBILE,132,2896,0.04558011049723757,6.889848066298343
2026-01-15,MOBILE,115,4047,0.02841611069928342,7.124536693847294
2026-01-11,MOBILE,103,4863,0.021180341353074235,7.072794571252313
2025-06-15,MOBILE,100,5639,0.017733640716439084,8.929242773541407
2026-01-15,DESKTOP,98,2136,0.04588014981273408,8.588951310861423
2026-01-14,DESKTOP,94,2118,0.044381491973559964,8.38385269121813
2025-12-22,MOBILE,92,5645,0.016297608503100088,7.34207263064659
2025-12-30,MOBILE,90,5575,0.016143497757847534,7.096143497757848
2025-06-02,MOBILE,87,4062,0.02141802067946824,8.691038897095027
2025-12-23,MOBILE,86,5418,0.015873015873015872,7.032115171650055
2026-06-18,DESKTOP,86,2183,0.03939532753092075,7.808520384791572
2025-12-02,DESKTOP,84,1961,0.04283528811830699,7.74604793472718
2025-12-20,MOBILE,84,4731,0.017755231452124286,7.110336081166772
2025-12-26,MOBILE,84,5167,0.016257015676407974,7.052061157344688
2026-01-13,MOBILE,84,3666,0.022913256955810146,7.442716857610475
2026-01-16,DESKTOP,84,2067,0.040638606676342524,9.012094823415579
2026-05-09,MOBILE,84,4504,0.018650088809946713,7.913188277087034
2026-01-10,MOBILE,83,4631,0.017922694882314835,7.115741740444828
2026-01-16,MOBILE,83,4295,0.019324796274738067,7.262398137369034
2025-12-14,MOBILE,81,4544,0.017825704225352113,7.252420774647887
2026-01-12,DESKTOP,81,2279,0.03554190434401053,8.109697235629662
2026-05-25,DESKTOP,80,2042,0.039177277179236046,7.966209598432909
2026-08-16,MOBILE,80,3550,0.022535211267605635,7.5997183098591545
2025-12-08,DESKTOP,79,1903,0.04151339989490278,7.921177088807147
2026-01-14,MOBILE,79,4161,0.018985820716173996,8.20620043258832
2026-06-07,MOBILE,79,3405,0.023201174743024962,7.5048458149779735
2025-11-24,DESKTOP,78,1736,0.044930875576036866,7.349654377880184
2026-01-12,MOBILE,78,4106,0.018996590355577204,7.363614223088164
2025-06-16,MOBILE,74,3832,0.019311064718162838,10.544885177453027
2025-12-21,MOBILE,74,5519,0.013408226127921726,6.950715709367639
2026-08-15,MOBILE,74,3465,0.021356421356421358,7.463203463203463
2025-12-01,DESKTOP,73,1912,0.038179916317991634,7.510983263598327
2025-12-24,MOBILE,73,4793,0.015230544544126852,7.04652618401836
2025-12-28,MOBILE,73,4952,0.01474151857835218,7.188408723747981
2026-04-26,MOBILE,73,4080,0.017892156862745097,7.513480392156863
2025-06-16,DESKTOP,72,2579,0.02791779759596743,18.46956184567662
2025-06-17,DESKTOP,72,2085,0.034532374100719423,14.973141486810551
2026-05-02,MOBILE,72,4766,0.015107007973143098,7.4253042383550145
2026-06-19,MOBILE,72,2600,0.027692307692307693,7.273076923076923
2025-08-25,DESKTOP,71,2101,0.033793431699190864,10.940028557829605
2026-01-06,DESKTOP,71,1944,0.03652263374485597,7.776748971193416
2025-07-28,DESKTOP,70,2032,0.0344488188976378,11.965059055118111
2025-07-29,DESKTOP,70,2212,0.03164556962025317,11.517631103074141
2026-06-14,MOBILE,70,3461,0.020225368390638543,7.5457960127130885
2026-01-02,MOBILE,69,4544,0.015184859154929578,7.21368838028169
2026-01-04,MOBILE,69,4685,0.014727854855923159,7.287513340448239
2026-07-31,MOBILE,69,3236,0.021322620519159455,7.43974042027194
2026-08-01,MOBILE,69,3863,0.01786176546725343,7.693243593062387
2025-06-18,MOBILE,68,3678,0.018488308863512777,8.81131049483415
2025-10-07,DESKTOP,68,1374,0.049490538573508006,7.471615720524017
2026-01-09,MOBILE,68,3608,0.018847006651884702,7.6662971175166295
2026-05-08,DESKTOP,68,1941,0.03503348789283874,9.326635754765585
2026-05-16,MOBILE,68,4690,0.014498933901918977,7.23773987206823
2026-08-03,MOBILE,68,2637,0.02578687902919985,7.307925673113386
2025-11-10,DESKTOP,67,1574,0.042566709021601014,7.139135959339263
2025-12-09,DESKTOP,67,1839,0.03643284393692224,8.376291462751496
2026-04-18,MOBILE,67,4049,0.01654729562855026,7.061002716720178
2026-06-04,MOBILE,67,3276,0.020451770451770452,7.521062271062271
2026-06-17,DESKTOP,67,2398,0.02793994995829858,10.68765638031693
2025-06-14,MOBILE,66,5243,0.012588212855235552,8.997520503528515
2025-06-23,DESKTOP,66,1921,0.03435710567412806,14.44195731389901
2026-01-08,MOBILE,66,3600,0.018333333333333333,7.325
2026-05-13,DESKTOP,66,2065,0.031961259079903145,8.388377723970944
2026-08-28,MOBILE,66,2294,0.02877070619006103,7.914559721011334
2025-05-29,DESKTOP,65,1707,0.038078500292911543,14.551845342706503
2025-08-11,DESKTOP,65,1782,0.03647586980920314,12.075757575757576
2026-01-13,DESKTOP,65,2134,0.030459231490159326,8.43955014058107
2026-05-17,MOBILE,65,4172,0.01558005752636625,7.2543144774688395
2025-07-22,DESKTOP,64,2064,0.031007751937984496,11.199612403100776
2025-08-07,DESKTOP,64,1922,0.03329864724245578,14.45369406867846
2025-12-16,MOBILE,64,3945,0.016223067173637515,7.229657794676806
2026-01-03,MOBILE,64,4460,0.014349775784753363,7.132286995515695
2026-05-21,DESKTOP,64,1793,0.03569436698271054,7.943112102621305
2026-09-06,MOBILE,64,3070,0.020846905537459284,8.051465798045601
2025-08-14,DESKTOP,63,1792,0.03515625,12.413504464285714
2025-12-08,MOBILE,63,2992,0.021056149732620322,7.3786764705882355
2026-05-11,DESKTOP,63,2223,0.02834008097165992,8.73864147548358
2026-07-30,MOBILE,63,3089,0.020394949821948852,7.337973454192295
2026-08-29,MOBILE,63,2820,0.022340425531914895,8.043971631205673
2025-05-28,DESKTOP,62,2122,0.029217719132893498,20.851555136663524
2025-10-09,DESKTOP,62,1315,0.04714828897338403,7.377946768060837
2025-12-07,MOBILE,62,3739,0.016581973789783364,7.221182134260498
2026-04-27,DESKTOP,62,2187,0.0283493369913123,7.631001371742112
2026-05-03,MOBILE,62,3954,0.01568032372281234,7.5834597875569045
2026-07-22,MOBILE,62,3048,0.020341207349081365,7.667650918635171
2025-09-01,DESKTOP,61,1946,0.03134635149023638,14.199383350462487
2025-09-17,DESKTOP,61,1328,0.04593373493975904,7.72289156626506
2025-12-17,MOBILE,61,3929,0.015525579027742428,7.0389412064138455
2026-03-29,MOBILE,61,3126,0.019513755598208574,7.452015355086372
2026-06-09,DESKTOP,61,1935,0.03152454780361757,7.789147286821706
2025-06-07,MOBILE,60,7181,0.008355382258738338,9.839019635148308
2025-06-12,MOBILE,60,4245,0.014134275618374558,9.23698468786808
2025-06-20,MOBILE,60,4660,0.012875536480686695,8.53519313304721
2025-07-03,MOBILE,60,3392,0.01768867924528302,9.13502358490566
2025-08-12,DESKTOP,60,2080,0.028846153846153848,12.570673076923077
2025-08-19,DESKTOP,60,1801,0.03331482509716824,12.420322043309273
2025-08-25,MOBILE,60,3591,0.01670843776106934,8.460595934280144
2025-08-26,DESKTOP,60,2107,0.028476506881822496,10.387755102040817
2025-09-01,MOBILE,60,4644,0.012919896640826873,8.64448751076658
2025-11-23,MOBILE,60,4049,0.014818473697209187,7.142998271178069
2025-12-13,MOBILE,60,4045,0.014833127317676144,7.375772558714463
2026-03-17,DESKTOP,60,1460,0.0410958904109589,8.195890410958903
2026-04-24,MOBILE,60,3166,0.018951358180669616,7.243209096651927
2025-05-26,DESKTOP,59,2150,0.02744186046511628,19.746511627906976
2025-07-02,DESKTOP,59,2119,0.02784332232184993,12.977347805568664
2025-07-08,DESKTOP,59,1623,0.036352433764633395,13.431916204559458
2025-08-01,MOBILE,59,4718,0.012505298855447223,8.590928359474354
2025-11-24,MOBILE,59,2813,0.020974049057945254,7.012797724848916
2025-12-02,MOBILE,59,2974,0.01983860121049092,7.256220578345663
2026-01-01,MOBILE,59,4783,0.012335354380096175,7.190466234580807
2026-02-24,DESKTOP,59,1653,0.03569267997580157,9.039927404718693
2026-05-04,DESKTOP,59,2143,0.027531497900139992,8.900606626224917
2026-05-04,MOBILE,59,3046,0.019369665134602757,7.565331582403152
2026-05-05,DESKTOP,59,2245,0.026280623608017816,9.383964365256125
2026-05-10,MOBILE,59,3606,0.016361619523017193,7.47171381031614
2026-05-14,MOBILE,59,2901,0.020337814546708032,7.367804205446398
2026-05-26,DESKTOP,59,1856,0.03178879310344827,8.0625
2026-06-20,MOBILE,59,3115,0.018940609951845908,7.156340288924558
2026-08-04,MOBILE,59,2820,0.020921985815602836,7.466666666666667
2026-09-01,DESKTOP,59,1501,0.03930712858094604,7.672218520986009
2025-05-27,MOBILE,58,3719,0.015595590212422693,9.17639150309223
2025-06-12,DESKTOP,58,2384,0.024328859060402684,11.204278523489933
2025-06-17,MOBILE,58,3460,0.01676300578034682,9.840173410404624
2025-07-21,DESKTOP,58,2070,0.028019323671497585,10.289371980676329
2025-08-04,DESKTOP,58,1787,0.032456631225517625,12.627867935086737
2025-08-18,DESKTOP,58,1628,0.03562653562653563,11.632678132678132
2025-09-22,DESKTOP,58,1236,0.04692556634304207,6.839805825242719
2025-09-23,DESKTOP,58,1282,0.0452418096723869,7.2932917316692665
2025-10-17,DESKTOP,58,1339,0.043315907393577296,7.714712471994026
2025-12-15,DESKTOP,58,1985,0.029219143576826197,7.824181360201512
2025-12-15,MOBILE,58,3931,0.01475451539048588,7.356397863139151
2025-12-19,MOBILE,58,4005,0.014481897627965043,7.283645443196005
2025-12-29,MOBILE,58,5841,0.009929806539976032,7.331621297722992
2026-03-12,DESKTOP,58,1429,0.04058782365290413,8.351994401679496
2026-05-15,DESKTOP,58,1649,0.0351728320194057,7.57125530624621
2026-06-05,MOBILE,58,3220,0.018012422360248446,7.55776397515528
2026-06-06,MOBILE,58,3200,0.018125,7.4878125
2026-06-16,MOBILE,58,2567,0.02259446825087651,7.217763926762758
2026-07-28,DESKTOP,58,2042,0.02840352595494613,7.928011753183154
2026-08-17,DESKTOP,58,1932,0.030020703933747412,10.34472049689441
2026-08-31,DESKTOP,58,1433,0.040474528960223306,8.884856943475228
2026-09-09,DESKTOP,58,1555,0.03729903536977492,7.237299035369775
2025-07-15,DESKTOP,57,1552,0.03672680412371134,12.619201030927835
2025-12-18,MOBILE,57,4184,0.013623326959847037,7.1909655831739965
2026-01-29,DESKTOP,57,1834,0.031079607415485277,9.227371864776446
2026-03-24,DESKTOP,57,1799,0.03168426903835464,7.928849360755976
2026-04-13,DESKTOP,57,1693,0.03366804489072652,8.328411104548138
2026-05-20,DESKTOP,57,1807,0.03154399557277255,8.047039291643607
2026-05-24,MOBILE,57,3448,0.016531322505800465,7.232598607888631
2026-06-09,MOBILE,57,2686,0.02122114668652271,7.585629188384215
2026-08-06,DESKTOP,57,1936,0.029442148760330578,8.394111570247933
2026-08-08,MOBILE,57,4631,0.012308356726408983,7.3651479162168
2025-06-05,MOBILE,56,5285,0.010596026490066225,8.284200567644277
2025-08-20,DESKTOP,56,1652,0.03389830508474576,10.580508474576272
2025-08-26,MOBILE,56,3237,0.017299969107198023,8.419215322829782
2025-08-28,DESKTOP,56,2323,0.02410675850193715,18.287128712871286
2025-09-04,MOBILE,56,4821,0.011615847334577888,9.942750466708151
2025-10-18,MOBILE,56,3305,0.016944024205748864,7.687443267776096
2025-11-26,DESKTOP,56,1714,0.03267211201866978,8.093348891481913
2026-01-06,MOBILE,56,3948,0.014184397163120567,7.156788247213779
2026-01-07,DESKTOP,56,1880,0.029787234042553193,7.798936170212766
2026-01-21,MOBILE,56,4124,0.013579049466537343,7.716779825412221
2026-04-01,DESKTOP,56,1902,0.029442691903259727,7.319663512092534
2026-04-22,DESKTOP,56,1929,0.029030585795749093,7.703473302229134
2026-05-12,DESKTOP,56,2087,0.026832774317201723,8.727359846669861
2026-07-16,DESKTOP,56,1914,0.029258098223615466,8.384012539184953
2026-07-21,MOBILE,56,2767,0.020238525478857967,7.283700758944706
2026-07-24,MOBILE,56,3092,0.018111254851228976,7.542367399741268
2025-05-30,DESKTOP,55,1683,0.032679738562091505,13.972667855020797
2025-06-03,MOBILE,55,3844,0.014308012486992715,8.523413111342352
2025-06-23,MOBILE,55,3394,0.016205067766647024,8.255450795521508
2025-06-29,MOBILE,55,4890,0.011247443762781187,9.006748466257669
2025-07-16,DESKTOP,55,1392,0.039511494252873564,13.091954022988507
2025-08-05,DESKTOP,55,1969,0.027932960893854747,12.678517013712545
2025-08-10,MOBILE,55,4865,0.011305241521068859,8.83103802672148
2025-08-29,MOBILE,55,3772,0.014581124072110286,9.689554612937433
2025-09-02,DESKTOP,55,1847,0.02977801840822956,13.742284786139686
2025-11-03,DESKTOP,55,1518,0.036231884057971016,7.618577075098814
2025-11-25,DESKTOP,55,1635,0.03363914373088685,7.681957186544342
2025-11-27,DESKTOP,55,1691,0.03252513305736251,7.672383205204022
2025-12-03,MOBILE,55,2644,0.0208018154311649,7.315052950075643
2025-12-05,MOBILE,55,2930,0.01877133105802048,7.356313993174061
2026-05-28,DESKTOP,55,1771,0.031055900621118012,7.687182382834557
2026-06-01,DESKTOP,55,1955,0.028132992327365727,7.19846547314578
2026-06-11,DESKTOP,55,2148,0.025605214152700187,8.08147113594041
2026-07-31,DESKTOP,55,1966,0.02797558494404883,8.672939979654121
2026-08-28,DESKTOP,55,1371,0.04011670313639679,9.415754923413568
2025-06-09,MOBILE,54,4388,0.012306289881494986,9.088650865998178
2025-06-13,MOBILE,54,4044,0.013353115727002967,9.025222551928783
2025-07-30,MOBILE,54,4758,0.011349306431273645,8.417822614543926
2025-08-09,MOBILE,54,5684,0.009500351864883884,8.716924700914849
2025-09-24,DESKTOP,54,1260,0.04285714285714286,7.393650793650794
2025-09-27,MOBILE,54,3523,0.01532784558614817,8.203235878512631
2025-10-22,DESKTOP,54,1488,0.036290322580645164,6.505376344086022
2025-10-31,DESKTOP,54,1343,0.040208488458674606,8.846612062546537
2025-11-11,DESKTOP,54,1525,0.03540983606557377,7.120655737704918
2025-12-01,MOBILE,54,3094,0.017453135100193924,7.050096961861668
2025-12-10,DESKTOP,54,1745,0.030945558739255013,8.248710601719198
2026-02-03,DESKTOP,54,1774,0.030439684329199548,8.06651634723788
2026-04-16,MOBILE,54,3358,0.016081000595592615,6.890708755211436
2026-04-20,MOBILE,54,3993,0.013523666416228399,7.142499373904332
2026-05-07,DESKTOP,54,2109,0.025604551920341393,8.725936462778568
2026-06-02,DESKTOP,54,1785,0.030252100840336135,7.844257703081232
2026-06-15,DESKTOP,54,1974,0.02735562310030395,8.925531914893618
2026-07-19,MOBILE,54,2863,0.018861334264757248,7.362906042612644
2026-07-27,MOBILE,54,2777,0.019445444724522868,7.534749729924378
2026-08-12,DESKTOP,54,1875,0.0288,7.824533333333333
2025-06-03,DESKTOP,53,1954,0.02712384851586489,12.096212896622314
2025-06-19,MOBILE,53,5688,0.009317862165963432,8.786040787623065
2025-08-02,MOBILE,53,5470,0.009689213893967093,8.406398537477148
2025-08-28,MOBILE,53,3805,0.01392904073587385,9.775295663600525
2025-09-10,MOBILE,53,3017,0.01756711965528671,9.44050381173351
2025-10-04,MOBILE,53,3721,0.014243482934694974,8.196452566514377
2025-11-22,MOBILE,53,4180,0.012679425837320573,7.281578947368421
2025-11-28,DESKTOP,53,1753,0.030233884768967486,7.840273816314888
2025-11-29,MOBILE,53,3406,0.015560775102759836,6.805343511450381
2025-12-04,DESKTOP,53,1669,0.03175554224086279,8.05092869982025
2025-12-25,MOBILE,53,4731,0.01120270555907842,6.967448742337772
2025-12-27,MOBILE,53,4566,0.011607533946561542,7.272229522558038
2026-04-16,DESKTOP,53,1640,0.03231707317073171,7.680487804878049
2026-05-06,DESKTOP,53,2183,0.024278515803939534,8.937700412276683
2026-05-11,MOBILE,53,2783,0.019044196909809557,7.816744520301833
2026-05-15,MOBILE,53,3626,0.01461665747380033,7.276613348041919
2026-05-18,DESKTOP,53,1874,0.028281750266808965,8.115795090715048
2026-05-23,MOBILE,53,3764,0.0140807651434644,7.202444208289054
2026-06-08,DESKTOP,53,1927,0.027503892060197196,8.099117799688635
2026-06-13,MOBILE,53,2783,0.019044196909809557,7.352497305066475
2026-08-11,DESKTOP,53,1800,0.029444444444444443,8.364444444444445
2026-08-30,MOBILE,53,2817,0.018814341498047567,7.818601348952787
2025-06-28,MOBILE,52,4756,0.010933557611438183,8.848191757779647
2025-07-07,DESKTOP,52,1636,0.03178484107579462,12.754889975550123
2025-07-14,DESKTOP,52,1469,0.035398230088495575,12.368958475153166
2025-08-24,MOBILE,52,4982,0.010437575270975512,8.38077077478924
2025-09-29,DESKTOP,52,1311,0.03966437833714721,7.545385202135774
2025-10-12,MOBILE,52,3888,0.013374485596707819,7.969650205761317
2025-11-15,MOBILE,52,4525,0.01149171270718232,7.331491712707182
2025-11-30,MOBILE,52,3860,0.013471502590673576,6.923056994818653
2025-12-06,MOBILE,52,3750,0.013866666666666666,7.4210666666666665
2026-01-08,DESKTOP,52,1767,0.02942840973401245,8.134125636672326
2026-01-27,DESKTOP,52,1992,0.02610441767068273,9.393574297188755
2026-02-21,MOBILE,52,3476,0.014959723820483314,7.567031070195627
2026-03-10,DESKTOP,52,1493,0.034829202947086406,8.699933020763563
2026-03-30,DESKTOP,52,1764,0.02947845804988662,7.804988662131519
2026-04-29,DESKTOP,52,2080,0.025,7.319230769230769
2026-05-01,MOBILE,52,4411,0.011788710043074134,7.460893221491725
2026-05-08,MOBILE,52,3438,0.015125072716695753,7.626817917393834
2026-06-12,MOBILE,52,3244,0.016029593094944512,7.6905055487053025
2026-07-29,DESKTOP,52,2004,0.02594810379241517,8.364271457085827
2026-08-25,DESKTOP,52,1513,0.034368803701255786,9.040317250495704
2026-09-01,MOBILE,52,2289,0.022717343818261248,7.808213193534295
2025-05-25,MOBILE,51,4990,0.010220440881763528,10.32565130260521
2025-05-27,DESKTOP,51,1908,0.026729559748427674,11.057651991614255
2025-06-02,DESKTOP,51,1929,0.026438569206842923,15.30222913426646
2025-06-08,MOBILE,51,5773,0.008834228304174605,10.426468040879959
2025-06-11,DESKTOP,51,2627,0.019413779977160258,16.65892653216597
2025-07-21,MOBILE,51,4237,0.012036818503658248,9.051923530800094
2025-08-21,DESKTOP,51,1719,0.029668411867364748,12.643979057591624
2025-08-30,MOBILE,51,6319,0.008070897293875614,9.782877037505935
2025-11-04,DESKTOP,51,1467,0.034764826175869123,8.61690524880709
2025-11-07,DESKTOP,51,1368,0.03728070175438596,7.663011695906433
2025-11-18,DESKTOP,51,1617,0.03153988868274583,8.264687693259122
2025-12-04,MOBILE,51,2756,0.018505079825834544,7.315674891146589
2025-12-11,MOBILE,51,3186,0.0160075329566855,7.321092278719397
2026-01-20,DESKTOP,51,2020,0.02524752475247525,8.752475247524753
2026-04-13,MOBILE,51,3675,0.013877551020408163,6.595646258503401
2026-04-19,MOBILE,51,4077,0.012509197939661517,7.113073338238901
2026-06-22,DESKTOP,51,1989,0.02564102564102564,8.612870789341377
2026-07-14,DESKTOP,51,1854,0.02750809061488673,8.805825242718447
2025-05-28,MOBILE,50,3912,0.01278118609406953,10.549079754601227
2025-05-31,MOBILE,50,5539,0.009026900162484202,9.346091352229644
2025-06-09,DESKTOP,50,2423,0.020635575732562937,13.392488650433346
2025-06-13,DESKTOP,50,2023,0.024715768660405337,10.695501730103807
2025-07-17,DESKTOP,50,1466,0.034106412005457026,12.068894952251023
2025-07-28,MOBILE,50,4621,0.010820168794633196,8.574983769746808
2025-08-06,DESKTOP,50,1903,0.02627430373095113,13.670520231213873
2025-10-20,DESKTOP,50,1476,0.03387533875338753,7.2513550135501355
2025-12-16,DESKTOP,50,1924,0.02598752598752599,8.647609147609147
2025-12-23,DESKTOP,50,1678,0.029797377830750895,9.1388557806913
2026-01-05,MOBILE,50,4397,0.01137138958380714,7.161928587673414
2026-03-03,MOBILE,50,2740,0.01824817518248175,7.987226277372263
2026-03-05,DESKTOP,50,1549,0.03227888960619755,7.881213686249193
2026-03-15,MOBILE,50,3670,0.013623978201634877,7.411716621253406
2026-04-22,MOBILE,50,3114,0.01605651894669236,7.5372511239563265
2026-05-06,MOBILE,50,3149,0.015878056525881232,7.475706573515402
2026-06-10,MOBILE,50,2915,0.017152658662092625,7.4030874785591765
2026-07-18,MOBILE,50,3087,0.016196954972465177,7.532879818594104
2026-07-28,MOBILE,50,3056,0.016361256544502618,7.997709424083769
2026-08-25,MOBILE,50,1843,0.027129679869777535,7.957135105805752
2026-09-09,MOBILE,50,2119,0.023596035865974516,7.274657857479943
2025-06-01,MOBILE,49,5987,0.008184399532320027,9.981125772507099
2025-07-09,DESKTOP,49,1769,0.027699265121537593,14.026568682871678
2025-07-29,MOBILE,49,4663,0.010508256487239975,8.474158267209951
2025-08-16,MOBILE,49,4987,0.009825546420693804,8.770603569280128
2025-09-26,DESKTOP,49,1228,0.039902280130293157,7.27442996742671
2025-11-19,DESKTOP,49,1462,0.033515731874145006,7.9815321477428185
2025-12-10,MOBILE,49,2913,0.01682114658427738,7.173704085135599
2025-12-11,DESKTOP,49,1770,0.02768361581920904,8.237288135593221
2026-03-11,DESKTOP,49,1502,0.03262316910785619,8.135153129161118
2026-03-31,DESKTOP,49,1926,0.02544132917964694,7.576843198338525
2026-04-15,DESKTOP,49,1686,0.029062870699881376,8.320877817319097
2026-04-25,MOBILE,49,3972,0.012336354481369587,7.503776435045317
2026-06-01,MOBILE,49,2654,0.01846269781461944,7.521100226073851
2026-06-03,MOBILE,49,2573,0.019043917605907502,7.5526622619510295
2026-06-11,MOBILE,49,3228,0.015179677819083023,7.263940520446097
2026-06-15,MOBILE,49,2654,0.01846269781461944,7.240391861341371
2026-08-03,DESKTOP,49,2051,0.023890784982935155,8.606045831301804
2025-07-06,MOBILE,48,4463,0.010755097468070804,9.500560161326462
2025-07-08,MOBILE,48,3173,0.015127639457926252,9.442798613299717
2025-07-22,MOBILE,48,4287,0.01119664100769769,9.00233263354327
2025-07-23,DESKTOP,48,2221,0.021611886537595677,12.268797838811347
2025-07-30,DESKTOP,48,1875,0.0256,12.2944
2025-09-09,DESKTOP,48,1731,0.02772963604852686,12.741767764298094
2025-10-06,DESKTOP,48,1260,0.0380952380952381,7.472222222222222
2025-12-22,DESKTOP,48,2150,0.022325581395348838,12.317674418604652
2026-01-07,MOBILE,48,3650,0.01315068493150685,7.343013698630137
2026-02-25,DESKTOP,48,1756,0.02733485193621868,9.055808656036447
2026-02-27,MOBILE,48,3701,0.012969467711429343,7.410159416373953
2026-03-23,DESKTOP,48,1737,0.027633851468048358,7.715601611974669
2026-03-25,DESKTOP,48,1703,0.028185554903112156,7.904873752201996
2026-04-06,DESKTOP,48,1497,0.03206412825651302,7.8249832999332
2026-04-23,DESKTOP,48,1799,0.02668148971650917,7.535297387437465
2026-05-22,DESKTOP,48,1669,0.028759736369083282,8.187537447573398
2026-05-26,MOBILE,48,2847,0.01685985247629083,7.281348788198104
2026-06-30,DESKTOP,48,1763,0.027226318774815655,9.090754395916052
2026-07-10,MOBILE,48,2821,0.017015242821694435,7.764267990074441
2026-08-04,DESKTOP,48,1775,0.027042253521126762,8.298591549295775
2026-08-14,MOBILE,48,2576,0.018633540372670808,8.18555900621118
2025-05-30,MOBILE,47,3790,0.012401055408970976,8.800263852242743
2025-06-04,DESKTOP,47,1829,0.02569710224166211,12.221979223619464
2025-07-16,MOBILE,47,3351,0.014025663980901224,9.02775290957923
2025-07-26,MOBILE,47,5612,0.008374910905203136,8.727904490377762
2025-07-27,MOBILE,47,5900,0.007966101694915254,8.676271186440678
2025-08-03,MOBILE,47,5524,0.008508327299058652,8.400253439536566
2025-09-09,MOBILE,47,3726,0.01261406333870102,8.971551261406333
2025-09-15,DESKTOP,47,1384,0.03395953757225433,7.705202312138728
2025-09-19,DESKTOP,47,1352,0.03476331360946745,8.423076923076923
2025-10-02,DESKTOP,47,1247,0.03769045709703288,7.143544506816359
2025-10-08,DESKTOP,47,1298,0.0362095531587057,7.349768875192604
2025-10-25,MOBILE,47,2997,0.01568234901568235,7.606606606606607
2026-01-23,MOBILE,47,3666,0.01282051282051282,7.74822695035461
2026-02-02,DESKTOP,47,1824,0.025767543859649123,10.50219298245614
2026-02-13,DESKTOP,47,1487,0.03160726294552791,8.989912575655683
2026-03-02,DESKTOP,47,1793,0.026213050752928055,9.609592861126604
2026-03-08,MOBILE,47,5103,0.009210268469527728,8.019792279051538
2026-03-18,DESKTOP,47,1544,0.03044041450777202,8.419041450777202
2026-03-24,MOBILE,47,2596,0.01810477657935285,7.370570107858243
2026-04-15,MOBILE,47,3468,0.013552479815455595,7.029123414071511
2026-04-24,DESKTOP,47,1810,0.025966850828729283,7.558563535911603
2026-05-29,DESKTOP,47,1697,0.02769593400117855,7.527990571596936
2026-07-20,MOBILE,47,2753,0.017072284780239737,7.4122775154377045
2026-08-27,MOBILE,47,1974,0.023809523809523808,8.078520770010131
2025-06-10,MOBILE,46,4086,0.011257953989231522,9.760401370533529
2025-06-18,DESKTOP,46,1700,0.027058823529411764,11.509411764705883
2025-06-24,DESKTOP,46,1672,0.02751196172248804,12.425837320574162
2025-06-25,DESKTOP,46,1809,0.02542841348811498,12.185737976782752
2025-07-18,MOBILE,46,3695,0.012449255751014885,9.104736129905277
2025-07-24,MOBILE,46,4626,0.009943795936013834,9.255296152183313
2025-07-31,DESKTOP,46,1889,0.024351508734780307,12.326627845420857
2025-07-31,MOBILE,46,4336,0.010608856088560886,8.271909594095941
2025-08-15,DESKTOP,46,1620,0.028395061728395062,11.732716049382717
2025-09-08,DESKTOP,46,2319,0.019836136265631736,11.35575679172057
2025-09-21,MOBILE,46,3478,0.013225991949396205,8.575043128234618
2025-10-15,DESKTOP,46,1267,0.036306235201262825,7.447513812154696
2025-10-27,DESKTOP,46,1480,0.031081081081081083,6.9135135135135135
2025-10-28,DESKTOP,46,1351,0.034048852701702444,7.630643967431532
2025-11-12,DESKTOP,46,1501,0.030646235842771485,7.372418387741505
2025-11-16,MOBILE,46,4170,0.011031175059952039,7.168824940047962
2026-01-19,DESKTOP,46,2116,0.021739130434782608,9.41209829867675
2026-01-21,DESKTOP,46,2067,0.022254475084663765,9.66569908079342
2026-01-27,MOBILE,46,3562,0.01291409320606401,7.766423357664234
2026-01-28,DESKTOP,46,1837,0.025040827436037017,9.129014697876974
2026-02-05,DESKTOP,46,1809,0.02542841348811498,8.289110005527917
2026-02-23,DESKTOP,46,1787,0.02574146614437605,9.402909904868494
2026-03-09,DESKTOP,46,1392,0.033045977011494254,8.491379310344827
2026-03-09,MOBILE,46,4028,0.011420059582919563,7.864200595829196
2026-03-28,MOBILE,46,3301,0.013935171160254469,7.331111784307786
2026-05-19,MOBILE,46,3060,0.015032679738562092,7.432352941176471
2026-05-27,DESKTOP,46,1969,0.023362112747587607,7.527679024885729
2026-06-23,DESKTOP,46,1900,0.024210526315789474,8.484736842105264
2026-07-02,DESKTOP,46,1847,0.02490525175961018,8.173795343800759
2026-07-17,MOBILE,46,2701,0.017030729359496483,7.410218437615698
2026-07-21,DESKTOP,46,1682,0.027348394768133173,8.223543400713435
2026-07-23,DESKTOP,46,1751,0.026270702455739578,7.964591661907481
2026-09-03,DESKTOP,46,1411,0.03260099220411056,7.908575478384125
2025-07-02,MOBILE,45,3560,0.012640449438202247,8.953370786516853
2025-08-18,MOBILE,45,3437,0.013092813500145475,8.71661332557463
2025-09-08,MOBILE,45,4493,0.010015579790785666,8.62764300022257
2025-09-16,DESKTOP,45,1293,0.03480278422273782,7.6573859242072695
2025-10-01,DESKTOP,45,1235,0.03643724696356275,7.37165991902834
2025-10-06,MOBILE,45,2381,0.01889962200755985,8.19319613607728
2025-10-13,DESKTOP,45,1322,0.0340393343419062,7.312405446293495
2025-10-16,DESKTOP,45,1281,0.0351288056206089,7.153786104605777
2025-10-21,DESKTOP,45,1488,0.03024193548387097,7.299731182795699
2025-12-03,DESKTOP,45,1683,0.026737967914438502,7.692216280451574
2026-02-08,MOBILE,45,4530,0.009933774834437087,7.7759381898454745
2026-02-14,MOBILE,45,4107,0.01095690284879474,7.517896274653031
2026-03-07,MOBILE,45,5003,0.008994603238057166,7.846691984809114
2026-03-13,DESKTOP,45,1415,0.03180212014134275,8.274911660777384
2026-05-13,MOBILE,45,2730,0.016483516483516484,7.741758241758242
2026-05-14,DESKTOP,45,1602,0.028089887640449437,8.539950062421973
2026-06-10,DESKTOP,45,1982,0.022704339051463168,8.218970736629668
2026-06-16,DESKTOP,45,1952,0.02305327868852459,7.901639344262295
2026-06-19,DESKTOP,45,1750,0.025714285714285714,8.267428571428571
2026-08-05,DESKTOP,45,2042,0.022037218413320275,8.489715964740451
2026-08-09,MOBILE,45,3795,0.011857707509881422,7.464558629776021
2026-08-13,MOBILE,45,2493,0.018050541516245487,7.910549538708383
2026-08-19,MOBILE,45,1958,0.022982635342185902,7.723697650663943
2026-08-20,DESKTOP,45,1419,0.03171247357293869,8.693446088794925
2026-09-13,MOBILE,45,2916,0.015432098765432098,7.715020576131687
2026-09-14,DESKTOP,45,2082,0.021613832853025938,7.8390970220941405
2025-06-10,DESKTOP,44,2384,0.018456375838926176,14.15268456375839
2025-06-26,DESKTOP,44,2201,0.019990913221263062,11.852339845524762
2025-07-03,DESKTOP,44,1677,0.02623732856290996,13.251043530113298
2025-07-24,DESKTOP,44,1992,0.02208835341365462,12.233935742971887
2025-08-29,DESKTOP,44,1936,0.022727272727272728,18.075413223140497
2025-08-31,MOBILE,44,6050,0.007272727272727273,10.020661157024794
2025-09-02,MOBILE,44,5015,0.008773678963110668,8.631306081754737
2025-09-03,DESKTOP,44,1722,0.025551684088269456,13.663182346109176
2025-09-10,DESKTOP,44,1641,0.02681291895185862,13.09689213893967
2025-09-18,MOBILE,44,2308,0.019064124783362217,8.94627383015598
2025-09-26,MOBILE,44,2622,0.016781083142639208,8.862700228832953
2025-10-10,MOBILE,44,2476,0.017770597738287562,7.899030694668821
2025-10-14,DESKTOP,44,1330,0.03308270676691729,7.041353383458647
2025-10-24,MOBILE,44,2381,0.018479630407391853,7.6211675766484674
2025-11-12,MOBILE,44,2909,0.015125472671020969,6.888621519422482
2025-11-14,DESKTOP,44,1432,0.030726256983240222,7.420391061452514
2025-11-18,MOBILE,44,3212,0.0136986301369863,7.2780199252802
2025-11-26,MOBILE,44,2738,0.016070124178232285,7.20891161431702
2025-12-09,MOBILE,44,3292,0.013365735115431349,7.270656136087485
2025-12-19,DESKTOP,44,1759,0.025014212620807278,8.664013644115975
2026-01-05,DESKTOP,44,1836,0.023965141612200435,7.86437908496732
2026-01-09,DESKTOP,44,1704,0.025821596244131457,8.628521126760564
2026-01-18,MOBILE,44,4219,0.010429011614126571,7.458876511021569
2026-01-25,MOBILE,44,3812,0.011542497376705142,7.285939139559287
2026-02-10,DESKTOP,44,1843,0.02387411828540423,10.317417254476398
2026-02-10,MOBILE,44,3350,0.013134328358208954,7.910149253731343
2026-02-26,DESKTOP,44,1695,0.025958702064896755,8.919174041297936
2026-03-06,DESKTOP,44,1300,0.033846153846153845,8.67923076923077
2026-03-19,DESKTOP,44,1465,0.030034129692832763,8.316040955631399
2026-04-04,MOBILE,44,4020,0.010945273631840797,7.396766169154229
2026-04-10,MOBILE,44,2984,0.014745308310991957,7.42828418230563
2026-04-17,DESKTOP,44,1597,0.027551659361302442,8.395742016280526
2026-04-23,MOBILE,44,3129,0.014062000639181848,7.524768296580377
2026-05-21,MOBILE,44,3110,0.01414790996784566,7.453054662379421
2026-06-08,MOBILE,44,2807,0.015675097969362308,7.68792304951906
2026-06-21,MOBILE,44,2893,0.015209125475285171,7.462841341168337
2026-07-26,MOBILE,44,3252,0.013530135301353014,7.453567035670357
2026-08-07,DESKTOP,44,1635,0.02691131498470948,7.889908256880734
2026-08-13,DESKTOP,44,1972,0.02231237322515213,9.208924949290061
2026-09-10,MOBILE,44,2248,0.019572953736654804,7.2913701067615655
2025-07-11,MOBILE,43,3354,0.01282051282051282,9.070065593321408
2025-08-08,DESKTOP,43,1761,0.02441794434980125,13.557637705848949
2025-08-08,MOBILE,43,4662,0.009223509223509223,8.741098241098241
2025-08-20,MOBILE,43,3458,0.012434933487565067,8.476286871023714
2025-08-27,MOBILE,43,3290,0.013069908814589666,8.725835866261399
2025-09-24,MOBILE,43,2308,0.018630849220103985,8.872183708838822
2025-10-07,MOBILE,43,2277,0.018884497145366712,7.927536231884058
2025-11-09,MOBILE,43,3643,0.011803458687894593,7.422728520450178
2025-12-05,DESKTOP,43,1486,0.028936742934051143,7.879542395693136
2025-12-12,MOBILE,43,3303,0.013018468059339995,7.561307901907357
2026-01-20,MOBILE,43,3885,0.011068211068211068,7.598455598455598
2026-01-30,DESKTOP,43,1595,0.026959247648902823,10.408150470219436
2026-02-01,MOBILE,43,3028,0.014200792602377808,7.334544253632761
2026-04-07,DESKTOP,43,1548,0.027777777777777776,8.511627906976745
2026-04-21,MOBILE,43,4081,0.010536633178142612,7.5481499632443025
2026-07-14,MOBILE,43,2553,0.016842929886408148,7.8319623971797885
2026-07-20,DESKTOP,43,2078,0.020692974013474495,9.13330125120308
2026-08-02,MOBILE,43,3616,0.011891592920353982,7.697179203539823
2026-08-21,DESKTOP,43,1289,0.03335919317300233,9.287820015515903
2026-08-24,MOBILE,43,1841,0.023356871265616513,8.184682237914178
2026-09-02,MOBILE,43,2306,0.0186470078057242,7.876409366869037
2026-09-05,MOBILE,43,2896,0.014848066298342542,7.686118784530387
2025-07-05,MOBILE,42,4200,0.01,9.578809523809523
2025-07-11,DESKTOP,42,1200,0.035,16.8275
2025-07-17,MOBILE,42,3663,0.011466011466011465,8.844116844116844
2025-07-18,DESKTOP,42,1512,0.027777777777777776,12.134920634920634
2025-08-22,DESKTOP,42,1609,0.02610316967060286,12.84897451833437
2025-09-04,DESKTOP,42,1985,0.02115869017632242,18.1536523929471
2025-09-14,MOBILE,42,3677,0.011422355180853957,8.30758770737014
2025-09-20,MOBILE,42,3597,0.011676396997497914,8.543508479288295
2025-10-09,MOBILE,42,2562,0.01639344262295082,7.901639344262295
2025-10-11,MOBILE,42,3550,0.011830985915492958,8.081408450704226
2025-10-23,DESKTOP,42,1549,0.02711426726920594,6.639767591994835
2025-11-10,MOBILE,42,2644,0.01588502269288956,7.141452344931921
2025-11-13,DESKTOP,42,1556,0.02699228791773779,7.361182519280206
2026-02-27,DESKTOP,42,1546,0.027166882276843468,9.470892626131953
2026-03-05,MOBILE,42,3675,0.011428571428571429,7.77578231292517
2026-04-08,DESKTOP,42,1544,0.027202072538860103,7.955958549222798
2026-04-09,DESKTOP,42,1700,0.024705882352941175,7.812941176470588
2026-04-28,MOBILE,42,3042,0.013806706114398421,7.571334648257725
2026-06-02,MOBILE,42,2439,0.017220172201722016,7.271832718327183
2026-06-26,DESKTOP,42,1659,0.02531645569620253,8.488848704038578
2026-08-26,DESKTOP,42,1452,0.028925619834710745,9.630165289256198
2026-09-11,MOBILE,42,2118,0.019830028328611898,7.363078375826251
2025-06-21,MOBILE,41,4550,0.00901098901098901,8.756263736263737
2025-06-30,DESKTOP,41,2985,0.01373534338358459,11.024790619765493
2025-06-30,MOBILE,41,3540,0.011581920903954802,8.884745762711864
2025-07-01,DESKTOP,41,2884,0.014216366158113732,9.849861303744799
2025-07-01,MOBILE,41,3447,0.011894400928343487,9.007542790832607
2025-07-10,DESKTOP,41,1429,0.028691392582225334,13.815255423372989
2025-07-20,MOBILE,41,4845,0.00846233230134159,9.091847265221878
2025-08-13,DESKTOP,41,1868,0.021948608137044967,12.479122055674518
2025-08-27,DESKTOP,41,1985,0.02065491183879093,11.44080604534005
2025-09-05,DESKTOP,41,2624,0.015625,14.685213414634147
2025-09-07,MOBILE,41,7109,0.005767337178224786,10.149388099592066
2025-10-31,MOBILE,41,2344,0.01749146757679181,7.032849829351536
2025-11-06,DESKTOP,41,1434,0.028591352859135284,8.243375174337517
2025-11-20,MOBILE,41,3748,0.010939167556029883,7.239327641408751
2026-03-11,MOBILE,41,3302,0.01241671714112659,7.359781950333131
2026-03-17,MOBILE,41,2664,0.01539039039039039,7.13963963963964
2026-03-26,MOBILE,41,2508,0.01634768740031898,7.258771929824562
2026-04-14,DESKTOP,41,1595,0.025705329153605017,8.418808777429467
2026-04-14,MOBILE,41,3138,0.013065646908859146,6.579668578712556
2026-04-28,DESKTOP,41,2081,0.019702066314271984,7.9750120134550695
2026-05-19,DESKTOP,41,1710,0.023976608187134502,8.133333333333333
2026-06-25,DESKTOP,41,1843,0.02224633749321758,8.183939229517092
2026-07-07,MOBILE,41,2645,0.01550094517958412,7.5705103969754255
2026-07-11,MOBILE,41,3510,0.011680911680911682,7.60968660968661
2026-08-10,DESKTOP,41,1890,0.021693121693121695,7.998412698412698
2026-08-12,MOBILE,41,2646,0.015495086923658353,7.718065003779289
2026-08-14,DESKTOP,41,1701,0.024103468547912992,8.840681951793062
2026-09-08,DESKTOP,41,1455,0.028178694158075602,8.018556701030928
2026-09-08,MOBILE,41,1999,0.02051025512756378,8.038519259629815
2026-09-12,MOBILE,41,2794,0.01467430207587688,7.584108804581246
2025-06-11,MOBILE,40,4318,0.009263547938860583,10.1943029180176
2025-06-24,MOBILE,40,3216,0.012437810945273632,8.62842039800995
2025-06-27,MOBILE,40,3748,0.010672358591248666,8.835645677694771
2025-07-13,MOBILE,40,4307,0.009287206872533085,9.05502670071976
2025-08-14,MOBILE,40,3584,0.011160714285714286,8.851004464285715
2025-08-21,MOBILE,40,3618,0.01105583195135434,8.070480928689884
2025-09-03,MOBILE,40,4817,0.008303923603902844,8.75046709570272
2025-09-06,MOBILE,40,6506,0.006148170919151552,8.61420227482324
2025-09-25,DESKTOP,40,1190,0.03361344537815126,7.748739495798319
2025-10-13,MOBILE,40,2567,0.015582391897156213,7.982469809115699
2025-10-20,MOBILE,40,2683,0.014908684308609765,7.722698471859858
2025-11-05,DESKTOP,40,1374,0.02911208151382824,7.852256186317321
2025-11-05,MOBILE,40,2287,0.0174901617839965,7.04940970703979
2025-11-19,MOBILE,40,2725,0.014678899082568808,7.247706422018348
2026-02-04,DESKTOP,40,1668,0.023980815347721823,8.232613908872903
2026-02-18,MOBILE,40,3401,0.011761246692149369,7.907380182299324
2026-03-20,DESKTOP,40,1423,0.028109627547434995,8.619817287420942
2026-04-12,MOBILE,40,4424,0.009041591320072333,7.355108499095841
2026-04-27,MOBILE,40,2979,0.01342732460557234,7.634441087613293
2026-05-12,MOBILE,40,2655,0.015065913370998116,7.377777777777778
2026-06-22,MOBILE,40,2400,0.016666666666666666,7.461666666666667
2026-07-12,MOBILE,40,3312,0.012077294685990338,7.351751207729468
2026-07-30,DESKTOP,40,1921,0.020822488287350338,8.786048932847475
2026-08-18,DESKTOP,40,1657,0.024140012070006035,9.578756789378394
2026-09-04,DESKTOP,40,1341,0.02982848620432513,8.545115585384043
2026-09-11,DESKTOP,40,1610,0.024844720496894408,8.368944099378883
2025-06-04,MOBILE,39,3779,0.010320190526594337,8.994442974331834
2025-06-27,DESKTOP,39,2623,0.014868471216164697,10.816240945482273
2025-07-04,DESKTOP,39,1446,0.026970954356846474,14.57399723374827
2025-07-09,MOBILE,39,3449,0.01130762539866628,9.24383879385329
2025-07-19,MOBILE,39,4574,0.008526453869698294,9.24529951902055
2025-09-28,MOBILE,39,3598,0.01083935519733185,8.171484157865482
2025-10-17,MOBILE,39,2581,0.015110422316931422,7.710964742347927
2025-10-28,MOBILE,39,2252,0.017317939609236235,7.5093250444049735
2025-11-27,MOBILE,39,2946,0.013238289205702648,6.9389002036659875
2025-12-12,DESKTOP,39,1531,0.025473546701502287,8.50620509470934
2026-01-19,MOBILE,39,4230,0.009219858156028368,7.876832151300237
2026-01-24,MOBILE,39,4056,0.009615384615384616,7.707593688362919
2026-02-04,MOBILE,39,3058,0.012753433616742969,7.840091563113146
2026-02-17,MOBILE,39,3967,0.009831106629694983,7.837912780438619
2026-02-18,DESKTOP,39,1583,0.024636765634870498,9.342387871130764
2026-02-20,MOBILE,39,3127,0.012472017908538535,7.384713783178766
2026-03-16,DESKTOP,39,1429,0.02729181245626312,8.79216235129461
2026-03-23,MOBILE,39,2767,0.014094687387061799,7.310083122515359
2026-03-25,MOBILE,39,2484,0.01570048309178744,7.151368760064412
2026-03-27,DESKTOP,39,1598,0.024405506883604506,8.09261576971214
2026-04-03,MOBILE,39,3932,0.009918616480162767,7.557985757884029
2026-04-05,MOBILE,39,3411,0.011433597185576077,7.276458516564057
2026-04-11,MOBILE,39,3485,0.011190817790530846,7.472309899569584
2026-06-26,MOBILE,39,2478,0.015738498789346248,8.115012106537531
2026-06-27,MOBILE,39,2798,0.013938527519656898,7.4431736954967835
2026-08-07,MOBILE,39,2675,0.014579439252336448,7.4272897196261685
2026-08-23,MOBILE,39,2217,0.017591339648173207,7.812810103743798
2025-06-20,DESKTOP,38,1529,0.02485284499672989,13.628515369522564
2025-07-10,MOBILE,38,3470,0.01095100864553314,9.228530259365995
2025-08-04,MOBILE,38,4390,0.008656036446469248,8.376537585421413
2025-08-07,MOBILE,38,4192,0.009064885496183206,8.734732824427482
2025-09-05,MOBILE,38,5139,0.007394434714925083,9.425374586495428
2025-10-10,DESKTOP,38,1214,0.03130148270181219,7.850906095551895
2025-10-21,MOBILE,38,2442,0.015561015561015561,7.680999180999181
2025-12-31,MOBILE,38,3782,0.010047593865679535,7.409571655208884
2026-01-29,MOBILE,38,3451,0.011011301072153,7.715155027528253
2026-02-12,MOBILE,38,3156,0.012040557667934094,9.473067173637515
2026-03-26,DESKTOP,38,1544,0.02461139896373057,7.98639896373057
2026-03-31,MOBILE,38,3078,0.012345679012345678,7.302469135802469
2026-04-30,MOBILE,38,2851,0.013328656611715188,7.413188354963171
2026-05-18,MOBILE,38,3058,0.012426422498364944,7.7086330935251794
2026-05-28,MOBILE,38,2841,0.013375571981696586,7.254839845124956
2026-06-28,MOBILE,38,2874,0.013221990257480862,7.502087682672234
2026-07-03,DESKTOP,38,1709,0.022235225277940317,7.565242832065535
2026-07-04,MOBILE,38,3155,0.012044374009508717,7.092868462757528
2026-07-13,DESKTOP,38,2304,0.016493055555555556,8.93359375
2026-08-22,MOBILE,38,2270,0.016740088105726872,7.763876651982379
2026-08-24,DESKTOP,38,1369,0.027757487216946677,7.909422936449963
2026-08-27,DESKTOP,38,1289,0.02948021722265322,9.455391776570986
2026-09-07,MOBILE,38,2498,0.01521216973578863,7.765412329863891
2025-05-26,MOBILE,37,3772,0.009809119830328738,10.78101802757158
2025-08-06,MOBILE,37,4255,0.008695652173913044,8.878965922444184
2025-09-11,DESKTOP,37,1483,0.024949426837491573,15.368846931894808
2025-09-12,MOBILE,37,2727,0.013568023469013568,8.266226622662266
2025-09-17,MOBILE,37,2441,0.015157722244981565,9.299057763211799
2025-09-18,DESKTOP,37,1322,0.02798789712556732,8.23373676248109
2025-09-19,MOBILE,37,2805,0.013190730837789662,8.74795008912656
2025-10-15,MOBILE,37,2599,0.014236244709503656,8.044632550981147
2025-11-14,MOBILE,37,3195,0.011580594679186228,7.228482003129891
2025-11-28,MOBILE,37,3498,0.010577472841623786,7.14694110920526
2026-02-03,MOBILE,37,3169,0.01167560744714421,7.518144525086778
2026-02-09,DESKTOP,37,1894,0.019535374868004225,9.956177402323126
2026-02-12,DESKTOP,37,1770,0.020903954802259886,10.82090395480226
2026-03-10,MOBILE,37,3752,0.009861407249466951,7.876865671641791
2026-04-10,DESKTOP,37,1435,0.02578397212543554,8.504529616724739
2026-04-29,MOBILE,37,2941,0.012580754845290717,7.693981638898334
2026-05-22,MOBILE,37,3159,0.011712567268122824,7.717948717948718
2026-05-29,MOBILE,37,2783,0.01329500538986705,7.6866690621631335
2026-06-03,DESKTOP,37,1644,0.022506082725060828,7.76338199513382
2026-06-25,MOBILE,37,2276,0.01625659050966608,7.70079086115993
2026-07-06,MOBILE,37,2662,0.01389932381667919,7.712997746055597
2026-07-07,DESKTOP,37,1673,0.02211595935445308,7.659892408846384
2026-07-08,DESKTOP,37,1642,0.02253349573690621,8.194275274056029
2025-07-04,MOBILE,36,3086,0.011665586519766688,9.423525599481529
2025-07-07,MOBILE,36,3063,0.011753183153770812,9.375122428991185
2025-11-01,MOBILE,36,2741,0.013133892739875957,7.2440715067493615
2025-12-18,DESKTOP,36,1721,0.020918070889018012,8.228355607205113
2026-01-22,DESKTOP,36,2056,0.017509727626459144,9.820525291828794
2026-02-05,MOBILE,36,3035,0.01186161449752883,7.233607907742998
2026-03-03,DESKTOP,36,1554,0.023166023166023165,9.46975546975547
2026-03-20,MOBILE,36,3054,0.011787819253438114,6.707596594629994
2026-03-30,MOBILE,36,2939,0.012249064307587616,7.66315073154134
2026-04-02,MOBILE,36,3034,0.011865524060646011,7.716875411997363
2026-04-06,MOBILE,36,2824,0.012747875354107648,7.493980169971671
2026-05-07,MOBILE,36,3233,0.011135168574079802,7.455923291060934
2026-05-31,MOBILE,36,3061,0.011760862463247305,7.653054557334205
2026-06-24,MOBILE,36,1941,0.01854714064914992,8.019062339000516
2026-07-15,DESKTOP,36,1720,0.020930232558139535,8.89593023255814
2026-07-22,DESKTOP,36,1801,0.019988895058300944,8.064408661854525
2026-07-29,MOBILE,36,3405,0.010572687224669603,7.740675477239354
2026-08-31,MOBILE,36,2312,0.015570934256055362,7.507352941176471
2026-09-10,DESKTOP,36,1589,0.022655758338577723,7.3222152297042165
2025-07-25,DESKTOP,35,2519,0.013894402540690751,19.275506153235412
2025-08-05,MOBILE,35,4371,0.008007320979180966,8.63097689315946
2025-08-11,MOBILE,35,3599,0.009724923589886079,8.82217282578494
2025-09-11,MOBILE,35,3022,0.01158173395102581,9.911647915287888
2025-09-16,MOBILE,35,2358,0.014843087362171332,9.527565733672605
2025-10-23,MOBILE,35,2311,0.015144958892254435,7.505408913890091
2025-10-29,MOBILE,35,2095,0.016706443914081145,7.629116945107398
2025-10-30,DESKTOP,35,1324,0.026435045317220542,7.484138972809668
2025-11-11,MOBILE,35,2788,0.012553802008608322,7.359397417503587
2025-11-17,DESKTOP,35,1579,0.022165927802406588,7.745408486383787
2026-02-11,MOBILE,35,2967,0.011796427367711493,7.605999325918436
2026-02-22,MOBILE,35,3933,0.00889905924230867,7.55860666158149
2026-03-01,MOBILE,35,4296,0.008147113594040968,7.3666201117318435
2026-03-12,MOBILE,35,3164,0.011061946902654867,7.2670670037926675
2026-03-14,MOBILE,35,3741,0.009355787222667736,7.283881315156376
2026-03-22,MOBILE,35,3368,0.010391923990498812,7.065914489311164
2026-03-27,MOBILE,35,2611,0.013404825737265416,7.058598238222903
2026-05-05,MOBILE,35,3081,0.011359948068808828,7.449204803635183
2026-05-20,MOBILE,35,3008,0.01163563829787234,7.397938829787234
2026-05-27,MOBILE,35,3083,0.011352578657152125,7.465780084333441
2026-06-30,MOBILE,35,2407,0.014540922309929373,8.037806398005817
2026-07-10,DESKTOP,35,1528,0.022905759162303665,7.6688481675392675
2026-08-17,MOBILE,35,2247,0.01557632398753894,7.7369826435246996
2025-06-05,DESKTOP,34,2392,0.014214046822742474,11.384615384615385
2025-08-19,MOBILE,34,3454,0.009843659525188187,9.264620729588882
2025-08-23,MOBILE,34,4700,0.00723404255319149,8.496170212765957
2025-09-13,MOBILE,34,3352,0.010143198090692125,8.699880668257757
2025-09-23,MOBILE,34,2438,0.01394585726004922,8.799425758818703
2025-10-27,MOBILE,34,2466,0.013787510137875101,7.523925385239254
2025-11-02,MOBILE,34,3075,0.011056910569105691,7.3047154471544715
2025-11-25,MOBILE,34,2707,0.012560029553010712,7.230144070927226
2026-01-17,MOBILE,34,4360,0.007798165137614679,7.513073394495413
2026-01-26,DESKTOP,34,1890,0.01798941798941799,9.653439153439153
2026-02-06,MOBILE,34,3227,0.010536101642392316,7.851874806321661
2026-02-24,MOBILE,34,3416,0.009953161592505855,7.717213114754099
2026-02-25,MOBILE,34,3330,0.01021021021021021,7.330930930930931
2026-02-28,MOBILE,34,4496,0.007562277580071174,7.327402135231317
2026-03-06,MOBILE,34,3704,0.0091792656587473,7.99244060475162
2026-04-20,DESKTOP,34,1516,0.022427440633245383,8.233509234828496
2026-06-23,MOBILE,34,2224,0.015287769784172662,7.808902877697841
2026-07-01,DESKTOP,34,1777,0.019133370849746763,8.660101294316263
2026-07-15,MOBILE,34,2385,0.014255765199161425,7.40125786163522
2026-08-10,MOBILE,34,2583,0.01316298877274487,7.6287262872628725
2026-08-26,MOBILE,34,1892,0.017970401691331923,8.2061310782241
2026-09-14,MOBILE,34,2167,0.015689893862482696,7.554222427318874
2025-06-06,DESKTOP,33,2712,0.012168141592920354,16.796828908554573
2025-06-22,MOBILE,33,4560,0.007236842105263158,8.59780701754386
2025-06-26,MOBILE,33,3698,0.008923742563547863,8.339102217414819
2025-07-12,MOBILE,33,4152,0.007947976878612716,9.130298651252408
2025-07-23,MOBILE,33,4328,0.007624768946395564,9.153419593345657
2025-08-15,MOBILE,33,3935,0.008386277001270648,8.688945362134689
2025-09-12,DESKTOP,33,1208,0.027317880794701987,10.236754966887418
2025-09-25,MOBILE,33,2556,0.012910798122065728,8.9197965571205
2025-10-16,MOBILE,33,2375,0.013894736842105264,7.846736842105263
2025-10-24,DESKTOP,33,1393,0.023689877961234746,7.359655419956927
2025-11-21,DESKTOP,33,1281,0.02576112412177986,8.064793130366901
2025-11-21,MOBILE,33,3654,0.0090311986863711,7.073344280240832
2026-01-28,MOBILE,33,3210,0.010280373831775701,7.417133956386293
2026-04-01,MOBILE,33,2812,0.011735419630156473,7.519914651493599
2026-04-02,DESKTOP,33,1526,0.02162516382699869,7.679554390563565
2026-04-08,MOBILE,33,2860,0.011538461538461539,7.534265734265734
2026-07-01,MOBILE,33,2463,0.013398294762484775,7.106780349167682
2026-07-25,MOBILE,33,3271,0.010088657902782024,7.343320085600734
2026-08-19,DESKTOP,33,1548,0.02131782945736434,8.687984496124031
2026-08-20,MOBILE,33,1849,0.017847485127095726,8.397512168739858
2025-08-17,MOBILE,32,4706,0.006799830004249894,8.361878453038674
2026-01-22,MOBILE,32,3775,0.00847682119205298,7.642913907284768
2026-01-26,MOBILE,32,3553,0.009006473402758232,7.321981424148607
2026-05-30,MOBILE,32,3207,0.009978172747115684,7.812285625194886
2026-06-12,DESKTOP,32,1893,0.016904384574749076,8.61119915478077
2026-07-03,MOBILE,32,2677,0.011953679491968622,7.063877474785207
2026-07-08,MOBILE,32,2504,0.012779552715654952,7.453274760383387
2026-07-09,DESKTOP,32,1576,0.02030456852791878,7.636421319796955
2026-07-24,DESKTOP,32,1580,0.020253164556962026,8.211392405063291
2026-09-02,DESKTOP,32,1541,0.020765736534717714,8.044776119402986
2025-06-25,MOBILE,31,3359,0.00922893718368562,8.387913069365883
2025-10-01,MOBILE,31,2317,0.013379369874838154,8.47302546396202
2025-10-29,DESKTOP,31,1341,0.023117076808351976,7.357196122296793
2025-10-30,MOBILE,31,2183,0.014200641319285386,7.4365551992670635
2025-11-07,MOBILE,31,2881,0.010760152724748352,7.4658104824713645
2025-11-13,MOBILE,31,2902,0.010682288077188146,6.9793246037215715
2025-12-29,DESKTOP,31,1591,0.01948460087994972,8.575109993714644
2026-02-02,MOBILE,31,2787,0.011123071402942232,7.595263724434877
2026-02-11,DESKTOP,31,1499,0.02068045363575717,8.753168779186124
2026-02-15,MOBILE,31,3956,0.007836198179979777,8.14989888776542
2026-03-04,DESKTOP,31,1464,0.02117486338797814,8.17964480874317
2026-03-21,MOBILE,31,3348,0.009259259259259259,6.844384707287933
2026-04-17,MOBILE,31,3376,0.009182464454976303,7.311315165876778
2026-05-25,MOBILE,31,2826,0.010969568294409059,7.611464968152866
2026-07-02,MOBILE,31,2607,0.011891062523973917,7.354813962408899
2026-07-05,MOBILE,31,2367,0.01309674693705112,7.032108153781158
2026-07-16,MOBILE,31,2463,0.012586276898091758,7.425091352009744
2026-07-17,DESKTOP,31,1760,0.017613636363636363,8.419886363636364
2026-07-23,MOBILE,31,2753,0.011260443152924083,7.563022157646204
2026-08-11,MOBILE,31,2882,0.010756419153365717,7.7921582234559335
2026-08-21,MOBILE,31,1843,0.016820401519262073,7.5914270211611505
2025-07-15,MOBILE,30,3701,0.00810591731964334,9.06295595784923
2025-08-12,MOBILE,30,3613,0.008303349017437033,8.646554110157764
2025-09-30,MOBILE,30,2435,0.012320328542094456,8.649281314168377
2025-10-02,MOBILE,30,2611,0.011489850631941785,8.109153581003447
2025-10-08,MOBILE,30,2411,0.01244296972210701,7.966403981750311
2025-12-17,DESKTOP,30,1858,0.016146393972012917,8.078040904198062
2026-02-06,DESKTOP,30,1633,0.01837109614206981,8.71341090018371
2026-02-09,MOBILE,30,3154,0.009511731135066582,7.698161065313887
2026-03-16,MOBILE,30,2797,0.010725777618877368,7.072935287808366
2026-07-06,DESKTOP,30,1905,0.015748031496062992,8.220472440944881
2026-09-04,MOBILE,30,1962,0.01529051987767584,7.58664627930683
2025-08-01,DESKTOP,29,1778,0.016310461192350956,12.95556805399325
2025-08-22,MOBILE,29,3664,0.007914847161572052,8.37745633187773
2025-10-05,MOBILE,29,3473,0.008350129570976101,8.150302332277569
2025-11-06,MOBILE,29,2596,0.011171032357473035,7.350924499229584
2026-01-30,MOBILE,29,3030,0.00957095709570957,8.238283828382837
2026-02-13,MOBILE,29,3122,0.009288917360666239,7.405509288917361
2026-02-19,MOBILE,29,3158,0.009183027232425586,7.830905636478784
2026-02-20,DESKTOP,29,1462,0.019835841313269494,9.518467852257182
2026-03-02,MOBILE,29,3723,0.0077894171367177,7.625033575073865
2026-04-30,DESKTOP,29,2133,0.013595874355368026,9.601500234411628
2026-06-24,DESKTOP,29,1662,0.017448856799037304,8.74187725631769
2026-07-13,MOBILE,29,2548,0.011381475667189953,7.7919937205651495
2026-08-05,MOBILE,29,2673,0.010849233071455293,7.482229704451926
2025-05-29,MOBILE,28,3403,0.008228034087569792,9.42932706435498
2025-06-06,MOBILE,28,6228,0.00449582530507386,9.836865767501605
2025-07-14,MOBILE,28,3611,0.007754084741068956,9.232622542232068
2025-09-22,MOBILE,28,2530,0.011067193675889328,8.712648221343873
2025-09-30,DESKTOP,28,1222,0.022913256955810146,7.439443535188216
2025-11-08,MOBILE,28,3518,0.007959067652075043,7.416429789653212
2026-02-07,MOBILE,28,4312,0.006493506493506494,7.4434137291280145
2026-02-16,MOBILE,28,4322,0.006478482184173994,7.874595094863489
2026-02-23,MOBILE,28,3630,0.007713498622589532,7.680716253443526
2026-06-05,DESKTOP,28,1434,0.019525801952580194,7.4281729428172945
2025-10-03,MOBILE,27,2801,0.009639414494823277,8.345233845055336
2025-11-03,MOBILE,27,2370,0.01139240506329114,7.241772151898735
2025-11-17,MOBILE,27,3382,0.007983441750443524,7.084565345949143
2026-01-23,DESKTOP,27,1642,0.016443361753958587,10.101705237515226
2026-03-18,MOBILE,27,2584,0.01044891640866873,7.047987616099071
2026-03-19,MOBILE,27,2606,0.010360706062931695,6.783960092095165
2026-04-07,MOBILE,27,3102,0.008704061895551257,7.581882656350741
2026-04-09,MOBILE,27,2733,0.009879253567508232,7.453347969264544
2026-07-09,MOBILE,27,2512,0.010748407643312101,7.64609872611465
2026-07-27,DESKTOP,27,1845,0.014634146341463415,8.588617886178863
2026-08-18,MOBILE,27,2185,0.012356979405034324,7.745080091533181
2025-07-25,MOBILE,26,5015,0.00518444666001994,8.649451645064806
2025-10-03,DESKTOP,26,1165,0.022317596566523604,7.237768240343348
2025-10-22,MOBILE,26,2284,0.01138353765323993,7.860332749562172
2025-12-30,DESKTOP,26,1523,0.017071569271175313,8.873276428102429
2026-02-19,DESKTOP,26,1645,0.015805471124620062,8.635866261398176
2026-02-26,MOBILE,26,3502,0.0074243289548829245,7.301541976013707
2026-03-13,MOBILE,26,3240,0.008024691358024692,7.381172839506172
2026-06-29,MOBILE,26,2006,0.01296111665004985,7.814556331006979
2026-09-03,MOBILE,26,1900,0.01368421052631579,7.606842105263158
2025-08-13,MOBILE,25,3615,0.006915629322268326,8.388105117565699
2025-10-19,MOBILE,25,3119,0.008015389547932029,7.671048412952869
2025-11-04,MOBILE,25,2276,0.010984182776801407,7.365992970123023
2026-01-31,MOBILE,25,3331,0.007505253677574302,7.915340738516962
2026-06-29,DESKTOP,25,1551,0.016118633139909737,9.003868471953579
2025-06-07,DESKTOP,24,1755,0.013675213675213675,20.46039886039886
2025-10-26,MOBILE,24,2903,0.00826730967964175,7.725111953151912
2026-08-06,MOBILE,24,2515,0.009542743538767396,7.52882703777336
2025-12-26,DESKTOP,22,1313,0.016755521706016754,8.662604722010663
2026-04-21,DESKTOP,22,1200,0.018333333333333333,7.663333333333333
2025-06-15,DESKTOP,21,1012,0.020750988142292492,16.859683794466402
2025-09-15,MOBILE,21,2615,0.00803059273422562,9.222562141491396
2026-01-02,DESKTOP,21,1376,0.015261627906976744,9.149709302325581
2026-03-04,MOBILE,21,2826,0.0074309978768577496,8.319532908704883
2026-05-10,DESKTOP,21,798,0.02631578947368421,9.795739348370928
2026-01-11,DESKTOP,20,1056,0.01893939393939394,8.844696969696969
2026-06-04,DESKTOP,20,986,0.02028397565922921,7.880324543610548
2026-06-07,DESKTOP,20,877,0.02280501710376283,8.415051311288483
2025-09-29,MOBILE,19,2272,0.008362676056338027,8.29137323943662
2025-10-14,MOBILE,19,2496,0.007612179487179487,8.183092948717949
2025-12-07,DESKTOP,19,697,0.027259684361549498,9.869440459110473
2026-01-10,DESKTOP,19,1049,0.01811248808388942,9.100095328884652
2026-02-16,DESKTOP,19,1100,0.017272727272727273,9.294545454545455
2026-04-05,DESKTOP,19,1054,0.018026565464895637,7.472485768500949
2025-12-20,DESKTOP,18,808,0.022277227722772276,9.150990099009901
2025-06-14,DESKTOP,17,1029,0.01652089407191448,15.826044703595723
2025-11-20,DESKTOP,17,824,0.02063106796116505,9.442961165048544
2025-12-27,DESKTOP,17,759,0.022397891963109356,10.798418972332016
2026-02-17,DESKTOP,17,1076,0.015799256505576207,9.641263940520446
2026-05-09,DESKTOP,17,969,0.017543859649122806,11.359133126934985
2026-06-14,DESKTOP,17,973,0.017471736896197326,10.424460431654676
2025-09-20,DESKTOP,16,555,0.02882882882882883,8.201801801801802
2025-10-18,DESKTOP,16,551,0.029038112522686024,9.147005444646098
2025-11-23,DESKTOP,16,749,0.021361815754339118,9.16154873164219
2025-11-30,DESKTOP,16,734,0.021798365122615803,8.5
2025-12-13,DESKTOP,16,715,0.022377622377622378,9.816783216783216
2025-12-14,DESKTOP,16,663,0.024132730015082957,9.520361990950226
2026-08-15,DESKTOP,16,868,0.018433179723502304,10.486175115207374
2026-08-16,DESKTOP,16,876,0.0182648401826484,12.434931506849315
2025-07-27,DESKTOP,15,1031,0.014548981571290009,18.057225994180406
2025-08-30,DESKTOP,15,1838,0.008161044613710556,24.069640914036995
2025-12-21,DESKTOP,15,885,0.01694915254237288,10.533333333333333
2025-12-24,DESKTOP,15,867,0.01730103806228374,9.0080738177624
2025-06-08,DESKTOP,14,1695,0.008259587020648967,31.286725663716815
2025-08-09,DESKTOP,14,995,0.01407035175879397,17.624120603015076
2025-09-14,DESKTOP,14,556,0.025179856115107913,8.798561151079138
2026-04-26,DESKTOP,14,996,0.014056224899598393,8.781124497991968
2026-05-16,DESKTOP,14,931,0.015037593984962405,10.81203007518797
2026-05-31,DESKTOP,14,691,0.020260492040520984,7.988422575976845
2026-06-06,DESKTOP,14,913,0.01533406352683461,10.916757940854326
2025-06-29,DESKTOP,13,1432,0.009078212290502794,15.952513966480447
2025-07-05,DESKTOP,13,885,0.014689265536723164,17.822598870056495
2025-07-06,DESKTOP,13,824,0.015776699029126214,18.685679611650485
2025-09-21,DESKTOP,13,573,0.02268760907504363,8.2478184991274
2025-10-11,DESKTOP,13,507,0.02564102564102564,8.637080867850099
2025-12-31,DESKTOP,13,720,0.018055555555555554,9.366666666666667
2026-02-21,DESKTOP,13,829,0.015681544028950542,10.636911942098914
2026-02-28,DESKTOP,13,791,0.01643489254108723,10.395701643489254
2026-04-03,DESKTOP,13,886,0.014672686230248307,7.460496613995486
2026-05-03,DESKTOP,13,925,0.014054054054054054,12.514594594594595
2025-07-20,DESKTOP,12,926,0.012958963282937365,17.37365010799136
2025-07-26,DESKTOP,12,1047,0.011461318051575931,18.176695319961794
2025-08-03,DESKTOP,12,933,0.012861736334405145,18.259378349410504
2025-08-17,DESKTOP,12,707,0.016973125884016973,16.68175388967468
2025-10-25,DESKTOP,12,597,0.020100502512562814,7.514237855946399
2025-11-02,DESKTOP,12,578,0.020761245674740483,9.22318339100346
2025-12-28,DESKTOP,12,730,0.01643835616438356,10.06986301369863
2026-04-18,DESKTOP,12,792,0.015151515151515152,9.757575757575758
2026-04-25,DESKTOP,12,1033,0.011616650532429816,8.452081316553727
2026-05-30,DESKTOP,12,781,0.015364916773367477,8.950064020486556
2026-06-27,DESKTOP,12,981,0.012232415902140673,10.693170234454637
2026-08-08,DESKTOP,12,853,0.01406799531066823,9.937866354044548
2026-08-09,DESKTOP,12,756,0.015873015873015872,10.695767195767196
2025-05-31,DESKTOP,11,1150,0.009565217391304347,27.62
2025-06-19,DESKTOP,11,1093,0.010064043915827997,17.148215919487647
2025-07-12,DESKTOP,11,924,0.011904761904761904,21.08874458874459
2025-07-19,DESKTOP,11,901,0.01220865704772475,16.48057713651498
2026-01-03,DESKTOP,11,905,0.012154696132596685,9.74696132596685
2026-01-04,DESKTOP,11,863,0.012746234067207415,9.491309385863268
2026-01-24,DESKTOP,11,856,0.012850467289719626,12.66822429906542
2026-02-08,DESKTOP,11,937,0.011739594450373533,13.437566702241195
2026-04-11,DESKTOP,11,733,0.015006821282401092,10.212824010914051
2026-07-05,DESKTOP,11,652,0.01687116564417178,8.610429447852761
2026-09-05,DESKTOP,11,680,0.016176470588235296,10.086764705882352
2025-06-22,DESKTOP,10,833,0.012004801920768308,15.883553421368548
2025-08-16,DESKTOP,10,903,0.01107419712070875,16.495016611295682
2026-01-01,DESKTOP,10,800,0.0125,8.95625
2026-01-31,DESKTOP,10,873,0.011454753722794959,12.802978235967927
2026-02-07,DESKTOP,10,867,0.011534025374855825,9.931949250288351
2026-02-14,DESKTOP,10,879,0.011376564277588168,10.286689419795222
2026-06-28,DESKTOP,10,991,0.010090817356205853,10.03329969727548
2026-07-11,DESKTOP,10,1053,0.00949667616334283,11.127255460588794
2025-05-25,DESKTOP,9,1272,0.007075471698113208,33.3498427672956
2025-07-13,DESKTOP,9,759,0.011857707509881422,19.49802371541502
2025-08-02,DESKTOP,9,996,0.009036144578313253,18.652610441767067
2025-08-31,DESKTOP,9,1489,0.006044325050369375,33.664875755540635
2025-10-05,DESKTOP,9,492,0.018292682926829267,7.705284552845528
2025-10-12,DESKTOP,9,536,0.016791044776119403,8.139925373134329
2025-11-09,DESKTOP,9,613,0.01468189233278956,9.044045676998369
2025-11-22,DESKTOP,9,682,0.013196480938416423,8.806451612903226
2026-03-01,DESKTOP,9,842,0.010688836104513063,14.880047505938242
2026-03-07,DESKTOP,9,604,0.014900662251655629,10.451986754966887
2026-05-17,DESKTOP,9,1125,0.008,13.229333333333333
2026-05-24,DESKTOP,9,810,0.011111111111111112,10.885185185185184
2026-06-13,DESKTOP,9,899,0.010011123470522803,11.275862068965518
2026-06-20,DESKTOP,9,1138,0.007908611599297012,9.763620386643234
2026-07-25,DESKTOP,9,852,0.01056338028169014,10.454225352112676
2026-08-29,DESKTOP,9,627,0.014354066985645933,14.033492822966506
2026-09-06,DESKTOP,9,577,0.01559792027729636,10.19584055459272
2025-06-28,DESKTOP,8,1432,0.00558659217877095,14.958100558659218
2025-08-23,DESKTOP,8,968,0.008264462809917356,17.113636363636363
2025-08-24,DESKTOP,8,2457,0.003256003256003256,29.237281237281238
2025-09-27,DESKTOP,8,554,0.01444043321299639,8.339350180505416
2025-09-28,DESKTOP,8,565,0.01415929203539823,8.819469026548672
2025-11-15,DESKTOP,8,597,0.01340033500837521,8.938023450586265
2025-11-16,DESKTOP,8,1029,0.007774538386783284,17.53935860058309
2025-11-29,DESKTOP,8,653,0.01225114854517611,9.237366003062787
2026-01-18,DESKTOP,8,1295,0.006177606177606178,18.745173745173744
2026-02-22,DESKTOP,8,651,0.01228878648233487,11.726574500768049
2026-04-12,DESKTOP,8,732,0.01092896174863388,9.120218579234972
2026-05-01,DESKTOP,8,1933,0.004138644593895499,25.184687015002588
2026-05-23,DESKTOP,8,905,0.008839779005524863,9.514917127071824
2026-06-21,DESKTOP,8,982,0.008146639511201629,9.316700610997964
2026-07-12,DESKTOP,8,1022,0.007827788649706457,10.169275929549903
2026-08-22,DESKTOP,8,646,0.01238390092879257,14.455108359133128
2026-09-13,DESKTOP,8,770,0.01038961038961039,9.841558441558442
2025-06-21,DESKTOP,7,1253,0.00558659217877095,23.063846767757383
2025-09-06,DESKTOP,7,1308,0.005351681957186544,15.402140672782874
2025-10-19,DESKTOP,7,475,0.014736842105263158,8.623157894736842
2025-10-26,DESKTOP,7,492,0.014227642276422764,7.939024390243903
2026-02-01,DESKTOP,7,815,0.008588957055214725,13.346012269938651
2026-03-14,DESKTOP,7,586,0.011945392491467578,10.761092150170649
2026-03-29,DESKTOP,7,816,0.00857843137254902,8.529411764705882
2026-05-02,DESKTOP,7,1159,0.0060396893874029335,10.892148403796376
2026-07-19,DESKTOP,7,871,0.008036739380022962,13.988518943742823
2026-08-01,DESKTOP,7,999,0.007007007007007007,10.11011011011011
2026-09-12,DESKTOP,7,856,0.008177570093457943,10.033878504672897
2025-09-07,DESKTOP,6,1776,0.0033783783783783786,28.469594594594593
2025-10-04,DESKTOP,6,516,0.011627906976744186,7.771317829457364
2025-12-06,DESKTOP,6,684,0.008771929824561403,9.852339181286549
2025-12-25,DESKTOP,6,730,0.00821917808219178,11.646575342465754
2026-01-25,DESKTOP,6,790,0.007594936708860759,14.40886075949367
2026-03-21,DESKTOP,6,754,0.007957559681697613,9.210875331564987
2026-03-22,DESKTOP,6,1107,0.005420054200542005,7.7741644083107495
2026-08-02,DESKTOP,6,845,0.007100591715976331,9.318343195266273
2026-09-07,DESKTOP,6,639,0.009389671361502348,9.486697965571205
2025-06-01,DESKTOP,5,1367,0.0036576444769568397,32.38844184345282
2026-01-17,DESKTOP,5,931,0.0053705692803437165,11.832438238453276
2026-02-15,DESKTOP,5,666,0.0075075075075075074,11.758258258258259
2026-03-08,DESKTOP,5,566,0.0088339222614841,10.703180212014134
2026-04-19,DESKTOP,5,956,0.005230125523012552,8.01673640167364
2026-07-18,DESKTOP,5,752,0.006648936170212766,10.450797872340425
2025-07-09,TABLET,4,32,0.125,6.4375
2025-07-13,TABLET,4,44,0.09090909090909091,7.045454545454546
2025-09-13,DESKTOP,4,590,0.006779661016949152,11.345762711864406
2025-11-01,DESKTOP,4,511,0.007827788649706457,10.142857142857142
2026-03-28,DESKTOP,4,845,0.004733727810650888,9.397633136094674
2026-04-04,DESKTOP,4,783,0.005108556832694764,9.279693486590038
2026-07-04,DESKTOP,4,810,0.0049382716049382715,9.701234567901235
2026-07-26,DESKTOP,4,676,0.005917159763313609,9.60207100591716
2026-08-23,DESKTOP,4,464,0.008620689655172414,10.601293103448276
2026-08-30,DESKTOP,4,650,0.006153846153846154,13.163076923076924
2025-07-02,TABLET,3,27,0.1111111111111111,7.0
2025-07-15,TABLET,3,33,0.09090909090909091,5.787878787878788
2025-08-10,DESKTOP,3,760,0.003947368421052632,20.35921052631579
2026-01-19,TABLET,3,43,0.06976744186046512,7.627906976744186
2026-03-15,DESKTOP,3,901,0.003329633740288568,14.524972253052164
2026-03-28,TABLET,3,24,0.125,3.375
2026-06-21,TABLET,3,28,0.10714285714285714,6.285714285714286
2025-05-29,TABLET,2,32,0.0625,7.875
2025-07-08,TABLET,2,14,0.14285714285714285,7.285714285714286
2025-07-10,TABLET,2,29,0.06896551724137931,6.620689655172414
2025-07-11,TABLET,2,23,0.08695652173913043,7.260869565217392
2025-07-12,TABLET,2,24,0.08333333333333333,8.291666666666668
2025-07-14,TABLET,2,26,0.07692307692307693,8.115384615384615
2025-07-16,TABLET,2,25,0.08,6.76
2025-07-17,TABLET,2,19,0.10526315789473684,6.526315789473684
2025-07-20,TABLET,2,17,0.11764705882352941,8.529411764705882
2025-07-21,TABLET,2,31,0.06451612903225806,7.161290322580645
2025-08-30,TABLET,2,41,0.04878048780487805,7.609756097560975
2025-09-01,TABLET,2,38,0.05263157894736842,6.894736842105263
2025-09-02,TABLET,2,48,0.041666666666666664,7.770833333333333
2025-09-04,TABLET,2,50,0.04,7.96
2025-09-08,TABLET,2,35,0.05714285714285714,7.114285714285714
2025-09-14,TABLET,2,30,0.06666666666666667,6.433333333333334
2025-11-08,DESKTOP,2,577,0.0034662045060658577,9.074523396880416
2025-11-09,TABLET,2,26,0.07692307692307693,7.461538461538462
2025-12-22,TABLET,2,32,0.0625,8.96875
2026-01-03,TABLET,2,43,0.046511627906976744,7.372093023255814
2026-01-09,TABLET,2,28,0.07142857142857142,7.142857142857143
2026-01-27,TABLET,2,41,0.04878048780487805,8.146341463414634
2026-04-03,TABLET,2,33,0.06060606060606061,7.757575757575758
2026-04-06,TABLET,2,32,0.0625,7.0
2026-04-22,TABLET,2,33,0.06060606060606061,6.424242424242424
2026-04-23,TABLET,2,32,0.0625,6.4375
2026-06-22,TABLET,2,19,0.10526315789473684,5.421052631578948
2026-07-19,TABLET,2,25,0.08,9.12
2025-05-28,TABLET,1,38,0.02631578947368421,6.7894736842105265
2025-06-02,TABLET,1,41,0.024390243902439025,6.048780487804878
2025-06-04,TABLET,1,24,0.041666666666666664,8.208333333333332
2025-06-05,TABLET,1,48,0.020833333333333332,7.458333333333333
2025-06-11,TABLET,1,25,0.04,8.32
2025-06-12,TABLET,1,17,0.058823529411764705,8.352941176470587
2025-06-22,TABLET,1,33,0.030303030303030304,6.121212121212121
2025-06-23,TABLET,1,24,0.041666666666666664,7.208333333333333
2025-06-29,TABLET,1,32,0.03125,8.28125
2025-07-01,TABLET,1,27,0.037037037037037035,6.851851851851852
2025-07-07,TABLET,1,20,0.05,5.85
2025-07-18,TABLET,1,20,0.05,7.05
2025-07-19,TABLET,1,19,0.05263157894736842,7.421052631578948
2025-07-24,TABLET,1,23,0.043478260869565216,6.739130434782608
2025-07-26,TABLET,1,29,0.034482758620689655,9.931034482758621
2025-07-27,TABLET,1,31,0.03225806451612903,7.0
2025-07-28,TABLET,1,37,0.02702702702702703,7.405405405405405
2025-07-30,TABLET,1,28,0.03571428571428571,6.678571428571429
2025-08-02,TABLET,1,27,0.037037037037037035,6.888888888888889
2025-08-11,TABLET,1,24,0.041666666666666664,9.291666666666666
2025-08-12,TABLET,1,34,0.029411764705882353,6.264705882352941
2025-08-24,TABLET,1,26,0.038461538461538464,6.615384615384615
2025-08-29,TABLET,1,28,0.03571428571428571,5.5
2025-09-03,TABLET,1,31,0.03225806451612903,7.129032258064516
2025-09-06,TABLET,1,47,0.02127659574468085,8.02127659574468
2025-09-09,TABLET,1,32,0.03125,7.375
2025-09-10,TABLET,1,26,0.038461538461538464,9.26923076923077
2025-09-11,TABLET,1,22,0.045454545454545456,7.409090909090909
2025-09-12,TABLET,1,21,0.047619047619047616,6.523809523809524
2025-09-13,TABLET,1,19,0.05263157894736842,7.052631578947368
2025-09-15,TABLET,1,21,0.047619047619047616,5.523809523809524
2025-09-16,TABLET,1,12,0.08333333333333333,5.0
2025-09-17,TABLET,1,24,0.041666666666666664,5.0
2025-09-23,TABLET,1,11,0.09090909090909091,5.181818181818182
2025-10-11,TABLET,1,24,0.041666666666666664,7.416666666666667
2025-10-12,TABLET,1,22,0.045454545454545456,8.90909090909091
2025-10-18,TABLET,1,17,0.058823529411764705,5.882352941176471
2025-10-19,TABLET,1,20,0.05,10.55
2025-10-22,TABLET,1,17,0.058823529411764705,7.0
2025-10-27,TABLET,1,17,0.058823529411764705,5.823529411764706
2025-10-28,TABLET,1,22,0.045454545454545456,5.909090909090909
2025-10-31,TABLET,1,13,0.07692307692307693,6.769230769230769
2025-11-14,TABLET,1,16,0.0625,5.9375
2025-11-19,TABLET,1,28,0.03571428571428571,5.464285714285714
2025-11-20,TABLET,1,29,0.034482758620689655,5.103448275862069
2025-11-26,TABLET,1,16,0.0625,7.125
2025-11-27,TABLET,1,35,0.02857142857142857,6.0
2025-12-01,TABLET,1,26,0.038461538461538464,6.576923076923077
2025-12-13,TABLET,1,42,0.023809523809523808,6.666666666666667
2025-12-15,TABLET,1,41,0.024390243902439025,8.073170731707318
2025-12-26,TABLET,1,26,0.038461538461538464,9.961538461538462
2025-12-27,TABLET,1,29,0.034482758620689655,11.655172413793103
2025-12-28,TABLET,1,39,0.02564102564102564,8.538461538461538
2026-01-02,TABLET,1,36,0.027777777777777776,9.944444444444445
2026-01-12,TABLET,1,25,0.04,8.24
2026-01-15,TABLET,1,42,0.023809523809523808,7.238095238095238
2026-01-21,TABLET,1,63,0.015873015873015872,8.269841269841269
2026-02-03,TABLET,1,45,0.022222222222222223,7.311111111111111
2026-02-04,TABLET,1,41,0.024390243902439025,8.073170731707318
2026-02-09,TABLET,1,32,0.03125,7.71875
2026-02-20,TABLET,1,74,0.013513513513513514,9.54054054054054
2026-02-21,TABLET,1,85,0.011764705882352941,8.611764705882353
2026-02-24,TABLET,1,68,0.014705882352941176,9.411764705882353
2026-02-25,TABLET,1,74,0.013513513513513514,8.54054054054054
2026-02-28,TABLET,1,76,0.013157894736842105,8.131578947368421
2026-03-04,TABLET,1,40,0.025,5.975
2026-03-13,TABLET,1,36,0.027777777777777776,6.305555555555555
2026-03-20,TABLET,1,43,0.023255813953488372,6.558139534883721
2026-03-21,TABLET,1,29,0.034482758620689655,5.068965517241379
2026-04-26,TABLET,1,29,0.034482758620689655,8.137931034482758
2026-04-28,TABLET,1,34,0.029411764705882353,7.352941176470588
2026-05-04,TABLET,1,39,0.02564102564102564,5.487179487179487
2026-05-05,TABLET,1,40,0.025,6.675
2026-05-09,TABLET,1,30,0.03333333333333333,5.166666666666667
2026-05-22,TABLET,1,29,0.034482758620689655,6.620689655172414
2026-05-23,TABLET,1,28,0.03571428571428571,7.214285714285714
2026-05-25,TABLET,1,34,0.029411764705882353,6.029411764705882
2026-05-28,TABLET,1,34,0.029411764705882353,6.0
2026-06-03,TABLET,1,24,0.041666666666666664,7.75
2026-06-04,TABLET,1,24,0.041666666666666664,7.791666666666667
2026-06-08,TABLET,1,19,0.05263157894736842,5.631578947368421
2026-06-09,TABLET,1,28,0.03571428571428571,5.964285714285714
2026-06-10,TABLET,1,24,0.041666666666666664,7.208333333333333
2026-06-12,TABLET,1,24,0.041666666666666664,7.791666666666667
2026-06-13,TABLET,1,21,0.047619047619047616,7.0476190476190474
2026-06-17,TABLET,1,30,0.03333333333333333,5.7
2026-07-01,TABLET,1,29,0.034482758620689655,7.0
2026-07-04,TABLET,1,29,0.034482758620689655,7.275862068965517
2026-07-08,TABLET,1,27,0.037037037037037035,7.703703703703703
2026-07-10,TABLET,1,21,0.047619047619047616,6.285714285714286
2026-07-20,TABLET,1,24,0.041666666666666664,8.083333333333332
2026-07-30,TABLET,1,22,0.045454545454545456,7.545454545454546
2026-08-06,TABLET,1,15,0.06666666666666667,5.733333333333333
2026-08-09,TABLET,1,14,0.07142857142857142,6.928571428571429
2026-08-14,TABLET,1,27,0.037037037037037035,6.37037037037037
2026-08-16,TABLET,1,25,0.04,6.96
2026-08-25,TABLET,1,20,0.05,6.1
2026-09-01,TABLET,1,19,0.05263157894736842,6.368421052631579
2026-09-10,TABLET,1,20,0.05,6.6
2025-05-25,TABLET,0,37,0.0,6.972972972972973
2025-05-26,TABLET,0,30,0.0,7.633333333333334
2025-05-27,TABLET,0,40,0.0,6.9
2025-05-30,TABLET,0,16,0.0,7.0
2025-05-31,TABLET,0,35,0.0,5.571428571428571
2025-06-01,TABLET,0,40,0.0,6.45
2025-06-03,TABLET,0,22,0.0,6.454545454545454
2025-06-06,TABLET,0,45,0.0,5.8
2025-06-07,TABLET,0,27,0.0,6.814814814814815
2025-06-08,TABLET,0,29,0.0,7.103448275862069
2025-06-09,TABLET,0,37,0.0,7.081081081081081
2025-06-10,TABLET,0,33,0.0,7.090909090909091
2025-06-13,TABLET,0,17,0.0,7.235294117647059
2025-06-14,TABLET,0,19,0.0,8.210526315789473
2025-06-15,TABLET,0,26,0.0,9.615384615384615
2025-06-16,TABLET,0,21,0.0,9.952380952380953
2025-06-17,TABLET,0,25,0.0,9.68
2025-06-18,TABLET,0,45,0.0,7.622222222222222
2025-06-19,TABLET,0,28,0.0,7.892857142857143
2025-06-20,TABLET,0,27,0.0,8.62962962962963
2025-06-21,TABLET,0,32,0.0,7.4375
2025-06-24,TABLET,0,23,0.0,7.0
2025-06-25,TABLET,0,30,0.0,6.6
2025-06-26,TABLET,0,34,0.0,7.205882352941177
2025-06-27,TABLET,0,23,0.0,7.826086956521739
2025-06-28,TABLET,0,20,0.0,9.15
2025-06-30,TABLET,0,30,0.0,7.366666666666666
2025-07-03,TABLET,0,24,0.0,7.0
2025-07-04,TABLET,0,19,0.0,6.894736842105263
2025-07-05,TABLET,0,13,0.0,7.153846153846154
2025-07-06,TABLET,0,14,0.0,8.928571428571429
2025-07-22,TABLET,0,22,0.0,8.545454545454547
2025-07-23,TABLET,0,30,0.0,8.1
2025-07-25,TABLET,0,22,0.0,7.545454545454546
2025-07-29,TABLET,0,19,0.0,7.2105263157894735
2025-07-31,TABLET,0,34,0.0,6.705882352941177
2025-08-01,TABLET,0,26,0.0,6.576923076923077
2025-08-03,TABLET,0,32,0.0,6.59375
2025-08-04,TABLET,0,31,0.0,7.129032258064516
2025-08-05,TABLET,0,25,0.0,7.28
2025-08-06,TABLET,0,34,0.0,7.5588235294117645
2025-08-07,TABLET,0,36,0.0,7.722222222222222
2025-08-08,TABLET,0,22,0.0,8.818181818181818
2025-08-09,TABLET,0,29,0.0,7.724137931034483
2025-08-10,TABLET,0,27,0.0,7.481481481481482
2025-08-13,TABLET,0,42,0.0,6.333333333333333
2025-08-14,TABLET,0,22,0.0,8.0
2025-08-15,TABLET,0,25,0.0,6.24
2025-08-16,TABLET,0,18,0.0,6.722222222222222
2025-08-17,TABLET,0,32,0.0,7.125
2025-08-18,TABLET,0,18,0.0,6.277777777777778
2025-08-19,TABLET,0,22,0.0,5.7727272727272725
2025-08-20,TABLET,0,26,0.0,5.076923076923077
2025-08-21,TABLET,0,12,0.0,5.916666666666667
2025-08-22,TABLET,0,29,0.0,6.655172413793103
2025-08-23,TABLET,0,34,0.0,7.117647058823529
2025-08-25,TABLET,0,27,0.0,6.222222222222222
2025-08-26,TABLET,0,18,0.0,6.722222222222222
2025-08-27,TABLET,0,25,0.0,9.36
2025-08-28,TABLET,0,22,0.0,7.0
2025-08-31,TABLET,0,34,0.0,7.382352941176471
2025-09-05,TABLET,0,42,0.0,6.023809523809524
2025-09-07,TABLET,0,40,0.0,6.55
2025-09-18,TABLET,0,6,0.0,10.666666666666666
2025-09-19,TABLET,0,14,0.0,7.357142857142857
2025-09-20,TABLET,0,23,0.0,7.3478260869565215
2025-09-21,TABLET,0,24,0.0,8.625
2025-09-22,TABLET,0,31,0.0,5.709677419354839
2025-09-24,TABLET,0,13,0.0,8.615384615384615
2025-09-25,TABLET,0,15,0.0,7.933333333333334
2025-09-26,TABLET,0,18,0.0,5.222222222222222
2025-09-27,TABLET,0,21,0.0,8.523809523809524
2025-09-28,TABLET,0,17,0.0,7.529411764705882
2025-09-29,TABLET,0,43,0.0,7.023255813953488
2025-09-30,TABLET,0,23,0.0,6.521739130434782
2025-10-01,TABLET,0,14,0.0,5.214285714285714
2025-10-02,TABLET,0,11,0.0,7.454545454545454
2025-10-03,TABLET,0,16,0.0,7.125
2025-10-04,TABLET,0,23,0.0,7.391304347826087
2025-10-05,TABLET,0,16,0.0,9.8125
2025-10-06,TABLET,0,17,0.0,7.764705882352941
2025-10-07,TABLET,0,12,0.0,6.833333333333333
2025-10-08,TABLET,0,17,0.0,6.470588235294118
2025-10-09,TABLET,0,14,0.0,7.285714285714286
2025-10-10,TABLET,0,13,0.0,7.230769230769231
2025-10-13,TABLET,0,19,0.0,8.894736842105264
2025-10-14,TABLET,0,7,0.0,8.714285714285715
2025-10-15,TABLET,0,9,0.0,8.555555555555555
2025-10-16,TABLET,0,22,0.0,7.7272727272727275
2025-10-17,TABLET,0,20,0.0,7.05
2025-10-20,TABLET,0,24,0.0,7.5
2025-10-21,TABLET,0,11,0.0,5.7272727272727275
2025-10-23,TABLET,0,22,0.0,7.681818181818182
2025-10-24,TABLET,0,8,0.0,6.25
2025-10-25,TABLET,0,12,0.0,6.5
2025-10-26,TABLET,0,22,0.0,6.7727272727272725
2025-10-29,TABLET,0,11,0.0,6.363636363636363
2025-10-30,TABLET,0,16,0.0,5.625
2025-11-01,TABLET,0,12,0.0,6.833333333333333
2025-11-02,TABLET,0,15,0.0,8.066666666666666
2025-11-03,TABLET,0,26,0.0,6.269230769230769
2025-11-04,TABLET,0,20,0.0,6.3
2025-11-05,TABLET,0,14,0.0,8.0
2025-11-06,TABLET,0,19,0.0,8.0
2025-11-07,TABLET,0,11,0.0,5.818181818181818
2025-11-08,TABLET,0,21,0.0,7.571428571428571
2025-11-10,TABLET,0,21,0.0,7.428571428571429
2025-11-11,TABLET,0,14,0.0,7.214285714285714
2025-11-12,TABLET,0,26,0.0,6.576923076923077
2025-11-13,TABLET,0,21,0.0,6.523809523809524
2025-11-15,TABLET,0,20,0.0,6.15
2025-11-16,TABLET,0,23,0.0,6.391304347826087
2025-11-17,TABLET,0,20,0.0,6.3
2025-11-18,TABLET,0,27,0.0,6.222222222222222
2025-11-21,TABLET,0,25,0.0,6.52
2025-11-22,TABLET,0,14,0.0,9.5
2025-11-23,TABLET,0,20,0.0,6.5
2025-11-24,TABLET,0,16,0.0,10.125
2025-11-25,TABLET,0,13,0.0,9.23076923076923
2025-11-28,TABLET,0,20,0.0,8.1
2025-11-29,TABLET,0,17,0.0,5.0
2025-11-30,TABLET,0,20,0.0,6.95
2025-12-02,TABLET,0,34,0.0,9.088235294117647
2025-12-03,TABLET,0,27,0.0,11.25925925925926
2025-12-04,TABLET,0,31,0.0,9.580645161290322
2025-12-05,TABLET,0,15,0.0,7.8
2025-12-06,TABLET,0,41,0.0,8.512195121951219
2025-12-07,TABLET,0,18,0.0,7.111111111111111
2025-12-08,TABLET,0,46,0.0,7.260869565217392
2025-12-09,TABLET,0,42,0.0,6.857142857142857
2025-12-10,TABLET,0,31,0.0,7.67741935483871
2025-12-11,TABLET,0,28,0.0,8.214285714285715
2025-12-12,TABLET,0,42,0.0,6.738095238095238
2025-12-14,TABLET,0,32,0.0,9.96875
2025-12-16,TABLET,0,37,0.0,7.594594594594595
2025-12-17,TABLET,0,28,0.0,8.285714285714285
2025-12-18,TABLET,0,43,0.0,7.558139534883721
2025-12-19,TABLET,0,41,0.0,7.926829268292683
2025-12-20,TABLET,0,33,0.0,8.727272727272727
2025-12-21,TABLET,0,41,0.0,9.975609756097562
2025-12-23,TABLET,0,35,0.0,8.82857142857143
2025-12-24,TABLET,0,29,0.0,10.379310344827585
2025-12-25,TABLET,0,32,0.0,7.625
2025-12-29,TABLET,0,38,0.0,9.263157894736842
2025-12-30,TABLET,0,37,0.0,7.351351351351352
2025-12-31,TABLET,0,29,0.0,8.931034482758621
2026-01-01,TABLET,0,37,0.0,8.378378378378379
2026-01-04,TABLET,0,45,0.0,9.022222222222222
2026-01-05,TABLET,0,37,0.0,6.702702702702703
2026-01-06,TABLET,0,29,0.0,8.413793103448276
2026-01-07,TABLET,0,37,0.0,8.64864864864865
2026-01-08,TABLET,0,51,0.0,9.156862745098039
2026-01-10,TABLET,0,40,0.0,8.4
2026-01-11,TABLET,0,41,0.0,7.317073170731708
2026-01-13,TABLET,0,22,0.0,7.5
2026-01-14,TABLET,0,32,0.0,7.4375
2026-01-16,TABLET,0,36,0.0,8.61111111111111
2026-01-17,TABLET,0,37,0.0,8.81081081081081
2026-01-18,TABLET,0,47,0.0,7.829787234042553
2026-01-20,TABLET,0,34,0.0,6.970588235294118
2026-01-22,TABLET,0,45,0.0,9.466666666666667
2026-01-23,TABLET,0,40,0.0,6.925
2026-01-24,TABLET,0,31,0.0,8.548387096774194
2026-01-25,TABLET,0,53,0.0,8.773584905660378
2026-01-26,TABLET,0,47,0.0,8.02127659574468
2026-01-28,TABLET,0,59,0.0,7.610169491525424
2026-01-29,TABLET,0,32,0.0,7.71875
2026-01-30,TABLET,0,44,0.0,9.181818181818182
2026-01-31,TABLET,0,26,0.0,8.538461538461538
2026-02-01,TABLET,0,38,0.0,9.421052631578947
2026-02-02,TABLET,0,42,0.0,8.452380952380953
2026-02-05,TABLET,0,43,0.0,8.511627906976745
2026-02-06,TABLET,0,33,0.0,9.969696969696969
2026-02-07,TABLET,0,59,0.0,8.237288135593221
2026-02-08,TABLET,0,43,0.0,8.232558139534884
2026-02-10,TABLET,0,42,0.0,9.69047619047619
2026-02-11,TABLET,0,40,0.0,7.25
2026-02-12,TABLET,0,34,0.0,8.088235294117647
2026-02-13,TABLET,0,48,0.0,8.645833333333332
2026-02-14,TABLET,0,66,0.0,8.575757575757576
2026-02-15,TABLET,0,45,0.0,8.2
2026-02-16,TABLET,0,39,0.0,8.205128205128204
2026-02-17,TABLET,0,46,0.0,7.5
2026-02-18,TABLET,0,60,0.0,8.016666666666666
2026-02-19,TABLET,0,52,0.0,7.615384615384615
2026-02-22,TABLET,0,63,0.0,9.238095238095237
2026-02-23,TABLET,0,67,0.0,8.268656716417912
2026-02-26,TABLET,0,81,0.0,8.962962962962962
2026-02-27,TABLET,0,83,0.0,7.313253012048193
2026-03-01,TABLET,0,47,0.0,5.702127659574468
2026-03-02,TABLET,0,54,0.0,6.537037037037037
2026-03-03,TABLET,0,24,0.0,5.416666666666667
2026-03-05,TABLET,0,39,0.0,6.9743589743589745
2026-03-06,TABLET,0,70,0.0,6.9714285714285715
2026-03-07,TABLET,0,43,0.0,7.162790697674419
2026-03-08,TABLET,0,44,0.0,8.181818181818182
2026-03-09,TABLET,0,41,0.0,6.560975609756097
2026-03-10,TABLET,0,45,0.0,6.644444444444445
2026-03-11,TABLET,0,42,0.0,7.476190476190476
2026-03-12,TABLET,0,27,0.0,6.074074074074074
2026-03-14,TABLET,0,36,0.0,7.277777777777778
2026-03-15,TABLET,0,44,0.0,6.204545454545454
2026-03-16,TABLET,0,30,0.0,7.866666666666666
2026-03-17,TABLET,0,24,0.0,8.416666666666668
2026-03-18,TABLET,0,33,0.0,5.7272727272727275
2026-03-19,TABLET,0,22,0.0,5.454545454545454
2026-03-22,TABLET,0,23,0.0,6.130434782608695
2026-03-23,TABLET,0,33,0.0,5.03030303030303
2026-03-24,TABLET,0,32,0.0,6.96875
2026-03-25,TABLET,0,21,0.0,5.476190476190476
2026-03-26,TABLET,0,20,0.0,7.5
2026-03-27,TABLET,0,23,0.0,7.826086956521739
2026-03-29,TABLET,0,32,0.0,6.59375
2026-03-30,TABLET,0,24,0.0,6.208333333333333
2026-03-31,TABLET,0,25,0.0,7.4
2026-04-01,TABLET,0,14,0.0,8.0
2026-04-02,TABLET,0,24,0.0,6.166666666666667
2026-04-04,TABLET,0,27,0.0,8.296296296296298
2026-04-05,TABLET,0,21,0.0,7.666666666666667
2026-04-07,TABLET,0,25,0.0,5.72
2026-04-08,TABLET,0,20,0.0,10.55
2026-04-09,TABLET,0,24,0.0,6.791666666666667
2026-04-10,TABLET,0,30,0.0,7.933333333333334
2026-04-11,TABLET,0,26,0.0,7.269230769230769
2026-04-12,TABLET,0,45,0.0,7.111111111111111
2026-04-13,TABLET,0,47,0.0,5.659574468085107
2026-04-14,TABLET,0,25,0.0,7.36
2026-04-15,TABLET,0,42,0.0,7.071428571428571
2026-04-16,TABLET,0,33,0.0,6.484848484848484
2026-04-17,TABLET,0,53,0.0,5.660377358490566
2026-04-18,TABLET,0,39,0.0,6.461538461538462
2026-04-19,TABLET,0,49,0.0,5.0
2026-04-20,TABLET,0,38,0.0,7.421052631578948
2026-04-21,TABLET,0,25,0.0,7.08
2026-04-24,TABLET,0,32,0.0,7.90625
2026-04-25,TABLET,0,37,0.0,7.864864864864865
2026-04-27,TABLET,0,33,0.0,7.909090909090909
2026-04-29,TABLET,0,26,0.0,6.461538461538462
2026-04-30,TABLET,0,25,0.0,6.96
2026-05-01,TABLET,0,26,0.0,8.423076923076923
2026-05-02,TABLET,0,26,0.0,6.615384615384615
2026-05-03,TABLET,0,26,0.0,5.961538461538462
2026-05-06,TABLET,0,25,0.0,6.76
2026-05-07,TABLET,0,36,0.0,6.361111111111111
2026-05-08,TABLET,0,30,0.0,6.966666666666667
2026-05-10,TABLET,0,24,0.0,6.791666666666667
2026-05-11,TABLET,0,29,0.0,6.379310344827586
2026-05-12,TABLET,0,23,0.0,6.434782608695652
2026-05-13,TABLET,0,28,0.0,7.392857142857143
2026-05-14,TABLET,0,30,0.0,7.033333333333333
2026-05-15,TABLET,0,34,0.0,5.764705882352941
2026-05-16,TABLET,0,35,0.0,7.4
2026-05-17,TABLET,0,20,0.0,7.5
2026-05-18,TABLET,0,37,0.0,6.837837837837838
2026-05-19,TABLET,0,19,0.0,5.526315789473684
2026-05-20,TABLET,0,31,0.0,6.612903225806452
2026-05-21,TABLET,0,33,0.0,6.606060606060606
2026-05-24,TABLET,0,20,0.0,6.25
2026-05-26,TABLET,0,34,0.0,5.794117647058823
2026-05-27,TABLET,0,29,0.0,6.344827586206897
2026-05-29,TABLET,0,21,0.0,7.714285714285714
2026-05-30,TABLET,0,21,0.0,6.238095238095238
2026-05-31,TABLET,0,31,0.0,6.741935483870968
2026-06-01,TABLET,0,33,0.0,6.0
2026-06-02,TABLET,0,18,0.0,7.333333333333333
2026-06-05,TABLET,0,30,0.0,8.033333333333333
2026-06-06,TABLET,0,18,0.0,6.555555555555555
2026-06-07,TABLET,0,31,0.0,6.903225806451613
2026-06-11,TABLET,0,30,0.0,7.0
2026-06-14,TABLET,0,36,0.0,7.611111111111111
2026-06-15,TABLET,0,25,0.0,7.28
2026-06-16,TABLET,0,26,0.0,7.461538461538462
2026-06-18,TABLET,0,27,0.0,5.222222222222222
2026-06-19,TABLET,0,19,0.0,7.105263157894737
2026-06-20,TABLET,0,18,0.0,7.444444444444445
2026-06-23,TABLET,0,20,0.0,6.1
2026-06-24,TABLET,0,17,0.0,7.470588235294118
2026-06-25,TABLET,0,15,0.0,6.866666666666666
2026-06-26,TABLET,0,13,0.0,5.3076923076923075
2026-06-27,TABLET,0,21,0.0,5.571428571428571
2026-06-28,TABLET,0,17,0.0,5.294117647058823
2026-06-29,TABLET,0,13,0.0,6.846153846153846
2026-06-30,TABLET,0,18,0.0,12.11111111111111
2026-07-02,TABLET,0,18,0.0,6.666666666666667
2026-07-03,TABLET,0,23,0.0,6.782608695652174
2026-07-05,TABLET,0,22,0.0,7.0
2026-07-06,TABLET,0,23,0.0,6.739130434782608
2026-07-07,TABLET,0,36,0.0,6.944444444444445
2026-07-09,TABLET,0,22,0.0,6.590909090909091
2026-07-11,TABLET,0,7,0.0,4.857142857142858
2026-07-12,TABLET,0,17,0.0,6.176470588235294
2026-07-13,TABLET,0,21,0.0,5.904761904761905
2026-07-14,TABLET,0,9,0.0,5.111111111111111
2026-07-15,TABLET,0,14,0.0,5.857142857142857
2026-07-16,TABLET,0,9,0.0,7.111111111111111
2026-07-17,TABLET,0,17,0.0,7.647058823529412
2026-07-18,TABLET,0,12,0.0,6.416666666666667
2026-07-21,TABLET,0,17,0.0,6.9411764705882355
2026-07-22,TABLET,0,16,0.0,6.8125
2026-07-23,TABLET,0,24,0.0,9.958333333333334
2026-07-24,TABLET,0,24,0.0,9.708333333333334
2026-07-25,TABLET,0,18,0.0,6.777777777777778
2026-07-26,TABLET,0,17,0.0,5.588235294117647
2026-07-27,TABLET,0,23,0.0,8.130434782608695
2026-07-28,TABLET,0,32,0.0,6.75
2026-07-29,TABLET,0,21,0.0,8.904761904761905
2026-07-31,TABLET,0,16,0.0,7.9375
2026-08-01,TABLET,0,20,0.0,10.3
2026-08-02,TABLET,0,21,0.0,7.619047619047619
2026-08-03,TABLET,0,30,0.0,6.233333333333333
2026-08-04,TABLET,0,14,0.0,6.571428571428571
2026-08-05,TABLET,0,16,0.0,8.125
2026-08-07,TABLET,0,22,0.0,6.7272727272727275
2026-08-08,TABLET,0,25,0.0,7.24
2026-08-10,TABLET,0,24,0.0,6.75
2026-08-11,TABLET,0,14,0.0,7.571428571428571
2026-08-12,TABLET,0,15,0.0,7.066666666666666
2026-08-13,TABLET,0,26,0.0,6.5
2026-08-15,TABLET,0,14,0.0,7.142857142857143
2026-08-17,TABLET,0,23,0.0,7.173913043478261
2026-08-18,TABLET,0,18,0.0,6.055555555555555
2026-08-19,TABLET,0,12,0.0,5.25
2026-08-20,TABLET,0,11,0.0,6.363636363636363
2026-08-21,TABLET,0,18,0.0,8.5
2026-08-22,TABLET,0,14,0.0,6.285714285714286
2026-08-23,TABLET,0,15,0.0,7.333333333333333
2026-08-24,TABLET,0,19,0.0,7.421052631578948
2026-08-26,TABLET,0,15,0.0,5.533333333333333
2026-08-27,TABLET,0,26,0.0,5.576923076923077
2026-08-28,TABLET,0,19,0.0,8.578947368421051
2026-08-29,TABLET,0,12,0.0,9.666666666666666
2026-08-30,TABLET,0,14,0.0,6.071428571428571
2026-08-31,TABLET,0,17,0.0,9.529411764705882
2026-09-02,TABLET,0,16,0.0,4.4375
2026-09-03,TABLET,0,14,0.0,8.714285714285715
2026-09-04,TABLET,0,17,0.0,4.9411764705882355
2026-09-05,TABLET,0,23,0.0,7.260869565217392
2026-09-06,TABLET,0,23,0.0,7.826086956521739
2026-09-07,TABLET,0,16,0.0,6.25
2026-09-08,TABLET,0,7,0.0,9.0
2026-09-09,TABLET,0,27,0.0,5.555555555555555
2026-09-11,TABLET,0,16,0.0,6.1875
2026-09-12,TABLET,0,18,0.0,6.944444444444445
2026-09-13,TABLET,0,20,0.0,6.35
2026-09-14,TABLET,0,11,0.0,10.363636363636363
