shopping,shopping_sigla,data,impressoes,cliques,ctr,cpc_medio,custo,conversoes,valor_conversoes,roas,cpa,impression_share
GERAL,GERAL,2025-09-12,110564,2690,0.024329799934879347,0.1546702219330855,416.062897,4178.414317,12.0,0.02884179311956288,0.09957435176000524,0.2901446784128348
GERAL,GERAL,2025-09-13,115389,3369,0.02919689051816031,0.13050282991985754,439.664034,4996.702288,7.0,0.01592124772252806,0.08799084049011487,0.27615038962516353
GERAL,GERAL,2025-09-14,106366,2866,0.02694470037417972,0.13581882274947663,389.256746,4136.925311,22.0,0.05651796719278951,0.09409324963275849,0.2918233082706767
GERAL,GERAL,2025-09-15,125989,1878,0.014906063227742105,0.22190884291799787,416.744807,3823.863956,10.0,0.023995499960722966,0.10898525988250403,0.2785648761594129
GERAL,GERAL,2025-09-16,119795,1955,0.016319545890896948,0.20723319641943733,405.140899,3260.252729,11.0,0.027151048011077254,0.12426671570466463,0.26058426966292136
GERAL,GERAL,2025-09-17,108678,2092,0.01924952612304238,0.2026595186424474,423.963713,3378.318244,14.0,0.03302169400521313,0.12549549283966155,0.27423252483665983
GERAL,GERAL,2025-09-18,92775,1866,0.02011317704122878,0.20613031672025722,384.639171,2934.457559,17.0,0.0441972666377237,0.1310767538008206,0.2414614773629865
GERAL,GERAL,2025-09-19,79597,2278,0.028619169064160708,0.16508618700614575,376.066334,3547.861992,12.0,0.031909264177845814,0.10599801650909312,0.2780295401141323
GERAL,GERAL,2025-09-20,106763,3165,0.029645101767466257,0.20494422022116904,648.648457,4852.573015,19.0,0.02929167532113624,0.13367103493238217,0.24960385371109844
GERAL,GERAL,2025-09-21,88770,2849,0.032094175960346964,0.17555055282555282,500.143525,4240.209437,26.0,0.05198507768345097,0.11795255221021762,0.21494193101057377
GERAL,GERAL,2025-09-22,80640,1925,0.023871527777777776,0.21492123532467533,413.723378,3353.853088,7.0,0.016919517658970675,0.12335763289104452,0.255458762303428
GERAL,GERAL,2025-09-23,128620,1707,0.013271652931114913,0.36134442823667257,616.814939,3314.880143,10.0,0.01621231810016197,0.18607458260671117,0.26388366553842296
GERAL,GERAL,2025-09-24,198624,1964,0.009888029643950379,0.5417522612016293,1064.001441,4244.350215,13.0,0.012218028565621085,0.2506865331799676,0.2191977077363897
GERAL,GERAL,2025-09-25,134550,2404,0.017866963953920477,0.4651772229617304,1118.286044,3666.879622,13.0,0.01162493269924059,0.3049693906750234,0.21875553979790818
GERAL,GERAL,2025-09-26,132969,2930,0.022035211214644013,0.45053110273037544,1320.056131,4221.042281,17.003747,0.012881078766793744,0.31273226921746633,0.2242506811989101
GERAL,GERAL,2025-09-27,143058,3418,0.023892407275370828,0.4163446073727326,1423.065868,4808.01141,16.0,0.011243330586297218,0.2959780555096478,0.18330041794883573
GERAL,GERAL,2025-09-28,126324,3674,0.029083942877046326,0.33429692950462714,1228.206919,4095.117998,18.0,0.014655510990489706,0.2999197873174447,0.2113390492436145
GERAL,GERAL,2025-09-29,110187,2054,0.01864103750896204,0.4505354751703992,925.399866,2864.304481,12.0,0.012967367341287252,0.32308013066994884,0.21340642431236775
GERAL,GERAL,2025-09-30,111407,1879,0.01686608561400989,0.44133494944119217,829.26837,2553.482976,10.000655,0.012059612257971445,0.32475970186378095,0.22662831312923773
GERAL,GERAL,2025-10-01,121696,2182,0.017929923744412306,0.46073283180568286,1005.319039,3148.360617,15.0,0.01492063655227363,0.31931508530872976,0.20814866651115776
GERAL,GERAL,2025-10-02,147049,2485,0.016899128861807968,0.5926692820925553,1472.783166,4716.263657,24.000686,0.016296143623901256,0.3122775300770255,0.21916502077232172
GERAL,GERAL,2025-10-03,132620,2896,0.02183682702458151,0.44769280145027623,1296.518353,4792.06855,14.0,0.010798150267295137,0.2705550514297213,0.20372618356468042
GERAL,GERAL,2025-10-04,149797,3684,0.024593282909537575,0.36103102442996743,1330.038294,5782.816207,27.000339,0.020300422267390747,0.2299983686823751,0.22638123317523395
GERAL,GERAL,2025-10-05,129757,3188,0.024569002057692454,0.34866330991217065,1111.538632,4887.701014,28.0,0.025190307555590204,0.2274154308572034,0.22200671744169545
GERAL,GERAL,2025-10-06,174316,2471,0.014175405585258954,0.5096368721165521,1259.312711,5520.090043,26.996223,0.02143726714118746,0.22813263935738304,0.2309607969151671
GERAL,GERAL,2025-10-07,142792,2631,0.018425401983304387,0.41579364348156594,1093.953076,4299.546723,20.0,0.018282319816796237,0.2544345128634156,0.2501430556690918
GERAL,GERAL,2025-10-08,155711,2403,0.015432435730295227,0.4405604369538077,1058.66673,4318.568594,20.0,0.01889168652726057,0.24514296970316915,0.23841438496117695
GERAL,GERAL,2025-10-09,180520,2872,0.015909594504764014,0.4449678561977716,1277.947683,5717.890764,20.0,0.015650092931073452,0.22349984211765542,0.19490067261066793
GERAL,GERAL,2025-10-10,279346,4740,0.016968204305771336,0.4794142,2272.423308,7008.431575,45.007351,0.019805883367571938,0.3242413489640155,0.25274862568715645
GERAL,GERAL,2025-10-11,358780,6317,0.017606890016165895,0.40586718711413644,2563.863021,8032.549349,48.0,0.018721749019679785,0.31918422279213066,0.215
GERAL,GERAL,2025-10-12,335646,6820,0.020319026593494337,0.3333673668621701,2273.565442,5759.298574,49.001512,0.021552716757031003,0.39476429512855465,0.20261629325913993
GERAL,GERAL,2025-10-13,361767,5007,0.013840400036487574,0.49683630357499503,2487.659372,5607.725706,36.998689,0.014872891930640092,0.4436128838003476,0.2728856996412096
GERAL,GERAL,2025-10-14,342768,4402,0.012842505718153386,0.5467448998182645,2406.771049,5209.72698,38.0,0.01578878889032207,0.46197642568209973,0.2502337759491304
GERAL,GERAL,2025-10-15,349426,4573,0.013087177256414806,0.5025283192652525,2298.062004,5655.503786,38.0,0.01653567220286368,0.4063408125883977,0.249485949280329
GERAL,GERAL,2025-10-16,497015,4823,0.009703932476887016,0.5051080080862533,2436.135923,5828.423877,33.02518,0.013556378233333905,0.4179750777244302,0.22238108855209227
GERAL,GERAL,2025-10-17,361208,5159,0.014282629399127373,0.4308421174646249,2222.714484,5988.151673,31.995745,0.014394896524190733,0.3711854016694343,0.24134975062344138
GERAL,GERAL,2025-10-18,415718,6979,0.016787822514300558,0.37650614916177105,2627.636415,7997.509134,76.999661,0.02930377298793829,0.3285568507610785,0.2730221244063477
GERAL,GERAL,2025-10-19,402889,5455,0.01353970944850815,0.4115412254812099,2244.957385,5451.500297,57.0,0.025390236973251053,0.41180542285495547,0.23120040307343495
GERAL,GERAL,2025-10-20,383917,4450,0.011591047023184699,0.47386716337078655,2108.708877,5195.596321,54.0,0.025608086819847914,0.40586464896759633,0.22865070393587503
GERAL,GERAL,2025-10-21,325060,3406,0.010478065587891466,0.5408196746917205,1842.031812,4996.620968,56.0,0.030401212202300448,0.3686555021477466,0.21750984550136324
GERAL,GERAL,2025-10-22,255117,2758,0.010810726059023898,0.5518260340826686,1521.936202,4322.31855,55.0,0.0361381770981751,0.35211106825988103,0.20461912479740682
GERAL,GERAL,2025-10-23,230659,3063,0.013279343099553887,0.45856315507672213,1404.578944,3883.750564,57.0,0.04058155666044214,0.3616552919282692,0.2182906434292756
GERAL,GERAL,2025-10-24,242643,3554,0.01464703288370157,0.4087609445694992,1452.736397,4152.332489,46.0,0.03166438184862247,0.3498603256960909,0.23931689977590603
GERAL,GERAL,2025-10-25,236121,4679,0.019816111231106086,0.31157587134002995,1457.863502,5691.108986,60.0,0.04115611641123313,0.2561650999104588,0.26492840617770275
GERAL,GERAL,2025-10-26,221027,3919,0.01773086545987594,0.3427147279918346,1343.099019,3605.448419,41.0,0.030526416459246926,0.3725192716451396,0.23468634686346865
GERAL,GERAL,2025-10-27,209483,3408,0.016268623229569942,0.3496235812793427,1191.517165,3162.49011,46.0,0.03860624198393315,0.3767654991970868,0.24121976866456363
GERAL,GERAL,2025-10-28,214416,3371,0.015721774494440715,0.3350503174132305,1129.45462,3035.531464,48.973026,0.043359888155577245,0.372078047417663,0.26373626373626374
GERAL,GERAL,2025-10-29,233813,3156,0.013497966323514946,0.3999978358681876,1262.39317,3063.806981,42.0,0.033270141979617966,0.41203417115655433,0.2746969016614279
GERAL,GERAL,2025-10-30,250886,3690,0.014707875289972338,0.4053947113821138,1495.906485,2984.364898,44.997186,0.030080213202632114,0.5012478487474825,0.2776754466752625
GERAL,GERAL,2025-10-31,263961,4358,0.016510014737025545,0.3571110943093162,1556.290149,3360.682249,38.0,0.024417040758381105,0.46308756189701883,0.28983940704138356
GERAL,GERAL,2025-11-01,164075,5279,0.03217431052872162,0.2608104908126539,1376.818581,3667.506123,60.0,0.043578726222899516,0.37541002927454414,0.2586803617282572
GERAL,GERAL,2025-11-02,131757,5413,0.041083206205362904,0.21975169702567893,1189.515936,3109.214834,73.0,0.06136950148434161,0.3825775957943986,0.28569831152856984
GERAL,GERAL,2025-11-03,137016,4322,0.03154376131254744,0.26457862910689495,1143.508835,2483.757056,38.0,0.03323105063722573,0.4603948007868287,0.30190609019060904
GERAL,GERAL,2025-11-04,128066,4062,0.03171802039573345,0.26530098547513536,1077.652603,2852.99699,80.0,0.07423542594087716,0.3777265124279013,0.29440885264997085
GERAL,GERAL,2025-11-05,94241,2412,0.025593955921520358,0.31183337728026533,752.142106,2287.548573,28.0,0.037227007737817036,0.3287983105047711,0.28328611898017
GERAL,GERAL,2025-11-06,98348,2292,0.023304998576483507,0.35981257940663175,824.690432,2791.90054,19.0,0.023038948025530144,0.29538675185040797,0.32494594063298604
GERAL,GERAL,2025-11-07,337113,4363,0.012942247851610588,0.5281787714875086,2304.44398,4956.126773,24.0,0.010414659765346087,0.46496873174313375,0.34026745913818723
GERAL,GERAL,2025-11-08,269152,6471,0.02404217691118773,0.2814899658476279,1821.521569,6820.312417,53.0,0.02909655361868515,0.2670730397129255,0.3042128004320821
GERAL,GERAL,2025-11-09,291920,6305,0.021598383118662648,0.2732608737509913,1722.909809,5868.443298,38.0,0.022055710520364216,0.29358889939128796,0.35650224215246634
GERAL,GERAL,2025-11-10,204486,4616,0.022573672525258454,0.34452300779896017,1590.318204,3563.709871,15.0,0.009432074639070157,0.4462535564248238,0.31783511846802986
GERAL,GERAL,2025-11-11,209577,4515,0.021543394551883078,0.39431314706533777,1780.323859,4217.470585,20.0,0.011233911121785399,0.4221307115530244,0.30139372822299654
GERAL,GERAL,2025-11-12,281613,5073,0.018014083156672456,0.46463720894933963,2357.104561,4741.330231,27.0,0.01145473155783351,0.4971399261727568,0.29348895154416105
GERAL,GERAL,2025-11-13,292351,5039,0.017236130541711848,0.4594547491565787,2315.192481,4994.974629,13.0,0.005615083889001279,0.46350435246625155,0.31432145090681674
GERAL,GERAL,2025-11-14,315739,5056,0.016013226113973884,0.43601872151898735,2204.510656,5393.91266,35.0,0.015876539269493103,0.4087034394064512,0.26159554730983303
GERAL,GERAL,2025-11-15,308551,6667,0.02160744901167068,0.33897045912704366,2259.916051,7277.432109,60.0,0.02654965876871857,0.310537565607127,0.2726946408700958
GERAL,GERAL,2025-11-16,302907,6404,0.02114180259947773,0.32573112367270457,2085.982116,5762.247924,40.0,0.019175619816291848,0.3620083938616731,0.3087903505727178
GERAL,GERAL,2025-11-17,206976,4494,0.021712662337662336,0.2548583217623498,1145.333298,4080.983931,28.0,0.02444703218608423,0.28065126385326117,0.2781456953642384
GERAL,GERAL,2025-11-18,285242,5602,0.01963946403404828,0.238908480185648,1338.365306,4909.241092,33.0,0.024656945194304076,0.27262162947771557,0.28201645761764
GERAL,GERAL,2025-11-19,250100,4689,0.018748500599760097,0.2730611226274259,1280.383604,5033.145236,25.0,0.019525398421143793,0.25439035512862757,0.32147472443937664
GERAL,GERAL,2025-11-20,243959,5496,0.022528375669682202,0.26399148016739443,1450.897175,6211.721807,54.0,0.037218350776649624,0.2335740749633993,0.29814337986176986
GERAL,GERAL,2025-11-21,299560,4702,0.015696354653491788,0.33050237558485746,1554.02217,7155.301877,39.0,0.025096167064334738,0.21718471096170636,0.3298760600130463
GERAL,GERAL,2025-11-22,313532,6281,0.020033042879195745,0.26063047444674414,1637.02001,8711.956566,61.0,0.037262831014509105,0.18790497835914025,0.3499402342816161
GERAL,GERAL,2025-11-23,279148,5920,0.021207388195509193,0.25723432195945944,1522.827186,7565.282151,69.0,0.04531045980420263,0.20129152563050254,0.293040454285337
GERAL,GERAL,2025-11-24,221969,3097,0.01395239875838518,0.39634123119147563,1227.468793,5888.643917,47.0,0.038290179162216796,0.20844676810163454,0.34016615495755825
GERAL,GERAL,2025-11-25,216770,2651,0.012229552059786871,0.4640967023764617,1230.320358,5282.690938,42.0,0.03413745023960662,0.23289652422214066,0.33806124365959045
GERAL,GERAL,2025-11-26,241817,2974,0.012298556346328008,0.44584110894418294,1325.931458,6157.069871,31.0,0.02337979072218377,0.21535104940828761,0.3356276630612914
GERAL,GERAL,2025-11-27,238425,2881,0.012083464401803502,0.44474830059007286,1281.319854,6785.676855,42.0,0.03277870070371983,0.18882712533766835,0.3165207725441156
GERAL,GERAL,2025-11-28,241520,2638,0.010922490891023517,0.5267930705079606,1389.68012,7171.396957,37.0,0.026624832195196114,0.19378095067566067,0.24709641737847968
GERAL,GERAL,2025-11-29,268694,3754,0.013971283318570567,0.3545465002663825,1330.967562,8505.578003,49.0,0.03681532247590569,0.15648173016937295,0.33008413112851753
GERAL,GERAL,2025-11-30,264431,4138,0.015648694744564744,0.29386262832286125,1216.003556,7770.433402,61.0,0.05016432698655694,0.15649108525748612,0.35875451263537905
GERAL,GERAL,2025-12-01,309582,2864,0.009251183854358457,0.441955282122905,1265.759928,6824.614293,34.0,0.026861333850031633,0.18546981172229596,0.3209457068025766
GERAL,GERAL,2025-12-02,322058,1704,0.005290972433536816,0.9443557646713615,1609.182223,6493.926926,6.0,0.0037286019657948957,0.24779801826183961,0.2577989205013265
GERAL,GERAL,2025-12-03,296774,1484,0.0050004380437639415,1.0529126300539082,1562.522343,6614.933798,5.0,0.0031999542421903143,0.23621133494524507,0.23638704930095658
GERAL,GERAL,2025-12-04,274926,1907,0.006936411979950968,0.7792974530676455,1486.120243,6687.814711,5.0,0.003364465307266526,0.22221313047977476,0.2609494077678817
GERAL,GERAL,2025-12-05,257714,1774,0.0068835996492235575,0.847423603156708,1503.329472,7031.626626,10.0,0.006651901786170797,0.21379540637742614,0.26179755043227665
GERAL,GERAL,2025-12-06,263661,2495,0.009462908810935254,0.6888264096192385,1718.621892,8369.72976,11.0,0.006400477063165445,0.20533779958028178,0.24587446311506292
GERAL,GERAL,2025-12-07,300167,2693,0.008971672435677473,0.6409795128109915,1726.157828,6799.02844,10.0,0.005793213017830719,0.2538830133206503,0.27188117549563334
GERAL,GERAL,2025-12-08,362660,2016,0.005558925715546241,0.8812792524801587,1776.658973,6592.638235,13.0,0.007317104856678649,0.2694913492397934,0.282365169188128
GERAL,GERAL,2025-12-09,317546,2112,0.006651004893779169,0.7834364119318182,1654.617702,5977.056436,16.0,0.009669907423727055,0.2768281878742495,0.2647607820021613
GERAL,GERAL,2025-12-10,320585,1629,0.005081335683204143,1.106268305709024,1802.11107,6299.237237,5.0,0.002774523770058191,0.28608401338099976,0.27936647602287723
GERAL,GERAL,2025-12-11,317505,1717,0.005407788853718839,1.0721255608619684,1840.839588,7212.481813,10.0,0.005432303860253574,0.25522970258060323,0.3200561009817672
GERAL,GERAL,2025-12-12,280021,1950,0.006963763432028312,0.9477174630769231,1848.049053,7536.020682,12.0,0.006493334135541477,0.2452287660799708,0.23716573716573716
GERAL,GERAL,2025-12-13,276686,2287,0.008265687457984864,0.7725122286838653,1766.735467,7791.753443,5.0,0.0028300784658442588,0.226744272637016,0.23665349320115212
GERAL,GERAL,2025-12-14,303606,2774,0.009136841827895365,0.657336118961788,1823.450394,7537.69335,6.0,0.0032904651641430943,0.24191092809579473,0.2663493742288031
GERAL,GERAL,2025-12-15,275162,1891,0.006872315217944338,0.791984189846642,1497.642103,6251.410014,9.0,0.006009446437150546,0.23956868924707198,0.2528520665793903
GERAL,GERAL,2025-12-16,218888,2047,0.009351814626658383,0.6618254489496824,1354.756694,6445.469745,12.0,0.008857679060119117,0.21018742583516695,0.21626399528579845
GERAL,GERAL,2025-12-17,198815,1638,0.008238814978749088,0.6949361178266178,1138.305361,5861.358334,9.0,0.007906490040680746,0.1942050453385572,0.17992961743671246
GERAL,GERAL,2025-12-18,130210,1435,0.011020658935565624,0.636864043205575,913.899902,4784.041667,10.0,0.010942117378627315,0.19103092439683803,0.184622067767159
GERAL,GERAL,2025-12-19,126111,1611,0.01277446059423841,0.5606130577281192,903.147636,5412.837662,10.0,0.01107238684063831,0.16685289535660935,0.21738671173550228
GERAL,GERAL,2025-12-20,139804,2139,0.015299991416554606,0.44102799485741,943.358881,6249.678242,12.0,0.012720503555634624,0.1509451918116843,0.2305550868905011
GERAL,GERAL,2025-12-21,126134,2394,0.01897981511725625,0.3519260864661654,842.511051,5406.592812,22.0,0.026112417129588488,0.15583031315582638,0.2492865296803653
GERAL,GERAL,2025-12-22,143444,2143,0.01493962800814255,0.3766922729818012,807.251541,6289.949578,5.0,0.006193856246847351,0.12833990654288835,0.24107561135575753
GERAL,GERAL,2025-12-23,145409,2316,0.015927487294459076,0.3605654434369603,835.069567,5568.548153,9.0,0.010777545195824386,0.14996181123981384,0.2394556740410632
GERAL,GERAL,2025-12-24,152515,2212,0.014503491459856407,0.3458911125678119,765.111141,4089.246491,13.0,0.016990995560473742,0.18710320903470332,0.2455286781333516
GERAL,GERAL,2025-12-25,145832,2550,0.01748587415656372,0.3055788466666667,779.226059,3370.977577,12.0,0.015399895654670348,0.23115729523584427,0.26886604962807337
GERAL,GERAL,2025-12-26,164669,2559,0.015540265623766465,0.30892254005470887,790.53278,6478.958639,10.0,0.01264969682851102,0.12201540772947662,0.2099207184452396
GERAL,GERAL,2025-12-27,161880,2602,0.01607363479120336,0.29884473136049194,777.593991,5915.100001,10.0,0.012860181683168383,0.13145914538529202,0.19786464611675564
GERAL,GERAL,2025-12-28,167823,2676,0.015945371015891743,0.30729676831091185,822.326152,5747.143884,11.0,0.013376687550610698,0.14308431607034391,0.16534046898105767
GERAL,GERAL,2025-12-29,161702,3175,0.01963488392227678,0.2561184645669291,813.176125,6761.125169,15.0,0.018446188394918753,0.12027230744498586,0.21786356177229038
GERAL,GERAL,2025-12-30,176257,3027,0.017173786005662186,0.24392809547406674,738.370345,6704.115073,10.0,0.013543339149136602,0.11013688413161282,0.2199897338124221
GERAL,GERAL,2025-12-31,151027,2352,0.015573374297311076,0.26451246130952377,622.133309,4276.719378,8.0,0.012858980357214726,0.14546975239954593,0.271266855335442
GERAL,GERAL,2026-01-01,136922,2773,0.020252406479601526,0.23459985683375406,650.545403,4069.975094,6.0,0.009223030356268615,0.15984014348368883,0.24733298808907303
GERAL,GERAL,2026-01-02,609,13,0.021346469622331693,0.46315792307692305,6.021053,23.0,0.0,0.0,0.2617849130434783,0.0999
GERAL,GERAL,2026-01-03,630,10,0.015873015873015872,0.4978249,4.978249,22.0,0.0,0.0,0.22628404545454545,0.0999
GERAL,GERAL,2026-01-05,17,2,0.11764705882352941,0.411089,0.822178,0.0,0.0,0.0,0.0,0.0999
GERAL,GERAL,2026-01-06,185243,1768,0.009544220294424081,0.5788263444570135,1023.364977,3943.636366,8.0,0.007817347847345767,0.25949780406300266,0.18356291595728216
GERAL,GERAL,2026-01-07,229373,1867,0.00813958050860389,0.5466337605784681,1020.565231,5246.635283,5.0,0.004899245876817451,0.1945180436511009,0.21265963353692394
GERAL,GERAL,2026-01-08,343665,4757,0.013841968195772046,0.33705996321210846,1603.394245,6827.798325,12.0,0.007484123157745275,0.23483327548342606,0.20029720836429254
GERAL,GERAL,2026-01-09,562187,11984,0.021316750476265016,0.2344173214285714,2809.25718,9232.423066,11.0,0.00391562583814416,0.30428167772614073,0.19136269136269135
GERAL,GERAL,2026-01-10,633037,15069,0.02380429579945564,0.19909651396907557,3000.185369,10525.052213,7.0,0.002333189166352474,0.285051827609399,0.20423156038789303
GERAL,GERAL,2026-01-11,589993,14633,0.024801989176142767,0.1673771795940682,2449.230269,8145.841972,4.0,0.0016331661627035036,0.30067245073238946,0.240118187787262
GERAL,GERAL,2026-01-12,445411,13329,0.029925170236029197,0.1612245126416085,2148.961529,7137.578246,20.0,0.009306820866777834,0.30107712377154094,0.28779138215210737
GERAL,GERAL,2026-01-13,495532,14207,0.028670196879313548,0.15984609502357994,2270.933472,7388.066761,14.0,0.006164865757899225,0.30737858027864134,0.2996380090497738
GERAL,GERAL,2026-01-14,503858,13738,0.02726561848774853,0.15557773249381276,2137.326889,6884.138458,14.0,0.006550238090416875,0.310471223383985,0.2587909552376557
GERAL,GERAL,2026-01-15,507270,13219,0.02605910067616851,0.18498641001588623,2445.335354,7052.690237,13.0,0.0053162442438559705,0.3467237709053519,0.24725175707334654
GERAL,GERAL,2026-01-16,521942,9887,0.018942717773239172,0.2952713660362092,2919.347996,7494.698887,8.0,0.0027403379148225396,0.3895217192866524,0.22614335971855762
GERAL,GERAL,2026-01-17,555034,12578,0.02266167478028373,0.25159642343774846,3164.579814,8758.909025,22.0,0.0069519497984132685,0.36129839971708116,0.23196865504557812
GERAL,GERAL,2026-01-18,366121,8039,0.021957221792795276,0.377065514865033,3031.229674,7499.177321,27.0,0.00890727622244833,0.40420829435671907,0.2794076083884461
GERAL,GERAL,2026-01-19,227570,5658,0.024862679615063495,0.20207019971721457,1143.31319,6638.349732,19.0,0.01661836858542671,0.17222852608814618,0.3137114142139268
GERAL,GERAL,2026-01-20,250294,4629,0.01849425076110494,0.2427840162022035,1123.847211,6004.651933,9.0,0.008008206019385672,0.18716275706567254,0.3064950918061136
GERAL,GERAL,2026-01-21,247465,4888,0.019752288202372053,0.24846497626841244,1214.496804,6334.858703,14.0,0.011527407856398112,0.19171647876295184,0.30641119348438967
GERAL,GERAL,2026-01-22,244481,5124,0.0209586839059068,0.23742467115534738,1216.564015,5843.570174,8.0,0.006575897282314404,0.20818848388488606,0.310522206402425
GERAL,GERAL,2026-01-23,234361,4610,0.01967050831836355,0.2746762943600868,1266.257717,5919.481432,12.0,0.009476743824653825,0.21391362259450028,0.2881160293084412
GERAL,GERAL,2026-01-24,222947,5503,0.02468299640721786,0.231206714337634,1272.330549,6346.687047,18.0,0.014147267008677317,0.20047160661583507,0.280939586386582
GERAL,GERAL,2026-01-25,212033,5234,0.02468483679427259,0.22492012361482613,1177.231927,5231.936495,7.0,0.0059461520193717955,0.22500883336887675,0.31261919159030654
GERAL,GERAL,2026-01-26,242934,3932,0.016185466011344646,0.3029216820956256,1191.088054,5259.304063,9.0,0.007556116417905069,0.2264725598163234,0.26611971342731683
GERAL,GERAL,2026-01-27,180186,4484,0.024885396201702686,0.22513885080285462,1009.522607,5433.856266,9.0,0.008915104959110638,0.18578382599419313,0.28586855151425905
GERAL,GERAL,2026-01-28,151654,4100,0.02703522491988342,0.23972640292682926,982.878252,4582.932697,11.0,0.011191620099047629,0.2144649107859242,0.26893977605164937
GERAL,GERAL,2026-01-29,144415,4590,0.031783402001177165,0.2139198,981.891882,5528.163813,11.0,0.011202862760810563,0.1776162782461309,0.2700054734537493
GERAL,GERAL,2026-01-30,141425,3586,0.025356195863531907,0.26941351645287226,966.11687,4825.561738,6.0,0.006210428765207257,0.20020816693569363,0.2444100921989731
GERAL,GERAL,2026-01-31,132304,5190,0.03922783891643488,0.19164056512524086,994.614533,5120.204321,16.0,0.01608663403674597,0.1942528990338704,0.3238053782162894
GERAL,GERAL,2026-02-01,126484,4847,0.03832105246513393,0.1847102601609243,895.290631,4267.816458,6.0,0.006701734377917332,0.20977721038630473,0.3234610630407911
GERAL,GERAL,2026-02-02,188433,4755,0.025234433459107482,0.30864730347003155,1467.617928,4784.559353,8.0,0.0054510099988367006,0.3067404581531168,0.2654736842105263
GERAL,GERAL,2026-02-03,574901,8872,0.015432222243481921,0.778907974188458,6910.471547,8732.417472,8.0,0.0011576634019241409,0.7913583574259974,0.2476815311760063
GERAL,GERAL,2026-02-04,529988,9855,0.018594760636089874,0.789230968746829,7777.871197,8883.602809,6.0,0.0007714193058782277,0.8755311740322541,0.24491671453187824
GERAL,GERAL,2026-02-05,377631,3398,0.008998201948462917,1.379302634490877,4686.870352,7235.542295,4.0,0.0008534479726526047,0.6477566104808458,0.12824133890207626
GERAL,GERAL,2026-02-06,715,32,0.044755244755244755,0.22451640625,7.184525,27.333334,0.0,0.0,0.2628484691988178,0.0999
GERAL,GERAL,2026-02-07,1282300,17102,0.013336972627310302,0.6663772754063851,11396.384164,18013.396208,7.0,0.0006142299082995357,0.6326616054188997,0.2482035276184946
GERAL,GERAL,2026-02-08,986492,16279,0.01650190777015931,0.5628737705633025,9163.022111,15476.354175,14.0,0.0015278801939365963,0.5920659353868787,0.3382828625119374
GERAL,GERAL,2026-02-09,204568,4285,0.02094658011028118,0.3772305787631272,1616.43303,4525.756376,6.0,0.0037118766374131815,0.357163067497825,0.2820222763661678
GERAL,GERAL,2026-02-10,58718,3418,0.058210429510541915,0.1505584994148625,514.608951,2920.234862,6.0,0.011659338587758066,0.17622176822023025,0.37799312285089093
GERAL,GERAL,2026-02-11,61133,3085,0.05046374298660298,0.15154639286871963,467.520622,2704.945921,2.0,0.004277886163489918,0.1728391752198731,0.38158167854424685
GERAL,GERAL,2026-02-12,59913,3025,0.0504898769882997,0.1810246419834711,547.599542,2912.830592,4.0,0.0073046080086020225,0.18799567111934537,0.3591246580695584
GERAL,GERAL,2026-02-13,97684,3417,0.034980140043405265,0.2101357986537899,718.034024,3669.343911,2.0,0.0027853833288546226,0.19568458051791485,0.33113189040737595
GERAL,GERAL,2026-02-14,103054,4873,0.04728588895142353,0.14228275661809972,693.343873,5348.250192,4.0,0.005769143069935227,0.12963938636175157,0.33276044420941303
GERAL,GERAL,2026-02-15,96372,4507,0.04676669572074876,0.13110461681828267,590.888508,4499.366582,8.0,0.013538933134912145,0.13132704286952007,0.3083318190078139
GERAL,GERAL,2026-02-16,95031,4559,0.04797381906956677,0.12875446940118446,586.991626,4459.469656,6.0,0.010221610895689336,0.13162812425693518,0.33602949268185317
GERAL,GERAL,2026-02-17,105149,4359,0.041455458444683256,0.11691095732966277,509.614863,3777.373579,3.0,0.00588679847824611,0.13491248676942155,0.36607986767485823
GERAL,GERAL,2026-02-18,93739,2422,0.025837698289932685,0.17739738439306357,429.656465,2638.442003,1.0,0.0023274408311300516,0.1628447638839382,0.3524065275769469
GERAL,GERAL,2026-02-19,77890,1999,0.025664398510720245,0.23482299499749876,469.411167,2084.465793,2.0,0.004260657054202547,0.22519494854574473,0.28738786279683376
GERAL,GERAL,2026-02-20,115545,2942,0.02546194123501666,0.23002815907545887,676.742844,3136.446329,0.0,0.0,0.2157673918226324,0.24184748915065096
GERAL,GERAL,2026-02-21,109841,4134,0.03763621962655111,0.17382074842767295,718.574974,3796.487728,1.0,0.0013916432330414001,0.18927361958800462,0.23053823053823053
GERAL,GERAL,2026-02-22,106725,3153,0.029543218552354183,0.19985122232794164,630.130904,3148.57218,0.0,0.0,0.20013227201924905,0.20997433401185947
GERAL,GERAL,2026-02-23,42991,2009,0.04673071107906306,0.1742067829766053,349.981427,1842.927454,1.0,0.002857294481515443,0.18990515673331546,0.22390826695962648
GERAL,GERAL,2026-02-24,48733,2369,0.04861182361028461,0.17466029970451669,413.77025,2115.199585,0.0,0.0,0.19561759227557715,0.20605187319884727
GERAL,GERAL,2026-02-25,26789,2307,0.08611743626115197,0.16275528131772865,375.476434,1640.280524,0.0,0.0,0.22890988980614146,0.24253581470076316
GERAL,GERAL,2026-02-26,35282,2223,0.0630066322770818,0.19630734952766532,436.391238,1555.701797,2.0,0.004583043438649426,0.28051085294208217,0.21731477916506242
GERAL,GERAL,2026-02-27,42381,2354,0.05554375781600245,0.23303643542905694,548.567769,1650.357732,1.0,0.0018229288275957752,0.332393249271607,0.2142359729407083
GERAL,GERAL,2026-02-28,49765,3868,0.07772530895207475,0.1644632727507756,636.143939,2739.408203,1.0,0.0015719712767710578,0.23221947656553762,0.24845818030628508
GERAL,GERAL,2026-03-01,40428,3748,0.09270802414168398,0.1414029658484525,529.978316,2402.103209,1.0,0.0018868696507198233,0.22063095124902268,0.24869268257977303
GERAL,GERAL,2026-03-02,43884,2331,0.05311730926989335,0.16506693264693265,384.77102,1405.57368,1.0,0.002598948330360223,0.27374660288175007,0.25979438732981386
GERAL,GERAL,2026-03-03,41592,2517,0.060516445470282745,0.18584705045689315,467.777026,1770.80602,0.0,0.0,0.2641605126235114,0.25958317826572386
GERAL,GERAL,2026-03-04,45842,2765,0.060315867545046024,0.17125600650994577,473.522858,1765.594793,0.0,0.0,0.26819452565071084,0.27093898021733076
GERAL,GERAL,2026-03-05,50523,2683,0.053104526651228154,0.1980899850913157,531.47543,1794.365526,0.0,0.0,0.29619128449528626,0.24934481467615124
GERAL,GERAL,2026-03-06,51924,3284,0.06324628302904245,0.16536380846528625,543.054747,2229.296567,0.0,0.0,0.2435991491839946,0.2744612220092562
GERAL,GERAL,2026-03-07,53758,5571,0.10363108746605157,0.13202754873451802,735.525474,3547.292664,0.0,0.0,0.2073484044506794,0.27865221628325904
GERAL,GERAL,2026-03-08,64881,5717,0.08811516468611766,0.12513600297358754,715.402529,3408.056845,0.0,0.0,0.20991508109660065,0.3048658212916544
GERAL,GERAL,2026-03-09,86462,3785,0.04377645670930582,0.24587171122853368,930.624427,3635.399384,0.0,0.0,0.25598959803311666,0.2781159884652355
GERAL,GERAL,2026-03-10,103638,3377,0.032584573226036785,0.4146267071365117,1400.19439,3717.521165,0.0,0.0,0.3766473216568762,0.2836110976143045
GERAL,GERAL,2026-03-11,104998,3170,0.030191051258119203,0.4816865214511041,1526.946273,3605.994508,1.0,0.0006549018899239292,0.4234466440845727,0.2726511545919267
GERAL,GERAL,2026-03-12,124091,3464,0.02791499786447043,0.5115473446882217,1772.000002,3798.518146,1.0,0.0005643340851418351,0.4664977061820781,0.26230199823572276
GERAL,GERAL,2026-03-13,138490,4156,0.030009386959347246,0.4687140996150144,1947.975798,3583.807721,0.0,0.0,0.5435491939440464,0.2645041160329283
GERAL,GERAL,2026-03-14,178425,7156,0.04010648731960208,0.29509192929010625,2111.677846,5288.748418,1.0,0.0004735570825323703,0.39927742427925034,0.28989163603162016
GERAL,GERAL,2026-03-15,160086,6693,0.041808777781942204,0.2902702396533692,1942.778714,4427.849643,1.113854,0.0005733303499638816,0.4387634790335179,0.2767063081695967
GERAL,GERAL,2026-03-16,146836,4799,0.03268272085864502,0.15770811439883312,756.841241,1696.100909,3.788555,0.00500574598048364,0.44622418217217047,0.27125333981054167
GERAL,GERAL,2026-03-17,222670,8377,0.03762069430098352,0.13590484314193627,1138.474871,2392.612988,6.270827,0.005508094345984032,0.4758290942621933,0.2679542365201631
GERAL,GERAL,2026-03-18,251898,10545,0.041862182311888145,0.12077326439070649,1273.554073,2383.573118,7.800688,0.0061251329373275855,0.5343045964826996,0.27359886046129406
GERAL,GERAL,2026-03-19,313844,13671,0.043559857763729753,0.10451415053763441,1428.812952,3121.437201,7.816688,0.0054707566788630285,0.45774201433309564,0.2894613182963817
GERAL,GERAL,2026-03-20,250855,10655,0.04247473640150685,0.12460779793524167,1327.696087,3407.955093,1.406923,0.0010596724760852593,0.3895873187199888,0.26656214678965984
GERAL,GERAL,2026-03-21,257625,12836,0.0498243571081999,0.10792380718292303,1385.309989,4501.952466,4.266272,0.0030796515104028455,0.30771315322901505,0.2818965740476992
GERAL,GERAL,2026-03-22,170600,8352,0.04895662368112544,0.12899989727011496,1077.407142,4719.943173,3.145199,0.002919229766902733,0.22826697324730696,0.3180132413944672
GERAL,GERAL,2026-03-23,163912,6122,0.037349309385523936,0.14656863132963086,897.293161,3434.832821,0.0,0.0,0.26123343049306447,0.32260061919504646
GERAL,GERAL,2026-03-24,174254,6024,0.034570225073742925,0.1510386605245684,909.856891,3650.696958,3.0,0.003297221826503702,0.24922827105826295,0.35095777951524626
GERAL,GERAL,2026-03-25,227667,6031,0.026490444377094618,0.2056062102470569,1240.011054,4454.813818,4.0,0.0032257776953656093,0.27835305910869834,0.3379614114042227
GERAL,GERAL,2026-03-26,257254,5840,0.022701299105164545,0.28002824229452056,1635.364935,5352.599732,2.0,0.0012229686213737975,0.30552722357009604,0.34217531850161625
GERAL,GERAL,2026-03-27,293984,6793,0.02310669968433656,0.28841354983070805,1959.193244,7143.388373,0.0,0.0,0.27426665633989605,0.3564762213926311
GERAL,GERAL,2026-03-28,283614,9261,0.032653536144195985,0.21872145243494223,2025.579371,8727.91323,0.5,0.00024684295622203,0.23208060364733943,0.37661241393864253
GERAL,GERAL,2026-03-29,256024,8298,0.03241102396650314,0.20830107568088696,1728.482326,6453.645783,2.0,0.0011570844375529935,0.2678303681545579,0.36871332474595675
GERAL,GERAL,2026-03-30,237506,5884,0.02477411096982813,0.26870796736913666,1581.07768,5090.477888,2.0,0.001264959986026746,0.31059513758563645,0.35839621783798525
GERAL,GERAL,2026-03-31,263050,5924,0.02252043337768485,0.2781215506414585,1647.592066,5846.084687,2.0,0.0012138927112313493,0.28182829264580583,0.3556814604973245
GERAL,GERAL,2026-04-01,230485,6193,0.02686942751155173,0.24391880187308249,1510.58914,5917.54721,1.666666,0.0011033218469980526,0.25527284977925846,0.3605829633972695
GERAL,GERAL,2026-04-02,260341,7080,0.02719510180878156,0.22231977754237287,1574.024025,7604.554817,0.333334,0.00021177186288500268,0.2069843748750769,0.3482697580785117
GERAL,GERAL,2026-04-03,254266,10081,0.039647455813990075,0.17349838160896738,1749.037185,8732.1372,6.5,0.0037163303649258893,0.20029886669668912,0.35485628935895364
GERAL,GERAL,2026-04-04,261718,8529,0.032588511298420435,0.19792327365459023,1688.087601,8243.750516,7.0,0.0041467042325607365,0.20477179625022024,0.33802896904288554
GERAL,GERAL,2026-04-05,299575,8478,0.02830009179671201,0.19287623425336164,1635.204714,7084.741605,1.0,0.0006115442252816304,0.23080654244975812,0.37178091141721564
GERAL,GERAL,2026-04-06,310128,6053,0.019517747510705258,0.2725054852139435,1649.475702,7199.606576,1.0,0.0006062532468877799,0.2291063663809843,0.3568861359639061
GERAL,GERAL,2026-04-07,274649,4559,0.01659936864871163,0.34527351019960517,1574.101933,6183.659532,3.0,0.0019058486220663324,0.25455831208916563,0.36437581557198784
GERAL,GERAL,2026-04-08,411230,5881,0.014300999440702284,0.3224875106274443,1896.54905,7406.786047,4.0,0.002109093882913284,0.25605560062966404,0.3347994370161858
GERAL,GERAL,2026-04-09,456746,10002,0.02189838553594339,0.21421579184163167,2142.58635,8185.820458,8.231464,0.0038418353594010346,0.2617436286311473,0.3746162546453385
GERAL,GERAL,2026-04-10,436152,10993,0.02520451585685724,0.20644706304011642,2269.472564,9123.153909,8.0,0.003525048122150376,0.2487596489807284,0.3726193295220053
GERAL,GERAL,2026-04-11,470811,15310,0.03251835662293362,0.16699408282168518,2556.679408,11064.855962,14.635239,0.0057243152795010115,0.23106305376051853,0.3725141237092068
GERAL,GERAL,2026-04-12,526369,14428,0.02741042880564775,0.1671188646382035,2411.190979,9023.631518,7.5,0.003110496043374588,0.267208492965415,0.3835805208454981
GERAL,GERAL,2026-04-13,511362,10683,0.020891266852053926,0.20624272311148553,2203.291011,6572.882311,9.117721,0.004138228202484143,0.33520925930967876,0.3480469583778015
GERAL,GERAL,2026-04-14,476337,6004,0.012604521588707155,0.37494282145236507,2251.1567,7118.395334,8.2,0.003642571838735171,0.31624496735207597,0.3530064912880082
GERAL,GERAL,2026-04-15,479384,4527,0.009443368990204095,0.5079680112657389,2299.571187,7571.101383,11.0,0.004783500533571436,0.30373007448604655,0.3536362357574905
GERAL,GERAL,2026-04-16,475865,4495,0.009445956311138664,0.5049226763070078,2269.62743,7580.7246,5.0,0.0022030047460256507,0.29939452357892016,0.3465681748230225
GERAL,GERAL,2026-04-17,470804,4956,0.010526673520190993,0.46514184180790963,2305.242968,8998.027526,4.0,0.001735175014315454,0.2561942560565579,0.34813452443510245
GERAL,GERAL,2026-04-18,489943,8475,0.01729793057559757,0.292137328259587,2475.863857,12694.898604,10.0,0.004038994297577002,0.1950282498688006,0.38635899008484104
GERAL,GERAL,2026-04-19,480288,8489,0.01767481177959891,0.2664685926493109,2262.051883,12249.673167,5.0,0.0022103825458542766,0.1846622234047724,0.38964331862398516
GERAL,GERAL,2026-04-20,143509,5665,0.039474876140172394,0.1541226462488967,873.104791,4874.046914,0.0,0.0,0.17913344011772475,0.34952699338502025
GERAL,GERAL,2026-04-21,129831,7664,0.05903058591553635,0.094092686717119,721.126351,5430.702283,2.0,0.002773439075172556,0.13278694235502064,0.38960154387558177
GERAL,GERAL,2026-04-22,107414,3571,0.03324520081181224,0.15129476785214224,540.273616,3321.575757,1.0,0.0018509140005829937,0.16265581625269548,0.3463051797552956
GERAL,GERAL,2026-04-23,132873,4067,0.03060817472323196,0.1481912960413081,602.694001,3778.090889,2.5,0.004148041951391516,0.15952342564197108,0.3471111867097579
GERAL,GERAL,2026-04-24,161757,5640,0.034867115488046885,0.12835495319148935,723.921936,4600.86055,4.5,0.006216139857378213,0.15734489844513977,0.33521438742682347
GERAL,GERAL,2026-04-25,182388,8505,0.04663135732613988,0.08883996496178719,755.583902,6350.400543,8.0,0.010587838066460024,0.11898208575723221,0.36587489551407076
GERAL,GERAL,2026-04-26,172130,9199,0.05344216580491489,0.07662457451896945,704.869461,5614.489268,11.879449,0.01685340287426639,0.12554471606481304,0.39301752371948545
GERAL,GERAL,2026-04-27,169998,6144,0.036141601665901954,0.11647373860677084,715.61465,4344.753329,7.008564,0.00979376819633304,0.16470777413840149,0.3686638506002668
GERAL,GERAL,2026-04-28,162681,6503,0.03997393672278877,0.12045434291865292,783.314592,4712.188029,7.51992,0.009600127556413504,0.16623160773281612,0.35413994584580305
GERAL,GERAL,2026-04-29,156630,5697,0.03637234246312967,0.18291617342460945,1042.07344,5104.47092,1.0,0.0009596252640312953,0.20414915793074984,0.35986260629162653
GERAL,GERAL,2026-04-30,260027,7780,0.029919969849284883,0.19419692185089973,1510.852052,6252.859655,35.890149,0.023754906347375437,0.2416257737036959,0.387293713631594
GERAL,GERAL,2026-05-01,294288,10733,0.03647107595280814,0.13626857178794372,1462.570581,9646.909908,59.341120554,0.04057316708327802,0.15161026639080746,0.3370942686615976
GERAL,GERAL,2026-05-02,172529,8936,0.05179419112149262,0.09988146105640108,892.540736,6821.172104,43.947369122,0.04923850234439047,0.13084858766085167,0.3063677557834486
GERAL,GERAL,2026-05-03,1250,105,0.084,0.053040304761904765,5.569232,51.666667,0.0,0.0,0.10779158640134462,0.0999
GERAL,GERAL,2026-05-04,1066,41,0.038461538461538464,0.43881163414634144,17.991277,17.0,0.0,0.0,1.058310411764706,0.0999
GERAL,GERAL,2026-05-05,448,21,0.046875,0.48130538095238096,10.107413,9.0,0.0,0.0,1.1230458888888888,0.0999
GERAL,GERAL,2026-05-06,179,7,0.03910614525139665,0.22740742857142857,1.591852,2.0,0.0,0.0,0.795926,0.0999
GERAL,GERAL,2026-05-07,169601,3594,0.021190912789429306,0.7220025333889816,2594.877105,4720.384939,23.640962497,0.009110628958668932,0.5497172663951677,0.1735202850247098
GERAL,GERAL,2026-05-08,210613,4244,0.020150702948061136,0.6522128993873705,2767.991545,5995.046884,21.595736,0.007801951577131714,0.46171307723837973,0.2649657195483849
GERAL,GERAL,2026-05-09,292019,7557,0.02587845311435215,0.3444448500727802,2602.969732,8695.685976,37.02793,0.014225263376977292,0.2993403555721962,0.28249063670411984
GERAL,GERAL,2026-05-10,384687,6794,0.017661111501038506,0.36775157241683837,2498.504183,7578.856006,53.310139,0.021336821992424898,0.3296677204345872,0.3160019425726947
GERAL,GERAL,2026-05-11,96323,3983,0.04135045627731694,0.16392007155410496,652.893645,3090.531242,12.09310206,0.01852231546839455,0.21125612196610177,0.39614328221560996
GERAL,GERAL,2026-05-12,65844,4733,0.07188202417836097,0.0943962841749419,446.777613,3642.628566,20.542045,0.04597823257540884,0.1226525309690332,0.4339604530620081
GERAL,GERAL,2026-05-13,59674,3823,0.06406475181821229,0.12093661260789956,462.34067,2994.309309,16.687803,0.03609417056042247,0.15440644979806925,0.3841172460804363
GERAL,GERAL,2026-05-14,59247,4576,0.07723597819298868,0.10176567875874125,465.679746,3094.828804,14.951748,0.032107361611556966,0.15047027654586867,0.5134019384946751
GERAL,GERAL,2026-05-15,69460,6108,0.08793550244745177,0.09608541519318925,586.889716,4473.667625,19.63074837,0.03344878575108649,0.13118759934696758,0.49228276626588213
GERAL,GERAL,2026-05-16,78611,9465,0.12040299703603821,0.07805803402007395,738.819292,6448.550382,21.812477655,0.02952342729973001,0.11457137623709737,0.39806485355648535
GERAL,GERAL,2026-05-17,66253,7290,0.11003275323381582,0.0847645477366255,617.933553,4797.695764,25.779473,0.041718843190895645,0.1287979862409633,0.3611774065234686
GERAL,GERAL,2026-05-18,60550,4483,0.07403798513625104,0.10801575819763551,484.234644,3189.439138,18.562545,0.038333781421884386,0.15182438762686307,0.39784646284311537
GERAL,GERAL,2026-05-19,101133,4777,0.047234829383089594,0.15876668976344985,758.428477,3797.822193,11.111779,0.014651057201798608,0.19970089131552982,0.4112868747327918
GERAL,GERAL,2026-05-20,105225,4725,0.04490377761938703,0.18990944888888892,897.322146,3761.090182,21.141779,0.023560968704766594,0.2385803324510659,0.38817387708688683
GERAL,GERAL,2026-05-21,41134,3639,0.08846696163757475,0.12842755894476504,467.347887,2816.752025,2.094015,0.004480634358789773,0.16591729866600524,0.37293906810035843
GERAL,GERAL,2026-05-22,35520,4225,0.11894707207207207,0.10710559455621302,452.521137,3133.635171,0.0,0.0,0.1444077285026107,0.35623506927854753
GERAL,GERAL,2026-05-23,52433,7653,0.1459576983960483,0.08825279119299621,675.398611,5367.372633,0.0,0.0,0.12583411981636491,0.4059979446295662
GERAL,GERAL,2026-05-24,37662,6671,0.17712813976952896,0.09895766196971968,660.146563,3400.373387,1.0,0.0015148151275007093,0.19413943348804358,0.4261510253972566
GERAL,GERAL,2026-05-25,93207,4378,0.04697072108318045,0.1877720182731841,822.065896,3109.731362,1.0,0.0012164474951044558,0.2643527045600796,0.4024062135133763
GERAL,GERAL,2026-05-26,293923,5934,0.02018896105442582,0.3152872578361982,1870.914588,5269.436004,5.0,0.002672489718167722,0.35505025330600826,0.3999923948589246
GERAL,GERAL,2026-05-27,370537,6855,0.018500176770470965,0.32634492297593,2237.094447,5869.272587,18.400318,0.008225096631335922,0.3811536121111493,0.39027650473571646
GERAL,GERAL,2026-05-28,394796,7366,0.018657737160457554,0.31898392248167257,2349.635573,6331.629261,21.983006,0.009355921510812094,0.3710949387818239,0.3727085367176483
GERAL,GERAL,2026-05-29,385625,9038,0.023437277147487844,0.320186175923877,2893.842658,7250.40822,28.128258,0.009720037100925201,0.3991282380511259,0.3883290440606493
GERAL,GERAL,2026-05-30,413622,13260,0.032058256088892755,0.24477449849170438,3245.70985,9742.226665,60.535515,0.018650932399271607,0.33315893394890544,0.4296803850990936
GERAL,GERAL,2026-05-31,371007,11816,0.03184845568951529,0.2534562039607312,2994.838506,6844.476945,43.889113,0.014654918090598372,0.4375554962147659,0.4444389532728755
GERAL,GERAL,2026-06-01,403669,8873,0.02198088037476249,0.3098649480446298,2749.431684,7112.281295,30.723346377,0.011174435268128668,0.38657521686225715,0.42537090510803544
GERAL,GERAL,2026-06-02,235070,6369,0.02709405708937763,0.3561407300989166,2268.26031,5540.501155,28.020661052,0.012353370963846737,0.409396234481969,0.35948568999716635
GERAL,GERAL,2026-06-03,381,21,0.05511811023622047,0.08057433333333333,1.692061,4.5,0.0,0.0,0.37601355555555555,0.0999
GERAL,GERAL,2026-06-04,1174,78,0.06643952299829642,0.20597935897435896,16.06639,31.833333,0.0,0.0,0.5047033560701921,0.0999
GERAL,GERAL,2026-06-05,815,50,0.06134969325153374,0.17584851999999998,8.792426,20.75,0.0,0.0,0.42373137349397594,0.0999
GERAL,GERAL,2026-06-06,380891,12072,0.03169410671294412,0.3708338298542081,4476.705994,9703.764978,23.508322615,0.005251254526544189,0.4613370175544662,0.39146612461456304
GERAL,GERAL,2026-06-07,517000,14074,0.027222437137330753,0.30098587920989056,4236.075264,10380.769296,33.842119778,0.007989027028297862,0.4080694930415492,0.5228225581045344
GERAL,GERAL,2026-06-08,498602,10496,0.021050858199525874,0.39565350543064026,4152.779193,7717.846303,32.802826453,0.00789900568474554,0.5380748760681818,0.4576519007906423
GERAL,GERAL,2026-06-09,530631,11010,0.020748881991440378,0.38355246566757495,4222.912647,7859.909912,33.971548,0.008044577484721056,0.537272398065623,0.4383931819362885
GERAL,GERAL,2026-06-10,567688,12555,0.02211602147658573,0.3885061726005576,4877.694997,8888.640955,35.333625897,0.0072439186785421715,0.5487559933733424,0.4539441450269476
GERAL,GERAL,2026-06-11,538946,11395,0.02114312008995335,0.4037524411584028,4600.759067,8785.782696,36.380345,0.007907465805142106,0.5236595561479842,0.42401110340041637
GERAL,GERAL,2026-06-12,499162,13474,0.026993240671365208,0.3539398259611103,4768.985215,9591.005921,43.99255428,0.00922472020706401,0.4972351444969981,0.33801249959098195
GERAL,GERAL,2026-06-13,506350,10658,0.02104868174187815,0.43535411362356913,4640.004143,9680.718799,40.668624433,0.008764781922523382,0.4793036797514771,0.4854165342822647
GERAL,GERAL,2026-06-14,381593,10172,0.026656673471473533,0.41375008218639403,4208.665836,8470.85057,41.666663883,0.009900207216879169,0.49684099621651096,0.4214713198532128
GERAL,GERAL,2026-06-16,446,121,0.2713004484304933,0.04578495041322314,5.539979,43.533333,0.0,0.0,0.12725832409845578,0.1592920353982301
GERAL,GERAL,2026-06-17,137,44,0.32116788321167883,0.10051363636363637,4.4226,21.0,0.0,0.0,0.2106,0.11095505617977527
GERAL,GERAL,2026-06-18,73,18,0.2465753424657534,0.05947588888888889,1.070566,7.0,0.0,0.0,0.152938,0.0999
GERAL,GERAL,2026-06-19,489,147,0.3006134969325153,0.09618523809523809,14.13923,109.0,0.0,0.0,0.12971770642201835,0.0999
GERAL,GERAL,2026-06-20,33,10,0.30303030303030304,0.0689147,0.689147,4.0,0.0,0.0,0.17228675,0.0999
GERAL,GERAL,2026-06-21,34,8,0.23529411764705882,0.111060875,0.888487,4.0,0.0,0.0,0.22212175,0.0999
GERAL,GERAL,2026-06-22,188,54,0.2872340425531915,0.1054685925925926,5.695304,26.0,0.0,0.0,0.21905015384615384,0.0999
GERAL,GERAL,2026-06-23,76,17,0.2236842105263158,0.07114882352941176,1.20953,2.0,0.0,0.0,0.604765,0.0999
GERAL,GERAL,2026-06-24,109,30,0.27522935779816515,0.08773393333333333,2.632018,23.5,0.0,0.0,0.1120007659574468,0.0999
GERAL,GERAL,2026-06-25,210,55,0.2619047619047619,0.05129676363636363,2.821322,21.833336,0.0,0.0,0.12922083917913416,0.0999
GERAL,GERAL,2026-06-26,11611,2858,0.24614589613297735,0.09646871798460462,275.707596,1874.118583,1.0,0.003627031008605218,0.14711320751041293,0.33317428128355003
GERAL,GERAL,2026-06-27,19326,5682,0.2940080720273207,0.062330679866244285,354.162923,2974.971062,1.0,0.002823559257782611,0.11904751865448565,0.5211282373912132
GERAL,GERAL,2026-06-28,29968,6831,0.22794313934863855,0.08973988947445469,613.013185,3488.984213,0.0,0.0,0.1756996155832133,0.47464569212367247
GERAL,GERAL,2026-06-29,44070,3453,0.07835262083049693,0.2284890046336519,788.972533,1558.196994,0.0,0.0,0.5063368341987702,0.3838354408251267
GERAL,GERAL,2026-06-30,123694,6774,0.054764176112018365,0.19449274372601122,1317.493846,2089.329783,0.0,0.0,0.6305820444048109,0.4247328890299376
GERAL,GERAL,2026-07-01,124345,7610,0.06120069162411034,0.19052983363994744,1449.932034,2235.329465,0.0,0.0,0.6486435474960288,0.42750242954324585
GERAL,GERAL,2026-07-02,178766,8406,0.0470223644317152,0.21720076266952176,1825.789611,2222.436642,0.0,0.0,0.8215260568044576,0.3834505622507952
GERAL,GERAL,2026-07-03,168416,9667,0.05739953448603458,0.19701484307437675,1904.542488,3299.992495,0.0,0.0,0.5771353998185381,0.4392482861870617
GERAL,GERAL,2026-07-04,173191,12237,0.07065609644842977,0.18003305998202174,2203.064555,4589.104014,1.0,0.00045391316279426956,0.48006420170017966,0.45538510200854027
GERAL,GERAL,2026-07-05,171333,9118,0.05321800236965442,0.18438856920377275,1681.254974,2464.07868,0.0,0.0,0.6823057184196731,0.4425647543498269
GERAL,GERAL,2026-07-06,16350,3854,0.23571865443425077,0.10152915230928905,391.293353,2216.719447,0.0,0.0,0.17651911410330134,0.5143308818475497
GERAL,GERAL,2026-07-07,18475,4222,0.22852503382949932,0.10516870251065846,444.022262,2210.027243,0.0,0.0,0.20091257399943283,0.48062241389358357
GERAL,GERAL,2026-07-08,20124,4541,0.22565096402305704,0.08914028143580709,404.786018,2441.624713,0.0,0.0,0.1657855180793298,0.4675968823240857
GERAL,GERAL,2026-07-09,30772,4133,0.13431041206291433,0.10671179554802807,441.039851,2351.634685,0.0,0.0,0.18754607329666936,0.4305048335123523
GERAL,GERAL,2026-07-10,39386,5726,0.14538160767785507,0.1152788674467342,660.086795,3626.687953,0.0,0.0,0.18200815828502023,0.4528246576489803
GERAL,GERAL,2026-07-11,57239,10764,0.1880535998183057,0.08870323838721665,954.801658,6220.95262,1.0,0.001047337938326035,0.15348158333988404,0.49715923898879333
GERAL,GERAL,2026-07-12,46939,8916,0.18994865676729372,0.09327868192014356,831.672728,5018.996527,0.0,0.0,0.16570498176796208,0.4609915657439446
GERAL,GERAL,2026-07-13,45267,5191,0.11467514966752822,0.11594343036023887,601.862347,3168.544256,1.0,0.00166150948798264,0.1899491685685958,0.49495512853014245
GERAL,GERAL,2026-07-14,63915,5543,0.08672455605100524,0.13333168428648745,739.057526,3577.339019,0.0,0.0,0.20659420929207717,0.49337652291626377
GERAL,GERAL,2026-07-15,57177,5440,0.0951431519666999,0.13421686911764705,730.139768,3896.485632,0.0,0.0,0.18738418076117264,0.3733682438750701
GERAL,GERAL,2026-07-16,58247,6009,0.10316411145638402,0.12788994175403562,768.49066,3721.946356,0.0,0.0,0.20647547989539053,0.3812647330121964
GERAL,GERAL,2026-07-17,67929,7517,0.11065965935020389,0.16935977943328456,1273.077462,4467.651043,0.0,0.0,0.2849545431697674,0.4028993605264792
GERAL,GERAL,2026-07-18,76988,8721,0.11327739387956565,0.16206021419561978,1413.327128,5836.888845,0.0,0.0,0.24213706403038412,0.4330517333936089
GERAL,GERAL,2026-07-19,70970,7583,0.10684796392842046,0.15149470447052615,1148.784344,4253.432602,0.0,0.0,0.27008405950991954,0.462314066087651
GERAL,GERAL,2026-07-20,77516,8411,0.10850663088910677,0.11680074271786946,982.411047,4595.44716,0.0,0.0,0.21377920641785816,0.48199775847576354
GERAL,GERAL,2026-07-21,80470,9897,0.12298993413694545,0.10254101808628878,1014.848456,5359.182962,1.0,0.000985368794806542,0.18936626407344517,0.472557876905703
GERAL,GERAL,2026-07-22,108963,10747,0.09862981011903123,0.12882742058248814,1384.508289,5593.983044,0.0,0.0,0.24749955051883782,0.4536616295043855
GERAL,GERAL,2026-07-23,111319,9121,0.08193569830846487,0.13581134338340092,1238.735263,5231.321429,0.0,0.0,0.23679203807531898,0.4817990418942422
GERAL,GERAL,2026-07-24,147579,11081,0.07508520860013959,0.1210156907318834,1340.974869,5556.670824,0.0,0.0,0.24132703042407178,0.4597906912696227
GERAL,GERAL,2026-07-25,178163,13607,0.0763738823436965,0.10606501352245168,1443.226639,7059.482849,2.0,0.0013857837334445154,0.20443801194367064,0.458240431066518
GERAL,GERAL,2026-07-26,163396,13394,0.08197263090895739,0.095938960355383,1285.006435,6009.783493,0.0,0.0,0.21381908957231716,0.48704349510801126
GERAL,GERAL,2026-07-27,158167,11429,0.07225906794716977,0.09617786464257591,1099.216815,5712.946738,1.299952,0.001182616552313203,0.19240802783762975,0.4456854471746505
GERAL,GERAL,2026-07-28,121074,16255,0.1342567355501594,0.059132952752999075,961.206147,7447.243561,0.19997,0.0002080407003472898,0.12906871369612238,0.5140217605464218
GERAL,GERAL,2026-07-29,235164,22642,0.09628174380432379,0.09065166005653211,2052.534887,10091.35546,3.54458,0.001726928015913427,0.20339536102318603,0.4780144356374264
GERAL,GERAL,2026-07-30,334548,18672,0.05581261881703074,0.13579235352399313,2535.514825,9561.281745,5.0,0.0019719861034533685,0.2651856615694782,0.4292050699905276
GERAL,GERAL,2026-07-31,358212,18262,0.050980983328308374,0.1464916021793889,2675.229639,9512.312088,5.0,0.00186899843180154,0.28123863202247784,0.3775227655505124
GERAL,GERAL,2026-08-01,428821,23296,0.05432569766872425,0.13085692406421703,3048.442903,10770.219567,2.666511,0.000874712463000656,0.2830437099295954,0.3486798091075331
GERAL,GERAL,2026-08-02,433380,24968,0.0576122571415386,0.12008127150752965,2998.189187,10898.977062,2.0,0.0006670693125943823,0.2750890445905592,0.35658081845473216
GERAL,GERAL,2026-08-03,263458,17300,0.0656651155022812,0.09323131531791908,1612.901755,8163.663808,2.0,0.001240001130757031,0.19757082027550343,0.4371729299551729
GERAL,GERAL,2026-08-04,361883,17129,0.0473329777856379,0.12218286654212154,2092.870321,8264.873565,3.667086,0.001752180229804119,0.2532247232266039,0.3927152563769354
GERAL,GERAL,2026-08-05,368465,16499,0.0447776586650021,0.13468723783259592,2222.204737,8580.977842,5.583042,0.0025123886683533787,0.25896870705379454,0.42019859009628613
GERAL,GERAL,2026-08-06,388157,15385,0.03963602356778314,0.14106856984075397,2170.339947,8496.6337,6.498741,0.002994342434226964,0.25543527279515416,0.4184924126784592
GERAL,GERAL,2026-08-07,372593,17031,0.04570939335951024,0.1322622491926487,2252.558366,9591.54357,5.996944,0.0026622812933585044,0.23484836924949717,0.38057257064603883
GERAL,GERAL,2026-08-08,394301,26479,0.0671542806130342,0.08979639941085389,2377.71886,12770.430047,3.245813,0.0013650953670780069,0.18618941188739124,0.4355427617231797
GERAL,GERAL,2026-08-09,372738,20645,0.05538743031298124,0.10635384926132235,2195.675218,9318.532452,1.0,0.0004554407645548241,0.23562457171340867,0.40861944561361313
GERAL,GERAL,2026-08-10,337014,13685,0.0406066216833722,0.14667192590427475,2007.205306,6069.448312,2.0,0.0009964102795172662,0.3307063843070421,0.3826932220402557
GERAL,GERAL,2026-08-11,343479,14557,0.042381048040782694,0.14005243236930687,2038.743258,6293.868683,0.0,0.0,0.3239252931200694,0.3769797924631349
GERAL,GERAL,2026-08-12,351236,14351,0.04085856802833423,0.1447005729217476,2076.597922,6289.631246,1.0,0.00048155687213482633,0.3301621097931057,0.41807492480175007
GERAL,GERAL,2026-08-13,345320,13402,0.03881037877910344,0.15402980943142816,2064.307506,5297.426069,1.0,0.00048442395190322,0.38968122992411697,0.37436351560770426
GERAL,GERAL,2026-08-14,354734,15582,0.043925871216178886,0.14279131838018225,2224.974323,6527.622942,1.590093,0.0007146567866257574,0.3408552152551706,0.37888360017308526
GERAL,GERAL,2026-08-15,366178,22915,0.06257885509233214,0.102008422168885,2337.522994,9298.050287,2.0,0.0008556065566557589,0.2513992634851836,0.4615599177155608
GERAL,GERAL,2026-08-16,353316,19903,0.0563320087400514,0.10900511249560368,2169.528754,8050.40428,0.0,0.0,0.2694931432685763,0.4436152891921228
GERAL,GERAL,2026-08-17,91392,5976,0.06538865546218488,0.1327756372155288,793.467208,2776.048921,0.0,0.0,0.2858260897341009,0.38435798831343954
GERAL,GERAL,2026-08-18,84058,6019,0.07160532013609651,0.11351578019604586,683.251481,3052.860047,0.0,0.0,0.22380701063300332,0.3596830985915493
GERAL,GERAL,2026-08-19,82475,5407,0.06555926038193392,0.12056960366191974,651.919847,2573.25871,0.0,0.0,0.2533440747588104,0.31647554201755956
GERAL,GERAL,2026-08-20,38833,3255,0.08382046197821441,0.12020934992319508,391.281434,2074.354776,0.0,0.0,0.1886280199159143,0.28640451588212784
GERAL,GERAL,2026-08-21,39312,3232,0.08221408221408222,0.11379215006188119,367.776229,2558.01175,0.0,0.0,0.14377425318707,0.3362890485654589
GERAL,GERAL,2026-08-22,46063,6102,0.13247074658619717,0.0713244333005572,435.221692,4066.863773,0.0,0.0,0.10701654058083937,0.3834505862646566
GERAL,GERAL,2026-08-23,40802,5348,0.13107200627420224,0.07239882049364249,387.188892,3297.923641,0.0,0.0,0.11740383773185124,0.37712344280860705
GERAL,GERAL,2026-08-24,40899,2770,0.0677278173060466,0.09298135415162455,257.558351,2355.343129,0.0,0.0,0.10935067074891576,0.3677481440747869
GERAL,GERAL,2026-08-25,38335,2589,0.06753619407851832,0.10270473619157977,265.902562,2180.399871,0.0,0.0,0.12195128312773597,0.3535160254219914
GERAL,GERAL,2026-08-26,46878,2711,0.05783096548487564,0.11778407266691257,319.312621,1969.146415,0.0,0.0,0.16215788656832814,0.3531814719933532
GERAL,GERAL,2026-08-27,46683,2808,0.06015037593984962,0.13133144978632477,368.778711,2048.016627,0.0,0.0,0.18006626808503934,0.32858998948215057
GERAL,GERAL,2026-08-28,55556,3403,0.06125350997192022,0.12257378754040553,417.118599,2719.045115,0.0,0.0,0.15340628101347265,0.3124108416547789
GERAL,GERAL,2026-08-29,56368,6186,0.10974311666193586,0.07780122421597155,481.278373,3731.977873,0.0,0.0,0.12896067162721894,0.25468053491827636
GERAL,GERAL,2026-08-30,53077,5634,0.10614767224975036,0.08256974955626552,465.197969,2995.766106,0.0,0.0,0.15528514327880577,0.2394807520143241
GERAL,GERAL,2026-08-31,56504,2884,0.051040634291377604,0.12599614355062413,363.372878,1933.69123,108.413857,0.298354289942355,0.18791670167527214,0.2815778676513686
GERAL,GERAL,2026-09-01,57209,3529,0.061686098341170094,0.13369842958345138,471.821758,1920.311099,161.248449,0.3417571281229468,0.24570068789671667,0.2807116266989871
GERAL,GERAL,2026-09-02,62248,3160,0.050764683202673175,0.15689830949367087,495.798658,1262.940681,164.199959,0.3311827419266633,0.3925747784190665,0.2923700887198986
GERAL,GERAL,2026-09-03,58155,2821,0.048508296793053046,0.164311367954626,463.522369,1336.543908,455.469668,0.9826271577413344,0.3468066901697329,0.2265482561900841
GERAL,GERAL,2026-09-04,89000,5711,0.0641685393258427,0.0967804381019086,552.713082,1807.630802,1023.630802,1.8520111705986362,0.3057665765533907,0.30027326796334997
GERAL,GERAL,2026-09-05,107685,6926,0.06431722152574638,0.09667614106266242,669.578953,2422.341435,1038.341435,1.550737863470449,0.2764180735735134,0.20236244321049976
GERAL,GERAL,2026-09-06,97647,7113,0.07284401978555409,0.0863511834668916,614.215968,1901.956119,820.956119,1.3365919509927167,0.32293908458989007,0.2117586541942121
GERAL,GERAL,2026-09-07,97766,5946,0.06081868952396539,0.09174324806592667,545.505353,1630.663264,843.663264,1.5465719252071208,0.334529737097211,0.2586766741190248
GERAL,GERAL,2026-09-08,64738,6297,0.09726899193672958,0.06862513498491346,432.132475,1439.863675,910.863675,2.107834351028582,0.3001204089685782,0.31788831057018746
GERAL,GERAL,2026-09-09,86803,6261,0.07212884347315185,0.0806093312569877,504.695023,1304.697582,841.697582,1.6677350551166423,0.38682912420696125,0.2360655737704918
GERAL,GERAL,2026-09-10,56832,6962,0.12250140765765766,0.06256140175237002,435.552479,416.987211,160.987211,0.36961610543376106,1.044522391839015,0.24905104644168344
GERAL,GERAL,2026-09-11,55919,8084,0.14456624760814749,0.06400856382978723,517.44523,4.0,0.0,0.0,129.3613075,0.289760348583878
