ano,semana,plataforma,impressoes,cliques,custo,conversoes,receita,roas,cpa,ctr
2025,1,Google Ads,488986,8554,2173.679779,17741.95962,33.0,0.015181629013994705,0.12251632996333016,1.749334336770378
2025,1,Meta Ads,2624191,11900,3564.4699999999993,8285.0,0.0,0.0,0.430231744115872,0.45347308942070147
2025,1,TikTok Ads,84651,4307,203.26,4307.0,0.0,0.0,0.047192941722776875,5.087949344957531
2025,37,Google Ads,865433,16458,2668.1796360000003,24801.18055,69.0,0.025860327793911696,0.10758276730500235,1.9017070067815764
2025,37,TikTok Ads,121070,0,317.18,0.0,0.0,0.0,0.0,0.0
2025,38,Google Ads,722367,16083,3155.3469059999998,26037.536932,109.0,0.03454453765217789,0.12118453885406091,2.2264306093716906
2025,38,TikTok Ads,0,0,0.0,0.0,0.0,0.0,0.0,0.0
2025,39,Google Ads,944785,18022,7184.15472,27704.134757,94.003747,0.01308487228682625,0.25931705801368804,1.907523934016734
2025,39,TikTok Ads,44547,0,105.22,0.0,0.0,0.0,0.0,0.0
2025,40,Google Ads,902513,18368,7970.86572,28744.997502,130.00168,0.016309606078773586,0.2772957527460355,2.035206141074976
2025,40,TikTok Ads,129412,0,281.85,0.0,0.0,0.0,0.0,0.0
2025,41,Google Ads,1627111,28254,11799.731971000001,40656.375622,229.005086,0.019407651509612413,0.2902307889101389,1.736451907706358
2025,41,TikTok Ads,119258,0,256.61,0.0,0.0,0.0,0.0,0.0
2025,42,Google Ads,2730791,36398,16723.936632,41738.541453,312.019275,0.018657047193241242,0.40068330252584694,1.3328738815969439
2025,42,TikTok Ads,102204,0,227.64000000000001,0.0,0.0,0.0,0.0,0.0
2025,43,Google Ads,1894544,25829,11130.954753,31847.176297,369.0,0.033150795074478906,0.3495115123926555,1.363335979528583
2025,43,TikTok Ads,53233,0,128.31,0.0,0.0,0.0,0.0,0.0
2025,44,Google Ads,1468391,28675,9201.896106,22383.596659,352.970212,0.038358421778947216,0.4110999785327217,1.9528177440477368
2025,44,TikTok Ads,95617,50,259.71,50.0,0.0,0.0,5.1941999999999995,0.05229195645125867
2025,45,Google Ads,1355856,30227,9646.869334,28061.085647,280.0,0.029024960358191163,0.34378104451676283,2.2293665403995706
2025,45,TikTok Ads,154211,72,416.15999999999997,72.0,0.0,0.0,5.779999999999999,0.04668927638106231
2025,46,Google Ads,1915224,37370,14593.347928000001,35951.078009000004,210.0,0.014390118089151886,0.4059224016689207,1.9512077960593641
2025,46,Meta Ads,4975995,15139,10851.26,9862.0,0.0,0.0,1.1003102818900832,0.3042406594058073
2025,46,TikTok Ads,122410,6196,543.99,6196.0,0.0,0.0,0.08779696578437701,5.061677967486316
2025,47,Google Ads,1878517,37184,9928.848749,43667.63266,309.0,0.031121432888291445,0.22737318567981193,1.97943377675049
2025,47,Meta Ads,4601037,24172,9560.78,15118.0,0.0,0.0,0.632410371742294,0.5253598264912889
2025,47,TikTok Ads,107104,5989,498.65,5989.0,0.0,0.0,0.08326097846051093,5.591761278757096
2025,48,Google Ads,1693626,22133,9001.691701,47561.489943,309.0,0.03432688102011682,0.18926429158943642,1.3068410617220094
2025,48,Meta Ads,7864154,23227,20193.68,15040.0,0.0,0.0,1.3426648936170213,0.2953528122669012
2025,48,TikTok Ads,195759,5762,754.0,5762.0,0.0,0.0,0.1308573412009719,2.9434151175680303
2025,49,Google Ads,2024882,14921,10871.693929000001,48821.674554,81.0,0.007450540875137618,0.22268170906295295,0.7368824454955893
2025,49,Meta Ads,3110440,10368,5701.63,7154.0,0.0,0.0,0.7969849035504613,0.33332904669435837
2025,49,TikTok Ads,172508,6840,592.35,6840.0,0.0,0.0,0.08660087719298246,3.9650335056924897
2025,50,Google Ads,2178609,14485,12512.462247,48946.881196,67.0,0.00535466151085203,0.25563349372344757,0.6648737795538346
2025,50,Meta Ads,5163356,18021,9889.56,12430.0,0.0,0.0,0.7956202735317779,0.3490171895952942
2025,50,TikTok Ads,209067,6932,668.4,6932.0,0.0,0.0,0.09642238892094633,3.3156834890250493
2025,51,Google Ads,1215124,13155,7593.621628,40411.388476,84.0,0.011061915396240758,0.18790796145274224,1.0826055612431325
2025,51,Meta Ads,5611896,22189,10549.73,15987.0,0.0,0.0,0.6598942891099018,0.3953922168194136
2025,51,TikTok Ads,190775,6324,584.86,6324.0,0.0,0.0,0.09248260594560405,3.3148997510155946
2025,52,Google Ads,1081572,17058,5577.111231,37459.924323,70.0,0.012551300682494852,0.14888207415773427,1.5771488167223264
2025,52,Meta Ads,6557502,28527,10030.76,20687.0,0.0,0.0,0.4848822932276309,0.4350284605326845
2025,52,TikTok Ads,210242,7649,565.99,7649.0,0.0,0.0,0.07399529350241862,3.6381883733982745
2026,1,Google Ads,138161,2796,661.544705,4114.975093999999,6.0,0.009069681844101526,0.16076517837607113,2.0237259429216636
2026,1,Meta Ads,3740762,17091,3847.38,12132.0,0.0,0.0,0.31712660731948566,0.4568855222545567
2026,1,TikTok Ads,68,6,0.0,6.0,0.0,0.0,0.0,8.823529411764707
2026,2,Google Ads,2543515,50080,11906.819449,43921.387225,47.0,0.003947317770401509,0.27109388389769834,1.9689288248742391
2026,2,Meta Ads,6176404,16226,8735.47,11273.0,0.0,0.0,0.7749019781779473,0.2627094989252646
2026,2,TikTok Ads,10,1,0.0,1.0,0.0,0.0,0.0,10.0
2026,3,Google Ads,3395168,84997,18117.714728,52215.258935,118.0,0.00651296268715596,0.34698122919497115,2.5034696368486036
2026,3,Meta Ads,9021525,11865,16168.27,8055.0,0.0,0.0,2.0072340161390443,0.13151878424102356
2026,3,TikTok Ads,92111,0,147.55,0.0,0.0,0.0,0.0,0.0
2026,4,Google Ads,1639151,35646,8414.041413,42319.535516,87.0,0.010339858782437395,0.1988216862592656,2.1746623709469106
2026,4,Meta Ads,5509218,8160,6794.7699999999995,3955.0,0.0,0.0,1.7180202275600505,0.14811539496168058
2026,4,TikTok Ads,125320,0,217.19,0.0,0.0,0.0,0.0,0.0
2026,5,Google Ads,1119402,30729,7021.402829,35017.839356,68.0,0.009684674367228219,0.20050931062932484,2.745126415711246
2026,5,Meta Ads,7615361,10686,9808.900000000001,5113.0,0.0,0.0,1.9184236260512422,0.14032164726005766
2026,5,TikTok Ads,230864,0,411.23,0.0,0.0,0.0,0.0,0.0
2026,6,Google Ads,3940460,60293,41409.421824,63153.205646,47.0,0.0011350073951711113,0.6556978604715181,1.5301005466366873
2026,6,Meta Ads,11369744,16873,14759.36,10034.0,0.0,0.0,1.4709348216065379,0.14840263773748996
2026,6,TikTok Ads,260875,0,503.62,0.0,0.0,0.0,0.0,0.0
2026,7,Google Ads,681442,26610,5148.4285500000005,26580.728436,32.0,0.006215488801918014,0.19369027310128756,3.9049544935592464
2026,7,Meta Ads,8401619,15448,11638.66,9293.0,0.0,0.0,1.2524114925212526,0.18386932328161987
2026,7,TikTok Ads,74373,0,127.53,0.0,0.0,0.0,0.0,0.0
2026,8,Google Ads,703920,23568,4021.122843,23041.257268,13.0,0.003232927843184521,0.17451837789184307,3.3481077395158545
2026,8,Meta Ads,6582278,15439,8875.130000000001,9822.0,0.0,0.0,0.9035970270820608,0.23455405560202716
2026,8,TikTok Ads,66867,0,107.89999999999999,0.0,0.0,0.0,0.0,0.0
2026,9,Google Ads,286369,18878,3290.309373,13945.978503999999,6.0,0.001823536731602047,0.23593248563062608,6.592193987477694
2026,9,Meta Ads,4792293,6366,6507.65,2937.0,0.0,0.0,2.215747361252979,0.13283828847693577
2026,9,TikTok Ads,14563,0,26.67,0.0,0.0,0.0,0.0,0.0
2026,10,Google Ads,352404,24868,3851.529084,15920.986095,1.0,0.0002596371410394366,0.24191523445960272,7.056673590538132
2026,10,Meta Ads,9513837,11591,13316.12,7132.0,0.0,0.0,1.8670947840717893,0.12183307323848412
2026,10,TikTok Ads,0,0,0.0,0.0,0.0,0.0,0.0,0.0
2026,11,Google Ads,896190,31801,11632.19745,28057.838985000002,4.113854,0.0003536609499351303,0.4145792359924329,3.5484662850511612
2026,11,Meta Ads,9223140,10551,13656.26,5629.0,0.0,0.0,2.426054361343045,0.11439704916113168
2026,11,TikTok Ads,0,0,0.0,0.0,0.0,0.0,0.0,0.0
2026,12,Google Ads,1614328,69235,8388.096355,22223.574948,34.495152,0.004112393389405694,0.37744136011541574,4.288781462007721
2026,12,Meta Ads,7412164,9870,10597.18,6358.0,0.0,0.0,1.6667474048442907,0.13315949296318863
2026,12,TikTok Ads,0,0,0.0,0.0,0.0,0.0,0.0,0.0
2026,13,Google Ads,1656709,48369,10395.780982,39217.890715,11.5,0.001106217995541838,0.26507751417706504,2.919583342638931
2026,13,Meta Ads,5008522,8237,7528.02,5110.0,0.0,0.0,1.4731937377690802,0.16445969489601922
2026,13,TikTok Ads,0,0,0.0,0.0,0.0,0.0,0.0,0.0
2026,14,Google Ads,1806941,52169,11385.612411,48519.293923,20.5,0.0018005179923562392,0.23466154369577058,2.8871446273010575
2026,14,Meta Ads,5116655,19290,8044.74,12098.0,0.0,0.0,0.6649644569350306,0.3770041169474979
2026,14,TikTok Ads,0,0,0.0,0.0,0.0,0.0,0.0,0.0
2026,15,Google Ads,2886085,67226,14500.055986,58187.514001999996,46.366703,0.003197691308555476,0.24919531680802878,2.3293146251756274
2026,15,Meta Ads,6580127,30195,11356.84,23902.0,0.0,0.0,0.4751418291356372,0.4588817206719566
2026,15,TikTok Ads,0,0,0.0,0.0,0.0,0.0,0.0,0.0
2026,16,Google Ads,3383983,47629,16066.805036,62785.702925,52.317721,0.0032562616452228416,0.25589910262201626,1.4074834300290515
2026,16,Meta Ads,6416383,30959,11207.65,25608.0,0.0,0.0,0.4376620587316463,0.4824992523046084
2026,17,Google Ads,1029902,44311,4921.574058,33970.166204,29.879449,0.006071116404604553,0.14487930463585671,4.302448194100021
2026,17,Meta Ads,5779718,20429,8856.64,15709.0,0.0,0.0,0.5637940034375198,0.3534601515160428
2026,18,Google Ads,1217403,45898,6412.535283,36934.020612,154.70712267599998,0.024125734338825,0.17362137066974354,3.770156636709455
2026,18,Meta Ads,3685456,19246,6922.6900000000005,16544.0,0.0,0.0,0.41844112669245653,0.5222148900977247
2026,18,TikTok Ads,139533,7827,346.39,7827.0,0.0,0.0,0.04425578126996295,5.609425727247317
2026,19,Google Ads,1058613,22258,10494.033107,27017.973805,135.57476749699998,0.012919224297716901,0.3884093301274114,2.1025625039556477
2026,19,Meta Ads,4253460,12145,7364.969999999999,9926.0,0.0,0.0,0.7419877090469473,0.2855322490396054
2026,19,TikTok Ads,217607,11632,613.4300000000001,11632.0,0.0,0.0,0.05273641678129299,5.345416277968999
2026,20,Google Ads,495412,39978,3971.3342350000003,28542.211692,131.497397085,0.033111641907672365,0.13913898046356063,8.069647081620953
2026,20,TikTok Ads,14266,723,40.18,723.0,0.0,0.0,0.05557399723374827,5.067993831487453
2026,21,Google Ads,433657,36173,4395.399465,25466.484729,53.910118,0.012265123666069334,0.17259545287751207,8.341385011656678
2026,21,TikTok Ads,0,0,0.0,0.0,0.0,0.0,0.0,0.0
2026,22,Google Ads,2322717,58647,16414.101518,44417.181044000004,178.93621,0.010901370982979197,0.36954397222417296,2.5249309321798563
2026,22,TikTok Ads,109051,5597,302.23,5597.0,0.0,0.0,0.05399857066285511,5.1324609586340335
2026,23,Google Ads,1539000,41537,13757.024129000001,32794.400057,116.094449822,0.008438921727066777,0.41949308738958163,2.6989603638726445
2026,23,TikTok Ads,207011,12970,531.19,12970.0,0.0,0.0,0.040955281418658444,6.265367540855317
2026,24,Google Ads,3522972,79760,31471.801098,60991.755156,264.816187946,0.008414395703677373,0.5160009089343938,2.2639975566084543
2026,24,TikTok Ads,158855,7762,385.13,7762.0,0.0,0.0,0.04961736665807782,4.8862169903371
2026,25,Google Ads,1212,348,26.750009,188.533333,0.0,0.0,0.141884772174478,28.71287128712871
2026,25,TikTok Ads,41567,0,73.87,0.0,0.0,0.0,0.0,0.0
2026,26,Google Ads,61488,15527,1255.241878,8411.407194,2.0,0.0015933184154010515,0.14923090144719015,25.25208170699974
2026,26,TikTok Ads,27811,0,53.72,0.0,0.0,0.0,0.0,0.0
2026,27,Google Ads,983815,57265,11171.050041,18450.468073,1.0,8.951709967548251e-05,0.6054616065457691,5.820708161595422
2026,27,TikTok Ads,230421,0,667.98,0.0,0.0,0.0,0.0,0.0
2026,28,Google Ads,229285,42156,4127.702665,24086.643188000002,1.0,0.00024226551211629,0.17136894638172026,18.38585166931984
2026,28,TikTok Ads,4828,0,48.69,0.0,0.0,0.0,0.0,0.0
2026,29,Google Ads,440493,46004,6674.739235,28915.287753,1.0,0.00014981858688296757,0.2308377247363719,10.4437527951636
2026,29,TikTok Ads,0,0,0.0,0.0,0.0,0.0,0.0,0.0
2026,30,Google Ads,867406,76258,8689.710998,39405.871761,3.0,0.0003452358773140409,0.22051817685201444,8.791500174082262
2026,30,TikTok Ads,0,0,0.0,0.0,0.0,0.0,0.0,0.0
2026,31,Google Ads,2069366,135524,15370.334403,63991.336221000005,18.711013,0.0012173458631028848,0.2401939904789162,6.549058987148721
2026,32,Google Ads,2521595,130468,14924.269204,65134.654984,26.991626,0.0018085727100638006,0.22912947351400068,5.174026756874121
2026,32,TikTok Ads,121766,247,296.21,247.0,0.0,0.0,1.199230769230769,0.20284808567251944
2026,33,Google Ads,2451277,114395,14918.880063,47641.451819,6.5900929999999995,0.00044172839865801655,0.3131491483441772,4.66675124843092
2026,33,TikTok Ads,135340,341,411.34000000000003,341.0,0.0,0.0,1.206275659824047,0.25195803162405794
2026,34,Google Ads,422935,35339,3710.106783,20276.321618,0.0,0.0,0.1829773098344627,8.355657488739404
2026,34,TikTok Ads,805,11,90.06,11.0,0.0,0.0,8.187272727272727,1.3664596273291925
2026,35,Google Ads,337796,26101,2575.147186,17889.695136,0.0,0.0,0.14394583956983986,7.726852893462327
2026,35,TikTok Ads,0,0,0.0,0.0,0.0,0.0,0.0,0.0
2026,36,Google Ads,528450,32144,3631.025315,12296.330412,3694.1754269999997,1.0173918126483785,0.2952934081420323,6.082694673100577
2026,36,TikTok Ads,0,0,0.0,0.0,0.0,0.0,0.0,0.0
2026,37,Google Ads,188101,12244,1059.67305,1881.195716,1531.195716,1.4449699518167418,0.5632976095933232,6.509268956571204
