data,plataforma,impressoes,cliques,custo,conversoes,receita,ctr,cpc,cpm,roas,cpa
2025-09-07,Google Ads,610629,5002,1271.89735,6736.984934,28.0,0.0081915532999579,0.2542777588964414,2.082929814994047,0.0220143551678915,0.1887932602581652
2025-09-07,TikTok Ads,18881,0,42.0,0.0,0.0,0.0,0.0,2.22,0.0,0.0
2025-09-08,Google Ads,223520,2708,499.569442,3468.077735,17.0,0.0121152469577666,0.1844791144756278,2.2350100304223335,0.03402930317743494,0.14404793668790125
2025-09-08,TikTok Ads,18198,0,40.89,0.0,0.0,0.0,0.0,2.25,0.0,0.0
2025-09-09,Google Ads,165824,2580,412.626432,3590.573829,11.0,0.0155586646082593,0.1599327255813953,2.488339637205712,0.02665849578923727,0.11491935597239046
2025-09-09,TikTok Ads,24327,0,56.68,0.0,0.0,0.0,0.0,2.33,0.0,0.0
2025-09-10,Google Ads,187912,2400,508.648314,3992.453516,7.0,0.012771935799736,0.2119367975,2.706843171271659,0.013761964420863094,0.12740243861614445
2025-09-10,TikTok Ads,30245,0,76.72,0.0,0.0,0.0,0.0,2.54,0.0,0.0
2025-09-11,Google Ads,179378,2553,501.921213,3906.111289,10.0,0.0142325145781533,0.19660055346651,2.7981202432851298,0.01992344563448447,0.1284963934369869
2025-09-11,TikTok Ads,28863,0,77.44,0.0,0.0,0.0,0.0,2.68,0.0,0.0
2025-09-12,Google Ads,110564,2690,416.062897,4178.414317,12.0,0.0243297999348793,0.1546702219330855,3.763095555515358,0.02884179311956288,0.09957435176000524
2025-09-12,TikTok Ads,27360,0,76.17,0.0,0.0,0.0,0.0,2.78,0.0,0.0
2025-09-13,Google Ads,115389,3369,439.664034,4996.702288,7.0,0.0291968905181603,0.1305028299198575,3.810276837480176,0.01592124772252806,0.08799084049011487
2025-09-13,TikTok Ads,10275,0,30.17,0.0,0.0,0.0,0.0,2.94,0.0,0.0
2025-09-14,Google Ads,106366,2866,389.256746,4136.925311,22.0,0.0269447003741797,0.1358188227494766,3.659597484158472,0.05651796719278951,0.09409324963275849
2025-09-14,TikTok Ads,0,0,0.0,0.0,0.0,0.0,0.0,0.0,0.0,0.0
2025-09-15,TikTok Ads,0,0,0.0,0.0,0.0,0.0,0.0,0.0,0.0,0.0
2025-09-15,Google Ads,125989,1878,416.744807,3823.863956,10.0,0.0149060632277421,0.2219088429179978,3.307787243330767,0.023995499960722966,0.10898525988250403
2025-09-16,TikTok Ads,0,0,0.0,0.0,0.0,0.0,0.0,0.0,0.0,0.0
2025-09-16,Google Ads,119795,1955,405.140899,3260.252729,11.0,0.0163195458908969,0.2072331964194373,3.381951659084269,0.027151048011077254,0.12426671570466463
2025-09-17,TikTok Ads,0,0,0.0,0.0,0.0,0.0,0.0,0.0,0.0,0.0
2025-09-17,Google Ads,108678,2092,423.963713,3378.318244,14.0,0.0192495261230423,0.2026595186424474,3.9010996981909862,0.03302169400521313,0.12549549283966155
2025-09-18,Google Ads,92775,1866,384.639171,2934.457559,17.0,0.0201131770412287,0.2061303167202572,4.145935553759094,0.0441972666377237,0.1310767538008206
2025-09-18,TikTok Ads,0,0,0.0,0.0,0.0,0.0,0.0,0.0,0.0,0.0
2025-09-19,Google Ads,79597,2278,376.066334,3547.861992,12.0,0.0286191690641607,0.1650861870061457,4.724629496086536,0.031909264177845814,0.10599801650909312
2025-09-20,Google Ads,106763,3165,648.648457,4852.573015,19.0,0.0296451017674662,0.204944220221169,6.075592265110572,0.02929167532113624,0.13367103493238217
2025-09-21,Google Ads,88770,2849,500.143525,4240.209437,26.0,0.0320941759603469,0.1755505528255528,5.634150332319478,0.05198507768345097,0.11795255221021762
2025-09-22,Google Ads,80640,1925,413.723378,3353.853088,7.0,0.0238715277777777,0.2149212353246753,5.130498239087302,0.016919517658970675,0.12335763289104452
2025-09-23,Google Ads,128620,1707,616.814939,3314.880143,10.0,0.0132716529311149,0.3613444282366725,4.7956378401492765,0.01621231810016197,0.18607458260671117
2025-09-24,Google Ads,198624,1964,1064.001441,4244.350215,13.0,0.0098880296439503,0.5417522612016293,5.356862418438859,0.012218028565621085,0.2506865331799676
2025-09-25,Google Ads,134550,2404,1118.286044,3666.879622,13.0,0.0178669639539204,0.4651772229617304,8.311304674842066,0.01162493269924059,0.3049693906750234
2025-09-26,TikTok Ads,8799,0,20.15,0.0,0.0,0.0,0.0,2.29,0.0,0.0
2025-09-26,Google Ads,132969,2930,1320.056131,4221.042281,17.003747,0.022035211214644,0.4505311027303754,9.927548007430305,0.012881078766793744,0.31273226921746633
2025-09-27,Google Ads,143058,3418,1423.065868,4808.01141,16.0,0.0238924072753708,0.4163446073727326,9.947474926253687,0.011243330586297218,0.2959780555096478
2025-09-27,TikTok Ads,17467,0,42.29,0.0,0.0,0.0,0.0,2.42,0.0,0.0
2025-09-28,Google Ads,126324,3674,1228.206919,4095.117998,18.0,0.0290839428770463,0.3342969295046271,9.722672801684558,0.014655510990489706,0.2999197873174447
2025-09-28,TikTok Ads,18281,0,42.78,0.0,0.0,0.0,0.0,2.34,0.0,0.0
2025-09-29,TikTok Ads,17102,0,42.54,0.0,0.0,0.0,0.0,2.49,0.0,0.0
2025-09-29,Google Ads,110187,2054,925.399866,2864.304481,12.0,0.018641037508962,0.4505354751703992,8.398448691769447,0.012967367341287252,0.32308013066994884
2025-09-30,TikTok Ads,16584,0,41.56,0.0,0.0,0.0,0.0,2.51,0.0,0.0
2025-09-30,Google Ads,111407,1879,829.26837,2553.482976,10.000655,0.0168660856140098,0.4413349494411921,7.443593041729873,0.012059612257971445,0.32475970186378095
2025-10-01,TikTok Ads,19121,0,40.19,0.0,0.0,0.0,0.0,2.1,0.0,0.0
2025-10-01,Google Ads,121696,2182,1005.319039,3148.360617,15.0,0.0179299237444123,0.4607328318056828,8.260904540823033,0.01492063655227363,0.31931508530872976
2025-10-02,Google Ads,147049,2485,1472.783166,4716.263657,24.000686,0.0168991288618079,0.5926692820925553,10.01559457051731,0.016296143623901256,0.3122775300770255
2025-10-02,TikTok Ads,18686,0,40.75,0.0,0.0,0.0,0.0,2.18,0.0,0.0
2025-10-03,Google Ads,132620,2896,1296.518353,4792.06855,14.0,0.0218368270245815,0.4476928014502762,9.776190265419997,0.010798150267295137,0.2705550514297213
2025-10-03,TikTok Ads,19340,0,40.83,0.0,0.0,0.0,0.0,2.11,0.0,0.0
2025-10-04,Google Ads,149797,3684,1330.038294,5782.816207,27.000339,0.0245932829095375,0.3610310244299674,8.878938122926359,0.020300422267390747,0.2299983686823751
2025-10-04,TikTok Ads,19342,0,38.47,0.0,0.0,0.0,0.0,1.99,0.0,0.0
2025-10-05,Google Ads,129757,3188,1111.538632,4887.701014,28.0,0.0245690020576924,0.3486633099121706,8.566309578673984,0.025190307555590204,0.2274154308572034
2025-10-05,TikTok Ads,19237,0,37.51,0.0,0.0,0.0,0.0,1.95,0.0,0.0
2025-10-06,TikTok Ads,17926,0,37.39,0.0,0.0,0.0,0.0,2.09,0.0,0.0
2025-10-06,Google Ads,174316,2471,1259.312711,5520.090043,26.996223,0.0141754055852589,0.5096368721165521,7.224309363454876,0.02143726714118746,0.22813263935738304
2025-10-07,TikTok Ads,17068,0,38.01,0.0,0.0,0.0,0.0,2.23,0.0,0.0
2025-10-07,Google Ads,142792,2631,1093.953076,4299.546723,20.0,0.0184254019833043,0.4157936434815659,7.661165023250602,0.018282319816796237,0.2544345128634156
2025-10-08,Google Ads,155711,2403,1058.66673,4318.568594,20.0,0.0154324357302952,0.4405604369538077,6.798920628600419,0.01889168652726057,0.24514296970316915
2025-10-08,TikTok Ads,15995,0,37.29,0.0,0.0,0.0,0.0,2.33,0.0,0.0
2025-10-09,Google Ads,180520,2872,1277.947683,5717.890764,20.0,0.015909594504764,0.4449678561977716,7.079258159760692,0.015650092931073452,0.22349984211765542
2025-10-09,TikTok Ads,15966,0,36.76,0.0,0.0,0.0,0.0,2.3,0.0,0.0
2025-10-10,TikTok Ads,17566,0,37.58,0.0,0.0,0.0,0.0,2.14,0.0,0.0
2025-10-10,Google Ads,279346,4740,2272.423308,7008.431575,45.007351,0.0169682043057713,0.4794142,8.13479809268792,0.019805883367571938,0.3242413489640155
2025-10-11,Google Ads,358780,6317,2563.863021,8032.549349,48.0,0.0176068900161658,0.4058671871141364,7.146058924689225,0.018721749019679785,0.31918422279213066
2025-10-11,TikTok Ads,17101,0,34.72,0.0,0.0,0.0,0.0,2.03,0.0,0.0
2025-10-12,Google Ads,335646,6820,2273.565442,5759.298574,49.001512,0.0203190265934943,0.3333673668621701,6.773700392675616,0.021552716757031003,0.39476429512855465
2025-10-12,TikTok Ads,17636,0,34.86,0.0,0.0,0.0,0.0,1.98,0.0,0.0
2025-10-13,TikTok Ads,16174,0,33.98,0.0,0.0,0.0,0.0,2.1,0.0,0.0
2025-10-13,Google Ads,361767,5007,2487.659372,5607.725706,36.998689,0.0138404000364875,0.496836303574995,6.8764131941277125,0.014872891930640092,0.4436128838003476
2025-10-14,Google Ads,342768,4402,2406.771049,5209.72698,38.0,0.0128425057181533,0.5467448998182645,7.021574502287261,0.01578878889032207,0.46197642568209973
2025-10-14,TikTok Ads,15236,0,33.94,0.0,0.0,0.0,0.0,2.23,0.0,0.0
2025-10-15,Google Ads,349426,4573,2298.062004,5655.503786,38.0,0.0130871772564148,0.5025283192652525,6.576677190592572,0.01653567220286368,0.4063408125883977
2025-10-15,TikTok Ads,13922,0,32.7,0.0,0.0,0.0,0.0,2.35,0.0,0.0
2025-10-16,TikTok Ads,13915,0,33.14,0.0,0.0,0.0,0.0,2.38,0.0,0.0
2025-10-16,Google Ads,497015,4823,2436.135923,5828.423877,33.02518,0.009703932476887,0.5051080080862533,4.901534004003903,0.013556378233333905,0.4179750777244302
2025-10-17,TikTok Ads,14644,0,33.59,0.0,0.0,0.0,0.0,2.29,0.0,0.0
2025-10-17,Google Ads,361208,5159,2222.714484,5988.151673,31.995745,0.0142826293991273,0.4308421174646249,6.153558293282542,0.014394896524190733,0.3711854016694343
2025-10-18,TikTok Ads,14516,0,30.94,0.0,0.0,0.0,0.0,2.13,0.0,0.0
2025-10-18,Google Ads,415718,6979,2627.636415,7997.509134,76.999661,0.0167878225143005,0.376506149161771,6.320718407670585,0.02930377298793829,0.3285568507610785
2025-10-19,TikTok Ads,13797,0,29.35,0.0,0.0,0.0,0.0,2.13,0.0,0.0
2025-10-19,Google Ads,402889,5455,2244.957385,5451.500297,57.0,0.0135397094485081,0.4115412254812099,5.572148619098561,0.025390236973251053,0.41180542285495547
2025-10-20,Google Ads,383917,4450,2108.708877,5195.596321,54.0,0.0115910470231846,0.4738671633707865,5.492616573373932,0.025608086819847914,0.40586464896759633
2025-10-20,TikTok Ads,12737,0,28.54,0.0,0.0,0.0,0.0,2.24,0.0,0.0
2025-10-21,TikTok Ads,11039,0,27.18,0.0,0.0,0.0,0.0,2.46,0.0,0.0
2025-10-21,Google Ads,325060,3406,1842.031812,4996.620968,56.0,0.0104780655878914,0.5408196746917205,5.666744022641974,0.030401212202300448,0.3686555021477466
2025-10-22,TikTok Ads,9722,0,25.24,0.0,0.0,0.0,0.0,2.6,0.0,0.0
2025-10-22,Google Ads,255117,2758,1521.936202,4322.31855,55.0,0.0108107260590238,0.5518260340826686,5.965640086705316,0.0361381770981751,0.35211106825988103
2025-10-23,Google Ads,230659,3063,1404.578944,3883.750564,57.0,0.0132793430995538,0.4585631550767221,6.08941746907773,0.04058155666044214,0.3616552919282692
2025-10-23,TikTok Ads,8995,0,22.95,0.0,0.0,0.0,0.0,2.55,0.0,0.0
2025-10-24,Google Ads,242643,3554,1452.736397,4152.332489,46.0,0.0146470328837015,0.4087609445694992,5.987134996682369,0.03166438184862247,0.3498603256960909
2025-10-24,TikTok Ads,5910,0,13.93,0.0,0.0,0.0,0.0,2.36,0.0,0.0
2025-10-25,TikTok Ads,4005,0,8.84,0.0,0.0,0.0,0.0,2.21,0.0,0.0
2025-10-25,Google Ads,236121,4679,1457.863502,5691.108986,60.0,0.019816111231106,0.3115758713400299,6.174222123402831,0.04115611641123313,0.2561650999104588
2025-10-26,Google Ads,221027,3919,1343.099019,3605.448419,41.0,0.0177308654598759,0.3427147279918346,6.0766287331412006,0.030526416459246926,0.3725192716451396
2025-10-26,TikTok Ads,825,0,1.63,0.0,0.0,0.0,0.0,1.98,0.0,0.0
2025-10-27,TikTok Ads,0,0,0.0,0.0,0.0,0.0,0.0,0.0,0.0,0.0
2025-10-27,Google Ads,209483,3408,1191.517165,3162.49011,46.0,0.0162686232295699,0.3496235812793427,5.68789431600655,0.03860624198393315,0.3767654991970868
2025-10-28,Google Ads,214416,3371,1129.45462,3035.531464,48.973026,0.0157217744944407,0.3350503174132305,5.267585534661592,0.043359888155577245,0.372078047417663
2025-10-29,Google Ads,233813,3156,1262.39317,3063.806981,42.0,0.0134979663235149,0.3999978358681876,5.399157318027655,0.033270141979617966,0.41203417115655433
2025-10-30,Google Ads,250886,3690,1495.906485,2984.364898,44.997186,0.0147078752899723,0.4053947113821138,5.96249485822246,0.030080213202632114,0.5012478487474825
2025-10-30,TikTok Ads,13255,5,38.98,5.0,0.0,0.04,7.8,2.94,0.0,7.795999999999999
2025-10-31,TikTok Ads,25618,9,77.64,9.0,0.0,0.04,8.63,3.03,0.0,8.626666666666667
2025-10-31,Google Ads,263961,4358,1556.290149,3360.682249,38.0,0.0165100147370255,0.3571110943093162,5.8959094298021295,0.024417040758381105,0.46308756189701883
2025-11-01,TikTok Ads,28983,15,74.28,15.0,0.0,0.05,4.95,2.56,0.0,4.952
2025-11-01,Google Ads,164075,5279,1376.818581,3667.506123,60.0,0.0321743105287216,0.2608104908126539,8.391397720554625,0.043578726222899516,0.37541002927454414
2025-11-02,Google Ads,131757,5413,1189.515936,3109.214834,73.0,0.0410832062053629,0.2197516970256789,9.028104282884401,0.06136950148434161,0.3825775957943986
2025-11-02,TikTok Ads,27761,21,68.81,21.0,0.0,0.08,3.28,2.48,0.0,3.276666666666667
2025-11-03,TikTok Ads,25771,7,67.53,7.0,0.0,0.03,9.65,2.62,0.0,9.647142857142857
2025-11-03,Google Ads,137016,4322,1143.508835,2483.757056,38.0,0.0315437613125474,0.2645786291068949,8.345805124948912,0.03323105063722573,0.4603948007868287
2025-11-04,TikTok Ads,26857,10,69.31,10.0,0.0,0.04,6.93,2.58,0.0,6.931
2025-11-04,Google Ads,128066,4062,1077.652603,2852.99699,80.0,0.0317180203957334,0.2653009854751353,8.414822068308528,0.07423542594087716,0.3777265124279013
2025-11-05,Google Ads,94241,2412,752.142106,2287.548573,28.0,0.0255939559215203,0.3118333772802653,7.981049712969939,0.037227007737817036,0.3287983105047711
2025-11-05,TikTok Ads,25235,16,67.83,16.0,0.0,0.06,4.24,2.69,0.0,4.239375
2025-11-06,Google Ads,98348,2292,824.690432,2791.90054,19.0,0.0233049985764835,0.3598125794066317,8.385431650872412,0.023038948025530144,0.29538675185040797
2025-11-06,TikTok Ads,22915,11,65.24,11.0,0.0,0.05,5.93,2.85,0.0,5.930909090909091
2025-11-07,Google Ads,337113,4363,2304.44398,4956.126773,24.0,0.0129422478516105,0.5281787714875086,6.835820570550527,0.010414659765346087,0.46496873174313375
2025-11-07,TikTok Ads,20477,8,59.9,8.0,0.0,0.04,7.49,2.93,0.0,7.4875
2025-11-08,Google Ads,269152,6471,1821.521569,6820.312417,53.0,0.0240421769111877,0.2814899658476279,6.767631557632861,0.02909655361868515,0.2670730397129255
2025-11-08,TikTok Ads,17885,15,46.16,15.0,0.0,0.08,3.08,2.58,0.0,3.0773333333333333
2025-11-09,Google Ads,291920,6305,1722.909809,5868.443298,38.0,0.0215983831186626,0.2732608737509913,5.901993042614415,0.022055710520364216,0.29358889939128796
2025-11-09,TikTok Ads,15071,5,40.19,5.0,0.0,0.03,8.04,2.67,0.0,8.038
2025-11-10,TikTok Ads,14680,9,41.48,9.0,0.0,0.06,4.61,2.83,0.0,4.608888888888888
2025-11-10,Meta Ads,355671,868,625.72,634.0,0.0,0.3709589722222222,1.320775,1.904178111111111,0.0,0.9869400630914827
2025-11-10,Google Ads,204486,4616,1590.318204,3563.709871,15.0,0.0225736725252584,0.3445230077989601,7.77714955547079,0.009432074639070157,0.4462535564248238
2025-11-11,TikTok Ads,19862,875,86.18,875.0,0.0,4.41,0.1,4.34,0.0,0.09849142857142858
2025-11-11,Google Ads,209577,4515,1780.323859,4217.470585,20.0,0.021543394551883,0.3943131470653377,8.494843704223268,0.011233911121785399,0.4221307115530244
2025-11-11,Meta Ads,383238,1013,722.7900000000001,761.0,0.0,0.29209731578947373,1.5099302894736841,1.909569763157895,0.0,0.9497897503285152
2025-11-12,Meta Ads,796486,2020,1637.3300000000002,1362.0,0.0,0.2669845121951219,1.452023170731707,1.9028052926829269,0.0,1.202151248164464
2025-11-12,TikTok Ads,18801,937,80.31,937.0,0.0,4.98,0.09,4.27,0.0,0.08570971184631804
2025-11-12,Google Ads,281613,5073,2357.104561,4741.330231,27.0,0.0180140831566724,0.4646372089493396,8.370013319697598,0.01145473155783351,0.4971399261727568
2025-11-13,Meta Ads,1091139,3791,2872.8099999999995,1981.0,0.0,0.33442208888888886,1.1679188,2.1194189555555556,0.0,1.4501817264008074
2025-11-13,TikTok Ads,18344,1227,87.77,1227.0,0.0,6.69,0.07,4.78,0.0,0.0715321923390383
2025-11-13,Google Ads,292351,5039,2315.192481,4994.974629,13.0,0.0172361305417118,0.4594547491565787,7.919222034472262,0.005615083889001279,0.46350435246625155
2025-11-14,Meta Ads,881635,3011,2092.7299999999996,1899.0,0.0,0.39629645454545454,1.4388049772727272,2.3333423409090908,0.0,1.1020168509741968
2025-11-14,Google Ads,315739,5056,2204.510656,5393.91266,35.0,0.0160132261139738,0.4360187215189873,6.982066377609355,0.015876539269493103,0.4087034394064512
2025-11-14,TikTok Ads,16957,1334,90.39,1334.0,0.0,7.87,0.07,5.33,0.0,0.06775862068965517
2025-11-15,TikTok Ads,16921,756,77.07,756.0,0.0,4.47,0.1,4.55,0.0,0.10194444444444443
2025-11-15,Google Ads,308551,6667,2259.916051,7277.432109,60.0,0.0216074490116706,0.3389704591270436,7.324286912050197,0.02654965876871857,0.310537565607127
2025-11-15,Meta Ads,841333,2382,1702.5500000000002,1681.0,0.0,0.299845375,1.32033585,1.9841106,0.0,1.012819750148721
2025-11-16,Meta Ads,626493,2054,1197.3300000000002,1544.0,0.0,0.3229761944444445,1.169507138888889,1.9090204166666669,0.0,0.7754727979274613
2025-11-16,TikTok Ads,16845,1058,80.79,1058.0,0.0,6.28,0.08,4.8,0.0,0.07636105860113422
2025-11-16,Google Ads,302907,6404,2085.982116,5762.247924,40.0,0.0211418025994777,0.3257311236727045,6.886543117194387,0.019175619816291848,0.3620083938616731
2025-11-17,Google Ads,206976,4494,1145.333298,4080.983931,28.0,0.0217126623376623,0.2548583217623498,5.533652684369202,0.02444703218608423,0.28065126385326117
2025-11-17,Meta Ads,426752,2985,889.5,1906.0,0.0,0.5127549090909092,1.4127701818181817,2.1034992424242422,0.0,0.4666841552990556
2025-11-17,TikTok Ads,16071,1037,77.23,1037.0,0.0,6.45,0.07,4.81,0.0,0.07447444551591129
2025-11-18,TikTok Ads,15100,624,73.93,624.0,0.0,4.13,0.12,4.9,0.0,0.11847756410256412
2025-11-18,Google Ads,285242,5602,1338.365306,4909.241092,33.0,0.0196394640340482,0.238908480185648,4.69203450403517,0.024656945194304076,0.27262162947771557
2025-11-18,Meta Ads,473557,3746,1037.61,2339.0,0.0,0.5885548333333332,1.3702280833333331,2.1986421666666667,0.0,0.44361265498076097
2025-11-19,TikTok Ads,14499,886,77.25,886.0,0.0,6.11,0.09,5.33,0.0,0.08718961625282166
2025-11-19,Meta Ads,614728,3888,1371.5,2502.0,0.0,0.544062558139535,1.8750018139534887,2.4454721627906975,0.0,0.5481614708233413
2025-11-19,Google Ads,250100,4689,1280.383604,5033.145236,25.0,0.01874850059976,0.2730611226274259,5.11948662135146,0.019525398421143793,0.25439035512862757
2025-11-20,Google Ads,243959,5496,1450.897175,6211.721807,54.0,0.0225283756696822,0.2639914801673944,5.947299238806521,0.037218350776649624,0.2335740749633993
2025-11-20,Meta Ads,666671,3963,1509.5800000000002,2495.0,0.0,0.640038558139535,1.4610532790697675,2.686416093023256,0.0,0.6050420841683367
2025-11-20,TikTok Ads,15321,870,74.49,870.0,0.0,5.68,0.09,4.86,0.0,0.0856206896551724
2025-11-21,Google Ads,299560,4702,1554.02217,7155.301877,39.0,0.0156963546534917,0.3305023755848574,5.187682501001468,0.025096167064334738,0.21718471096170636
2025-11-21,Meta Ads,776099,3944,1679.4099999999999,2445.0,0.0,0.6123195833333334,1.2823241458333332,2.6588135416666665,0.0,0.6868752556237219
2025-11-21,TikTok Ads,15006,829,65.77,829.0,0.0,5.52,0.08,4.38,0.0,0.07933655006031362
2025-11-22,TikTok Ads,14718,843,64.4,843.0,0.0,5.73,0.08,4.38,0.0,0.0763938315539739
2025-11-22,Google Ads,313532,6281,1637.02001,8711.956566,61.0,0.0200330428791957,0.2606304744467441,5.221221470216756,0.037262831014509105,0.18790497835914025
2025-11-22,Meta Ads,852930,3226,1680.3,1975.0,0.0,0.5351165,1.519254833333333,2.4778170000000004,0.0,0.8507848101265822
2025-11-23,Google Ads,279148,5920,1522.827186,7565.282151,69.0,0.0212073881955091,0.2572343219594594,5.455268123002851,0.04531045980420263,0.20129152563050254
2025-11-23,TikTok Ads,16389,900,65.58,900.0,0.0,5.49,0.07,4.0,0.0,0.07286666666666666
2025-11-23,Meta Ads,790300,2420,1392.8800000000003,1456.0,0.0,0.4727155555555555,1.0660135777777775,2.1801735111111107,0.0,0.9566483516483518
2025-11-24,TikTok Ads,12954,850,62.32,850.0,0.0,6.56,0.07,4.81,0.0,0.07331764705882353
2025-11-24,Meta Ads,951547,2923,1744.72,1844.0,0.0,0.50935114,1.4762811199999997,2.2465151999999997,0.0,0.9461605206073753
2025-11-24,Google Ads,221969,3097,1227.468793,5888.643917,47.0,0.0139523987583851,0.3963412311914756,5.529910901972799,0.038290179162216796,0.20844676810163454
2025-11-25,Meta Ads,1107398,3268,2338.0200000000004,2252.0,0.0,0.6437030377358489,1.5297960754716982,2.9576151132075474,0.0,1.0381971580817053
2025-11-25,Google Ads,216770,2651,1230.320358,5282.690938,42.0,0.0122295520597868,0.4640967023764617,5.6756947824883515,0.03413745023960662,0.23289652422214066
2025-11-25,TikTok Ads,29275,790,105.0,790.0,0.0,2.7,0.13,3.59,0.0,0.13291139240506328
2025-11-26,Google Ads,241817,2974,1325.931458,6157.069871,31.0,0.012298556346328,0.4458411089441829,5.483201999859397,0.02337979072218377,0.21535104940828761
2025-11-26,Meta Ads,1323394,3979,3143.81,2581.0,0.0,0.6095356724137931,1.750035482758621,3.3525601551724136,0.0,1.2180588919023634
2025-11-26,TikTok Ads,35751,811,120.58,811.0,0.0,2.27,0.15,3.37,0.0,0.1486806411837238
2025-11-27,Google Ads,238425,2881,1281.319854,6785.676855,42.0,0.0120834644018035,0.4447483005900728,5.374100257942749,0.03277870070371983,0.18882712533766835
2025-11-27,Meta Ads,1352543,3757,3560.92,2399.0,0.0,0.5428872833333334,1.9859819166666666,3.756107433333333,0.0,1.4843351396415174
2025-11-27,TikTok Ads,34901,696,131.9,696.0,0.0,1.99,0.19,3.78,0.0,0.18951149425287356
2025-11-28,Meta Ads,1205148,3362,3893.4299999999994,2205.0,0.0,0.514147372881356,2.1003935762711863,4.414407728813559,0.0,1.7657278911564622
2025-11-28,TikTok Ads,30427,716,125.88,716.0,0.0,2.35,0.18,4.14,0.0,0.17581005586592177
2025-11-28,Google Ads,241520,2638,1389.68012,7171.396957,37.0,0.0109224908910235,0.5267930705079606,5.753892514077509,0.026624832195196114,0.19378095067566067
2025-11-29,Meta Ads,1239952,3514,3855.87,2255.0,0.0,0.6145701454545455,1.8490817999999996,4.5788875454545455,0.0,1.709920177383592
2025-11-29,TikTok Ads,33029,884,128.63,884.0,0.0,2.68,0.15,3.89,0.0,0.14550904977375564
2025-11-29,Google Ads,268694,3754,1330.967562,8505.578003,49.0,0.0139712833185705,0.3545465002663825,4.9534696048292854,0.03681532247590569,0.15648173016937295
2025-11-30,TikTok Ads,19422,1015,79.69,1015.0,0.0,5.23,0.08,4.1,0.0,0.07851231527093595
2025-11-30,Google Ads,264431,4138,1216.003556,7770.433402,61.0,0.0156486947445647,0.2938626283228612,4.598566567459942,0.05016432698655694,0.15649108525748612
2025-11-30,Meta Ads,684172,2424,1656.9099999999999,1504.0,0.0,0.5690200192307693,1.587578096153846,3.365407769230769,0.0,1.1016688829787233
2025-12-01,Meta Ads,375848,1507,690.0000000000001,1050.0,0.0,0.5557748292682927,1.2219243658536587,2.6456949756097563,0.0,0.6571428571428573
2025-12-01,Google Ads,309582,2864,1265.759928,6824.614293,34.0,0.0092511838543584,0.441955282122905,4.088609570323856,0.026861333850031633,0.18546981172229596
2025-12-01,TikTok Ads,19609,968,69.13,968.0,0.0,4.94,0.07,3.53,0.0,0.07141528925619835
2025-12-02,Meta Ads,308364,1082,544.11,786.0,0.0,0.40654169230769227,0.7152583846153847,1.732207,0.0,0.6922519083969466
2025-12-02,TikTok Ads,19715,1040,72.75,1040.0,0.0,5.28,0.07,3.69,0.0,0.06995192307692308
2025-12-02,Google Ads,322058,1704,1609.182223,6493.926926,6.0,0.0052909724335368,0.9443557646713616,4.996560318327755,0.0037286019657948957,0.24779801826183961
2025-12-03,Google Ads,296774,1484,1562.522343,6614.933798,5.0,0.0050004380437639,1.0529126300539082,5.265024372081113,0.0031999542421903143,0.23621133494524507
2025-12-03,TikTok Ads,23820,1024,76.29,1024.0,0.0,4.3,0.07,3.2,0.0,0.074501953125
2025-12-03,Meta Ads,319949,1146,575.75,803.0,0.0,0.46505226086956525,0.8850166086956522,2.010619565217391,0.0,0.7169987546699875
2025-12-04,Google Ads,274926,1907,1486.120243,6687.814711,5.0,0.0069364119799509,0.7792974530676455,5.405528189403695,0.003364465307266526,0.22221313047977476
2025-12-04,TikTok Ads,29208,1037,91.14,1037.0,0.0,3.55,0.09,3.12,0.0,0.08788813886210221
2025-12-04,Meta Ads,363107,1225,657.8799999999999,848.0,0.0,0.5557892727272727,1.1072069090909091,2.333257454545454,0.0,0.7758018867924527
2025-12-05,TikTok Ads,27808,905,91.44,905.0,0.0,3.25,0.1,3.29,0.0,0.10103867403314917
2025-12-05,Google Ads,257714,1774,1503.329472,7031.626626,10.0,0.0068835996492235,0.847423603156708,5.833324817433279,0.006651901786170797,0.21379540637742614
2025-12-05,Meta Ads,443735,1364,805.46,943.0,0.0,0.5505920869565217,1.2027044782608696,2.4170283913043478,0.0,0.8541463414634147
2025-12-06,Meta Ads,714005,1985,1366.66,1351.0,0.0,0.41029630769230774,1.6049685641025642,2.742615743589744,0.0,1.0115914137675797
2025-12-06,TikTok Ads,26033,1018,97.27,1018.0,0.0,3.91,0.1,3.74,0.0,0.09555009823182711
2025-12-06,Google Ads,263661,2495,1718.621892,8369.72976,11.0,0.0094629088109352,0.6888264096192385,6.518301500790788,0.006400477063165445,0.20533779958028178
2025-12-07,Meta Ads,585432,2059,1061.7700000000002,1373.0,0.0,0.5113293333333334,1.0692297222222222,2.7147303055555554,0.0,0.7733211944646761
2025-12-07,TikTok Ads,26315,848,94.33,848.0,0.0,3.22,0.11,3.58,0.0,0.11123820754716982
2025-12-07,Google Ads,300167,2693,1726.157828,6799.02844,10.0,0.0089716724356774,0.6409795128109915,5.750658226920348,0.005793213017830719,0.2538830133206503
2025-12-08,Meta Ads,612417,1860,1036.4499999999998,1256.0,0.0,0.49711453846153847,1.2765477692307694,2.5024426410256413,0.0,0.8251990445859871
2025-12-08,Google Ads,362660,2016,1776.658973,6592.638235,13.0,0.0055589257155462,0.8812792524801587,4.8989658991893235,0.007317104856678649,0.2694913492397934
2025-12-08,TikTok Ads,29389,1057,99.44,1057.0,0.0,3.6,0.09,3.38,0.0,0.09407757805108798
2025-12-09,TikTok Ads,30672,1027,94.18,1027.0,0.0,3.35,0.09,3.07,0.0,0.09170399221032133
2025-12-09,Meta Ads,720839,2071,1260.35,1372.0,0.0,0.5265961621621623,1.1130676486486486,2.4592448648648646,0.0,0.9186224489795918
2025-12-09,Google Ads,317546,2112,1654.617702,5977.056436,16.0,0.0066510048937791,0.7834364119318182,5.210639409723315,0.009669907423727055,0.2768281878742495
2025-12-10,TikTok Ads,30615,744,93.45,744.0,0.0,2.43,0.13,3.05,0.0,0.12560483870967742
2025-12-10,Meta Ads,693532,2252,1305.1,1529.0,0.0,0.4516771052631579,1.3167007105263158,2.6464411578947367,0.0,0.8535644211903204
2025-12-10,Google Ads,320585,1629,1802.11107,6299.237237,5.0,0.0050813356832041,1.106268305709024,5.621320616997052,0.002774523770058191,0.28608401338099976
2025-12-11,TikTok Ads,28815,767,94.49,767.0,0.0,2.66,0.12,3.28,0.0,0.12319426336375489
2025-12-11,Meta Ads,818189,2608,1625.5100000000002,1843.0,0.0,0.45407254999999996,1.409652925,2.7787682499999997,0.0,0.8819913185024418
2025-12-11,Google Ads,317505,1717,1840.839588,7212.481813,10.0,0.0054077888537188,1.0721255608619684,5.797828657816412,0.005432303860253574,0.25522970258060323
2025-12-12,Meta Ads,880207,2976,1795.6300000000003,2072.0,0.0,0.4965456923076924,1.6531546410256412,2.850855615384615,0.0,0.8666167953667955
2025-12-12,TikTok Ads,29014,1258,101.73,1258.0,0.0,4.34,0.08,3.51,0.0,0.0808664546899841
2025-12-12,Google Ads,280021,1950,1848.049053,7536.020682,12.0,0.0069637634320283,0.9477174630769232,6.5996802132697185,0.006493334135541477,0.2452287660799708
2025-12-13,TikTok Ads,29979,937,92.54,937.0,0.0,3.13,0.1,3.09,0.0,0.09876200640341516
2025-12-13,Google Ads,276686,2287,1766.735467,7791.753443,5.0,0.0082656874579848,0.7725122286838653,6.38534463977216,0.0028300784658442588,0.226744272637016
2025-12-13,Meta Ads,821658,3225,1666.3999999999999,2278.0,0.0,0.5729622222222223,1.3934468333333334,2.898910388888888,0.0,0.7315188762071992
2025-12-14,Google Ads,303606,2774,1823.450394,7537.69335,6.0,0.0091368418278953,0.657336118961788,6.005976146716468,0.0032904651641430943,0.24191092809579473
2025-12-14,Meta Ads,616514,3029,1200.1200000000001,2080.0,0.0,0.666532125,0.9979819062499999,2.8227581875,0.0,0.5769807692307692
2025-12-14,TikTok Ads,30583,1142,92.57,1142.0,0.0,3.73,0.08,3.03,0.0,0.08105954465849387
2025-12-15,TikTok Ads,30421,964,88.06,964.0,0.0,3.17,0.09,2.89,0.0,0.09134854771784233
2025-12-15,Google Ads,275162,1891,1497.642103,6251.410014,9.0,0.0068723152179443,0.791984189846642,5.442765000254395,0.006009446437150546,0.23956868924707198
2025-12-15,Meta Ads,621420,2829,1166.2,2015.0,0.0,0.6151809743589742,0.9682318205128203,2.073354487179487,0.0,0.5787593052109181
2025-12-16,Google Ads,218888,2047,1354.756694,6445.469745,12.0,0.0093518146266583,0.6618254489496824,6.18926891378239,0.008857679060119117,0.21018742583516695
2025-12-16,Meta Ads,734944,3167,1385.29,2227.0,0.0,0.631608268292683,1.0439876829268293,2.188195219512195,0.0,0.6220431073192636
2025-12-16,TikTok Ads,28378,1030,84.94,1030.0,0.0,3.63,0.08,2.99,0.0,0.08246601941747572
2025-12-17,Google Ads,198815,1638,1138.305361,5861.358334,9.0,0.008238814978749,0.6949361178266178,5.72545009682368,0.007906490040680746,0.1942050453385572
2025-12-17,TikTok Ads,28140,839,83.48,839.0,0.0,2.98,0.1,2.97,0.0,0.0994994040524434
2025-12-17,Meta Ads,746176,3137,1429.03,2258.0,0.0,0.5780186666666667,1.3362441666666665,2.1291239761904763,0.0,0.6328742249778565
2025-12-18,Meta Ads,720446,2820,1398.3699999999997,1890.0,0.0,0.6011216511627907,1.2435583488372093,2.3252342325581394,0.0,0.7398783068783067
2025-12-18,TikTok Ads,25010,838,80.14,838.0,0.0,3.35,0.1,3.2,0.0,0.09563245823389022
2025-12-18,Google Ads,130210,1435,913.899902,4784.041667,10.0,0.0110206589355656,0.636864043205575,7.018661408493971,0.010942117378627315,0.19103092439683803
2025-12-19,Meta Ads,820241,2861,1629.5000000000002,2087.0,0.0,0.5474747826086955,1.4206416739130432,2.392287239130434,0.0,0.7807858169621468
2025-12-19,Google Ads,126111,1611,903.147636,5412.837662,10.0,0.0127744605942384,0.5606130577281192,7.161529414563361,0.01107238684063831,0.16685289535660935
2025-12-19,TikTok Ads,25731,996,83.03,996.0,0.0,3.87,0.08,3.23,0.0,0.08336345381526104
2025-12-20,TikTok Ads,25104,858,82.64,858.0,0.0,3.42,0.1,3.29,0.0,0.09631701631701632
2025-12-20,Google Ads,139804,2139,943.358881,6249.678242,12.0,0.0152999914165546,0.44102799485741,6.747724535778661,0.012720503555634624,0.1509451918116843
2025-12-20,Meta Ads,982776,3633,1871.5099999999995,2718.0,0.0,0.5935075777777777,1.2686626,2.390111533333333,0.0,0.6885614422369387
2025-12-21,Meta Ads,985893,3742,1669.8300000000002,2792.0,0.0,0.5925674666666666,1.3743245555555557,2.1827316444444445,0.0,0.59807664756447
2025-12-21,Google Ads,126134,2394,842.511051,5406.592812,22.0,0.0189798151172562,0.3519260864661654,6.679492056067357,0.026112417129588488,0.15583031315582638
2025-12-21,TikTok Ads,27991,799,82.57,799.0,0.0,2.85,0.1,2.95,0.0,0.10334167709637046
2025-12-22,Meta Ads,850122,3415,1450.69,2448.0,0.0,0.5949402558139534,0.8605468139534885,2.140496906976744,0.0,0.5926021241830065
2025-12-22,TikTok Ads,26926,976,81.74,976.0,0.0,3.62,0.08,3.04,0.0,0.08374999999999999
2025-12-22,Google Ads,143444,2143,807.251541,6289.949578,5.0,0.0149396280081425,0.3766922729818012,5.627642431889797,0.006193856246847351,0.12833990654288835
2025-12-23,Google Ads,145409,2316,835.069567,5568.548153,9.0,0.015927487294459,0.3605654434369603,5.742901519163188,0.010777545195824386,0.14996181123981384
2025-12-23,TikTok Ads,25875,779,81.88,779.0,0.0,3.01,0.11,3.16,0.0,0.10510911424903722
2025-12-23,Meta Ads,804135,3211,1487.8000000000002,2380.0,0.0,0.5807988536585366,1.0820170243902438,2.186014146341463,0.0,0.6251260504201681
2025-12-24,Meta Ads,895736,3625,1566.88,2637.0,0.0,0.5817622926829267,1.0483311707317071,2.060667512195122,0.0,0.594190367842245
2025-12-24,TikTok Ads,30440,866,79.95,866.0,0.0,2.84,0.09,2.63,0.0,0.09232101616628176
2025-12-24,Google Ads,152515,2212,765.111141,4089.246491,13.0,0.0145034914598564,0.3458911125678119,5.016628797167491,0.016990995560473742,0.18710320903470332
2025-12-25,Meta Ads,998849,4844,1404.73,3603.0,0.0,0.646497219512195,0.6809190243902439,1.805000268292683,0.0,0.3898778795448238
2025-12-25,TikTok Ads,30600,1062,78.99,1062.0,0.0,3.47,0.07,2.58,0.0,0.07437853107344632
2025-12-25,Google Ads,145832,2550,779.226059,3370.977577,12.0,0.0174858741565637,0.3055788466666667,5.343313257721213,0.015399895654670348,0.23115729523584427
2025-12-26,Google Ads,164669,2559,790.53278,6478.958639,10.0,0.0155402656237664,0.3089225400547088,4.800738329618811,0.01264969682851102,0.12201540772947662
2025-12-26,Meta Ads,943337,4385,1273.42,3113.0,0.0,0.6899948108108108,0.6122439729729731,1.599805945945946,0.0,0.4090652104079666
2025-12-26,TikTok Ads,30730,1008,74.82,1008.0,0.0,3.28,0.07,2.43,0.0,0.07422619047619047
2025-12-27,TikTok Ads,33573,1431,85.52,1431.0,0.0,4.26,0.06,2.55,0.0,0.059762403913347306
2025-12-27,Meta Ads,1026238,4570,1421.8799999999999,3251.0,0.0,0.668723081081081,0.6499894324324326,1.670641324324324,0.0,0.4373669640110735
2025-12-27,Google Ads,161880,2602,777.593991,5915.100001,10.0,0.0160736347912033,0.2988447313604919,4.803521071163825,0.012860181683168383,0.13145914538529202
2025-12-28,TikTok Ads,32098,1527,83.09,1527.0,0.0,4.76,0.05,2.59,0.0,0.05441388343156516
2025-12-28,Google Ads,167823,2676,822.326152,5747.143884,11.0,0.0159453710158917,0.3072967683109118,4.899960982702013,0.013376687550610698,0.14308431607034391
2025-12-28,Meta Ads,1039085,4477,1425.36,3255.0,0.0,0.6898685999999999,0.669479057142857,1.6932273142857144,0.0,0.4378986175115207
2025-12-29,Meta Ads,943490,4095,1260.9799999999998,2946.0,0.0,0.6986124444444445,0.6890882777777777,1.5851444999999997,0.0,0.4280312287847929
2025-12-29,Google Ads,161702,3175,813.176125,6761.125169,15.0,0.0196348839222767,0.2561184645669291,5.028856322123412,0.018446188394918753,0.12027230744498586
2025-12-29,TikTok Ads,33576,1579,79.37,1579.0,0.0,4.7,0.05,2.36,0.0,0.05026599113362888
2025-12-30,Meta Ads,905710,3944,1271.8299999999997,2782.0,0.0,0.6704187428571428,0.7024187428571428,1.7419580000000001,0.0,0.4571639108554995
2025-12-30,Google Ads,176257,3027,738.370345,6704.115073,10.0,0.0171737860056621,0.2439280954740667,4.189168912440357,0.013543339149136602,0.11013688413161282
2025-12-30,TikTok Ads,29421,1634,73.63,1634.0,0.0,5.55,0.05,2.5,0.0,0.04506119951040392
2025-12-31,Google Ads,151027,2352,622.133309,4276.719378,8.0,0.015573374297311,0.2645124613095237,4.1193515662762294,0.012858980357214726,0.14546975239954593
2025-12-31,TikTok Ads,21654,1094,50.26,1094.0,0.0,5.05,0.05,2.32,0.0,0.04594149908592322
2025-12-31,Meta Ads,774991,3861,1031.66,2557.0,0.0,0.7763547575757576,0.7642379393939395,1.481445,0.0,0.4034649980445835
2026-01-01,Meta Ads,1061201,4808,978.25,3427.0,0.0,0.7452415217391305,0.3620937826086956,1.1646402173913044,0.0,0.2854537496352495
2026-01-01,TikTok Ads,54,4,0.0,4.0,0.0,7.41,0.0,0.0,0.0,0.0
2026-01-01,Google Ads,136922,2773,650.545403,4069.975094,6.0,0.0202524064796015,0.234599856833754,4.75121166065351,0.009223030356268615,0.15984014348368883
2026-01-02,TikTok Ads,5,2,0.0,2.0,0.0,40.0,0.0,0.0,0.0,0.0
2026-01-02,Google Ads,609,13,6.021053,23.0,0.0,0.0213464696223316,0.463157923076923,9.886786535303777,0.0,0.2617849130434783
2026-01-02,Meta Ads,862772,4053,889.97,2830.0,0.0,0.8093081363636364,0.48178654545454547,1.3309391363636367,0.0,0.31447703180212017
2026-01-03,Google Ads,630,10,4.978249,22.0,0.0,0.0158730158730158,0.4978249,7.90198253968254,0.0,0.22628404545454545
2026-01-03,TikTok Ads,3,0,0.0,0.0,0.0,0.0,0.0,0.0,0.0,0.0
2026-01-03,Meta Ads,928398,4232,1000.94,3008.0,0.0,0.86806115,0.50545075,1.5336879999999997,0.0,0.33275930851063834
2026-01-04,TikTok Ads,6,0,0.0,0.0,0.0,0.0,0.0,0.0,0.0,0.0
2026-01-04,Meta Ads,888391,3998,978.22,2867.0,0.0,0.8824104090909092,0.5199964545454545,1.482736181818182,0.0,0.3411998604813394
2026-01-05,Meta Ads,713375,3492,868.68,2407.0,0.0,0.8521048260869566,0.5174165217391303,1.5449495217391305,0.0,0.3608973826339842
2026-01-05,TikTok Ads,8,1,0.0,1.0,0.0,12.5,0.0,0.0,0.0,0.0
2026-01-05,Google Ads,17,2,0.822178,0.0,0.0,0.1176470588235294,0.411089,48.36341176470588,0.0,0.0
2026-01-06,Meta Ads,492327,2723,667.6,1965.0,0.0,0.9208100000000001,0.6608041499999999,1.7403366499999997,0.0,0.33974554707379134
2026-01-06,TikTok Ads,0,0,0.0,0.0,0.0,0.0,0.0,0.0,0.0,0.0
2026-01-06,Google Ads,185243,1768,1023.364977,3943.636366,8.0,0.009544220294424,0.5788263444570135,5.524446143713932,0.007817347847345767,0.25949780406300266
2026-01-07,Google Ads,229373,1867,1020.565231,5246.635283,5.0,0.0081395805086038,0.5466337605784681,4.449369502949344,0.004899245876817451,0.1945180436511009
2026-01-07,TikTok Ads,2,0,0.0,0.0,0.0,0.0,0.0,0.0,0.0,0.0
2026-01-07,Meta Ads,482700,2493,675.76,1769.0,0.0,0.925868894736842,0.9267682631578947,1.8124557894736844,0.0,0.3820011305822498
2026-01-08,TikTok Ads,0,0,0.0,0.0,0.0,0.0,0.0,0.0,0.0,0.0
2026-01-08,Google Ads,343665,4757,1603.394245,6827.798325,12.0,0.013841968195772,0.3370599632121084,4.665573290850101,0.007484123157745275,0.23483327548342606
2026-01-08,Meta Ads,459720,2162,647.1999999999999,1466.0,0.0,0.9522241578947369,1.0607737368421053,1.8796053157894739,0.0,0.4414733969986357
2026-01-09,TikTok Ads,0,0,0.0,0.0,0.0,0.0,0.0,0.0,0.0,0.0
2026-01-09,Google Ads,562187,11984,2809.25718,9232.423066,11.0,0.021316750476265,0.2344173214285714,4.997015548207269,0.00391562583814416,0.30428167772614073
2026-01-09,Meta Ads,1191177,1848,1700.9,1257.0,0.0,0.595150423076923,1.0352874615384615,1.6808677692307692,0.0,1.353142402545744
2026-01-10,TikTok Ads,0,0,0.0,0.0,0.0,0.0,0.0,0.0,0.0,0.0
2026-01-10,Google Ads,633037,15069,3000.185369,10525.052213,7.0,0.0238042957994556,0.1990965139690755,4.739352311160327,0.002333189166352474,0.285051827609399
2026-01-10,Meta Ads,1572547,1944,2214.88,1303.0,0.0,0.11571436363636362,1.1457970909090909,1.1376442272727272,0.0,1.6998311588641597
2026-01-11,Meta Ads,1264558,1564,1960.4499999999998,1106.0,0.0,0.1283494782608696,0.861308043478261,1.0714173043478263,0.0,1.7725587703435803
2026-01-11,Google Ads,589993,14633,2449.230269,8145.841972,4.0,0.0248019891761427,0.1673771795940682,4.151286996625385,0.0016331661627035036,0.30067245073238946
2026-01-11,TikTok Ads,0,0,0.0,0.0,0.0,0.0,0.0,0.0,0.0,0.0
2026-01-12,TikTok Ads,0,0,0.0,0.0,0.0,0.0,0.0,0.0,0.0,0.0
2026-01-12,Google Ads,445411,13329,2148.961529,7137.578246,20.0,0.0299251702360291,0.1612245126416085,4.824670987020977,0.009306820866777834,0.30107712377154094
2026-01-12,Meta Ads,1110719,1385,1931.52,915.0,0.0,0.10882592,0.98969828,1.08660888,0.0,2.110950819672131
2026-01-13,Google Ads,495532,14207,2270.933472,7388.066761,14.0,0.0286701968793135,0.1598460950235799,4.582819014715498,0.006164865757899225,0.30737858027864134
2026-01-13,TikTok Ads,0,0,0.0,0.0,0.0,0.0,0.0,0.0,0.0,0.0
2026-01-13,Meta Ads,955368,1294,1796.5600000000002,860.0,0.0,0.11847360869565218,1.2834557391304349,1.3268550434782607,0.0,2.0890232558139537
2026-01-14,Google Ads,503858,13738,2137.326889,6884.138458,14.0,0.0272656184877485,0.1555777324938127,4.241923099365297,0.006550238090416875,0.310471223383985
2026-01-14,Meta Ads,772526,1131,1566.7800000000002,787.0,0.0,0.13204906666666666,1.1356093999999999,1.4240126,0.0,1.9908259212198223
2026-01-14,TikTok Ads,9413,0,11.98,0.0,0.0,0.0,0.0,1.27,0.0,0.0
2026-01-15,Meta Ads,1495226,1988,2983.2,1275.0,0.0,0.13008875862068964,1.312335103448276,1.4852901379310344,0.0,2.3397647058823527
2026-01-15,TikTok Ads,21494,0,34.65,0.0,0.0,0.0,0.0,1.61,0.0,0.0
2026-01-15,Google Ads,507270,13219,2445.335354,7052.690237,13.0,0.0260591006761685,0.1849864100158862,4.820579482326966,0.0053162442438559705,0.3467237709053519
2026-01-16,TikTok Ads,20387,0,33.66,0.0,0.0,0.0,0.0,1.65,0.0,0.0
2026-01-16,Meta Ads,1794925,2433,3309.17,1713.0,0.0,0.13422303571428568,1.6599438214285716,1.5054573571428573,0.0,1.9317980151780503
2026-01-16,Google Ads,521942,9887,2919.347996,7494.698887,8.0,0.0189427177732391,0.2952713660362092,5.593242153342708,0.0027403379148225396,0.3895217192866524
2026-01-17,TikTok Ads,20552,0,33.8,0.0,0.0,0.0,0.0,1.64,0.0,0.0
2026-01-17,Google Ads,555034,12578,3164.579814,8758.909025,22.0,0.0226616747802837,0.2515964234377484,5.70159632382881,0.0069519497984132685,0.36129839971708116
2026-01-17,Meta Ads,1911355,2334,3141.0800000000004,1612.0,0.0,0.13805226923076924,1.3890266923076926,1.5154335769230767,0.0,1.9485607940446652
2026-01-18,Google Ads,366121,8039,3031.229674,7499.177321,27.0,0.0219572217927952,0.377065514865033,8.279311140306074,0.00890727622244833,0.40420829435671907
2026-01-18,TikTok Ads,20265,0,33.46,0.0,0.0,0.0,0.0,1.65,0.0,0.0
2026-01-18,Meta Ads,981406,1300,1439.96,893.0,0.0,0.14129373076923077,1.5500160384615382,1.4627855769230769,0.0,1.6124972004479283
2026-01-19,Meta Ads,504715,616,604.63,357.0,0.0,0.1120189,1.2110048000000002,1.1327467,0.0,1.693641456582633
2026-01-19,TikTok Ads,17300,0,31.47,0.0,0.0,0.0,0.0,1.82,0.0,0.0
2026-01-19,Google Ads,227570,5658,1143.31319,6638.349732,19.0,0.0248626796150634,0.2020701997172145,5.024006635321001,0.01661836858542671,0.17222852608814618
2026-01-20,Google Ads,250294,4629,1123.847211,6004.651933,9.0,0.0184942507611049,0.2427840162022035,4.4901084764317165,0.008008206019385672,0.18716275706567254
2026-01-20,TikTok Ads,15140,0,30.59,0.0,0.0,0.0,0.0,2.02,0.0,0.0
2026-01-20,Meta Ads,514143,639,686.92,378.0,0.0,0.11615073913043482,1.3932165217391306,1.2529649565217393,0.0,1.8172486772486771
2026-01-21,Meta Ads,708568,1010,881.5899999999999,473.0,0.0,0.14691948387096776,1.1497040645161292,1.1569404193548387,0.0,1.863826638477801
2026-01-21,Google Ads,247465,4888,1214.496804,6334.858703,14.0,0.019752288202372,0.2484649762684124,4.907751819449215,0.011527407856398112,0.19171647876295184
2026-01-21,TikTok Ads,19038,0,33.74,0.0,0.0,0.0,0.0,1.77,0.0,0.0
2026-01-22,Meta Ads,877365,1338,1090.1299999999999,576.0,0.0,0.13950674193548385,1.2249584516129033,1.2192616774193548,0.0,1.8925868055555553
2026-01-22,TikTok Ads,19593,0,31.49,0.0,0.0,0.0,0.0,1.61,0.0,0.0
2026-01-22,Google Ads,244481,5124,1216.564015,5843.570174,8.0,0.0209586839059068,0.2374246711553473,4.976108634208793,0.006575897282314404,0.20818848388488606
2026-01-23,Google Ads,234361,4610,1266.257717,5919.481432,12.0,0.0196705083183635,0.2746762943600868,5.403022333067361,0.009476743824653825,0.21391362259450028
2026-01-23,Meta Ads,880322,1389,1113.1399999999999,637.0,0.0,0.1498935,1.3207796333333333,1.2798905333333332,0.0,1.7474725274725273
2026-01-23,TikTok Ads,18274,0,30.4,0.0,0.0,0.0,0.0,1.66,0.0,0.0
2026-01-24,Google Ads,222947,5503,1272.330549,6346.687047,18.0,0.0246829964072178,0.231206714337634,5.706874499320467,0.014147267008677317,0.20047160661583507
2026-01-24,Meta Ads,960226,1491,1186.0500000000002,712.0,0.0,0.1463706,1.3102329,1.2472450333333331,0.0,1.6658005617977532
2026-01-24,TikTok Ads,17731,0,30.78,0.0,0.0,0.0,0.0,1.74,0.0,0.0
2026-01-25,Meta Ads,1063879,1677,1232.31,822.0,0.0,0.14336156666666666,1.3304810333333335,1.1701984333333335,0.0,1.4991605839416058
2026-01-25,TikTok Ads,18244,0,28.72,0.0,0.0,0.0,0.0,1.57,0.0,0.0
2026-01-25,Google Ads,212033,5234,1177.231927,5231.936495,7.0,0.0246848367942725,0.2249201236148261,5.5521165431796,0.0059461520193717955,0.22500883336887675
2026-01-26,Google Ads,242934,3932,1191.088054,5259.304063,9.0,0.0161854660113446,0.3029216820956256,4.902928589658097,0.007556116417905069,0.2264725598163234
2026-01-26,TikTok Ads,14688,0,28.46,0.0,0.0,0.0,0.0,1.94,0.0,0.0
2026-01-26,Meta Ads,952170,1318,1125.88,606.0,0.0,0.1306129705882353,1.0682325588235295,1.1515252647058822,0.0,1.857887788778878
2026-01-27,TikTok Ads,14869,0,26.41,0.0,0.0,0.0,0.0,1.78,0.0,0.0
2026-01-27,Google Ads,180186,4484,1009.522607,5433.856266,9.0,0.0248853962017026,0.2251388508028546,5.602669502625065,0.008915104959110638,0.18578382599419313
2026-01-27,Meta Ads,1057573,1461,1363.7,671.0,0.0,0.13223454285714287,1.2120116571428572,1.286252257142857,0.0,2.032339791356185
2026-01-28,Google Ads,151654,4100,982.878252,4582.932697,11.0,0.0270352249198834,0.2397264029268292,6.481057222361428,0.011191620099047629,0.2144649107859242
2026-01-28,TikTok Ads,19483,0,30.18,0.0,0.0,0.0,0.0,1.55,0.0,0.0
2026-01-28,Meta Ads,1071394,1486,1422.86,707.0,0.0,0.13220405555555556,1.3157562499999997,1.3121995,0.0,2.0125318246110324
2026-01-29,Meta Ads,1078716,1523,1480.32,730.0,0.0,0.133402,1.2411648055555555,1.3564871111111112,0.0,2.027835616438356
2026-01-29,Google Ads,144415,4590,981.891882,5528.163813,11.0,0.0317834020011771,0.2139198,6.799098999411418,0.011202862760810563,0.1776162782461309
2026-01-29,TikTok Ads,31480,0,52.07,0.0,0.0,0.0,0.0,1.65,0.0,0.0
2026-01-30,TikTok Ads,52380,0,97.28,0.0,0.0,0.0,0.0,1.86,0.0,0.0
2026-01-30,Google Ads,141425,3586,966.11687,4825.561738,6.0,0.0253561958635319,0.2694135164528722,6.831301891461905,0.006210428765207257,0.20020816693569363
2026-01-30,Meta Ads,1068644,1463,1497.8100000000002,705.0,0.0,0.12897008333333332,1.3613342499999999,1.3776846666666664,0.0,2.124553191489362
2026-01-31,Meta Ads,1170171,1824,1553.8400000000004,815.0,0.0,0.15006663888888888,1.0891419999999998,1.3083155555555555,0.0,1.9065521472392644
2026-01-31,Google Ads,132304,5190,994.614533,5120.204321,16.0,0.0392278389164348,0.1916405651252408,7.5176452185874965,0.01608663403674597,0.1942528990338704
2026-01-31,TikTok Ads,47769,0,92.03,0.0,0.0,0.0,0.0,1.93,0.0,0.0
2026-02-01,Google Ads,126484,4847,895.290631,4267.816458,6.0,0.0383210524651339,0.1847102601609243,7.078291570475317,0.006701734377917332,0.20977721038630473
2026-02-01,Meta Ads,1216693,1611,1364.49,879.0,0.0,0.12491586206896552,1.0357216206896551,1.1048357586206896,0.0,1.552320819112628
2026-02-01,TikTok Ads,50195,0,84.8,0.0,0.0,0.0,0.0,1.69,0.0,0.0
2026-02-02,Meta Ads,1027310,1284,1142.1899999999998,684.0,0.0,0.12350106666666667,1.0129460333333333,1.0807953333333333,0.0,1.6698684210526313
2026-02-02,TikTok Ads,45254,0,82.54,0.0,0.0,0.0,0.0,1.82,0.0,0.0
2026-02-02,Google Ads,188433,4755,1467.617928,4784.559353,8.0,0.0252344334591074,0.3086473034700315,7.788539841747464,0.0054510099988367006,0.3067404581531168
2026-02-03,Google Ads,574901,8872,6910.471547,8732.417472,8.0,0.0154322222434819,0.778907974188458,12.020280964896564,0.0011576634019241409,0.7913583574259974
2026-02-03,Meta Ads,1129053,1626,1377.23,865.0,0.0,0.1404592972972973,0.9609634864864866,1.191531,0.0,1.5921734104046243
2026-02-03,TikTok Ads,40649,0,82.03,0.0,0.0,0.0,0.0,2.02,0.0,0.0
2026-02-04,Google Ads,529988,9855,7777.871197,8883.602809,6.0,0.0185947606360898,0.789230968746829,14.675560950436614,0.0007714193058782277,0.8755311740322541
2026-02-04,TikTok Ads,39335,0,81.69,0.0,0.0,0.0,0.0,2.08,0.0,0.0
2026-02-04,Meta Ads,1440186,2177,1855.19,1256.0,0.0,0.1435591,0.98888605,1.2258374749999998,0.0,1.477062101910828
2026-02-05,TikTok Ads,42084,0,83.04,0.0,0.0,0.0,0.0,1.97,0.0,0.0
2026-02-05,Google Ads,377631,3398,4686.870352,7235.542295,4.0,0.0089982019484629,1.379302634490877,12.411243653195843,0.0008534479726526047,0.6477566104808458
2026-02-05,Meta Ads,1723951,2766,2425.3100000000004,1511.0,0.0,0.1443140222222222,1.1175394444444444,1.423494977777778,0.0,1.605102581072138
2026-02-06,Google Ads,715,32,7.184525,27.333334,0.0,0.0447552447552447,0.22451640625,10.048286713286712,0.0,0.2628484691988178
2026-02-06,TikTok Ads,43683,0,79.32,0.0,0.0,0.0,0.0,1.82,0.0,0.0
2026-02-06,Meta Ads,2096699,3162,2983.6200000000003,2039.0,0.0,0.1336596595744681,1.3147949361702127,1.4678063617021273,0.0,1.4632761157430114
2026-02-07,Meta Ads,2406753,3603,3155.0000000000005,2381.0,0.0,0.14203108510638296,1.1858163617021278,1.3732545319148937,0.0,1.3250734985300296
2026-02-07,TikTok Ads,32928,0,63.57,0.0,0.0,0.0,0.0,1.93,0.0,0.0
2026-02-07,Google Ads,1282300,17102,11396.384164,18013.396208,7.0,0.0133369726273103,0.6663772754063851,8.887455481556577,0.0006142299082995357,0.6326616054188997
2026-02-08,Google Ads,986492,16279,9163.022111,15476.354175,14.0,0.0165019077701593,0.5628737705633025,9.28849104807743,0.0015278801939365963,0.5920659353868787
2026-02-08,TikTok Ads,16942,0,31.43,0.0,0.0,0.0,0.0,1.86,0.0,0.0
2026-02-08,Meta Ads,1545792,2255,1820.82,1298.0,0.0,0.13832029545454547,1.1202380454545453,1.305604318181818,0.0,1.4027889060092449
2026-02-09,Google Ads,204568,4285,1616.43303,4525.756376,6.0,0.0209465801102811,0.3772305787631272,7.901690538109577,0.0037118766374131815,0.357163067497825
2026-02-09,Meta Ads,1124174,1562,1385.7699999999998,813.0,0.0,0.12517270270270273,1.167179216216216,1.2915637027027025,0.0,1.7045141451414512
2026-02-09,TikTok Ads,9109,0,18.45,0.0,0.0,0.0,0.0,2.03,0.0,0.0
2026-02-10,Google Ads,58718,3418,514.608951,2920.234862,6.0,0.0582104295105419,0.1505584994148625,8.76407491740182,0.011659338587758066,0.17622176822023025
2026-02-10,TikTok Ads,11900,0,19.58,0.0,0.0,0.0,0.0,1.65,0.0,0.0
2026-02-10,Meta Ads,1130627,1646,1472.9099999999999,808.0,0.0,0.14034255263157894,1.1893609210526317,1.407125157894737,0.0,1.822908415841584
2026-02-11,Google Ads,61133,3085,467.520622,2704.945921,2.0,0.0504637429866029,0.1515463928687196,7.647598220273829,0.004277886163489918,0.1728391752198731
2026-02-11,Meta Ads,1026927,1427,1384.0700000000002,721.0,0.0,0.12332578048780486,1.4071797804878048,1.3803715609756098,0.0,1.9196532593619975
2026-02-11,TikTok Ads,12188,0,18.44,0.0,0.0,0.0,0.0,1.51,0.0,0.0
2026-02-12,Google Ads,59913,3025,547.599542,2912.830592,4.0,0.0504898769882997,0.1810246419834711,9.139911905596449,0.0073046080086020225,0.18799567111934537
2026-02-12,TikTok Ads,11286,0,18.0,0.0,0.0,0.0,0.0,1.59,0.0,0.0
2026-02-12,Meta Ads,1096382,2264,1608.67,1400.0,0.0,0.18946873170731707,1.231034780487805,1.5451456097560976,0.0,1.1490500000000001
2026-02-13,TikTok Ads,10651,0,18.12,0.0,0.0,0.0,0.0,1.7,0.0,0.0
2026-02-13,Google Ads,97684,3417,718.034024,3669.343911,2.0,0.0349801400434052,0.2101357986537899,7.350579665042382,0.0027853833288546226,0.19568458051791485
2026-02-13,Meta Ads,1204095,2764,1827.2199999999998,1833.0,0.0,0.1969761538461538,1.22627241025641,1.580350923076923,0.0,0.9968466993998908
2026-02-14,Meta Ads,1288274,2625,1823.1300000000003,1606.0,0.0,0.1741257435897436,1.2083582820512822,1.474448,0.0,1.1351992528019927
2026-02-14,Google Ads,103054,4873,693.343873,5348.250192,4.0,0.0472858889514235,0.1422827566180997,6.727966629145885,0.005769143069935227,0.12963938636175157
2026-02-14,TikTok Ads,10271,0,18.04,0.0,0.0,0.0,0.0,1.76,0.0,0.0
2026-02-15,TikTok Ads,8968,0,16.9,0.0,0.0,0.0,0.0,1.88,0.0,0.0
2026-02-15,Google Ads,96372,4507,590.888508,4499.366582,8.0,0.0467666957207487,0.1311046168182826,6.131329722325987,0.013538933134912145,0.13132704286952007
2026-02-15,Meta Ads,1531140,3160,2136.89,2112.0,0.0,0.178084552631579,1.0971669210526316,1.3851686315789473,0.0,1.0117850378787878
2026-02-16,TikTok Ads,8598,0,16.27,0.0,0.0,0.0,0.0,1.89,0.0,0.0
2026-02-16,Google Ads,95031,4559,586.991626,4459.469656,6.0,0.0479738190695667,0.1287544694011844,6.176843619450495,0.010221610895689336,0.13162812425693518
2026-02-16,Meta Ads,1418313,2963,1949.8100000000002,2024.0,0.0,0.17685774999999998,0.9674900555555556,1.3502116666666664,0.0,0.9633448616600792
2026-02-17,Meta Ads,1024419,1472,1172.56,892.0,0.0,0.14194826470588234,1.0538354705882351,1.2104495294117648,0.0,1.3145291479820627
2026-02-17,Google Ads,105149,4359,509.614863,3777.373579,3.0,0.0414554584446832,0.1169109573296627,4.846597333307972,0.00588679847824611,0.13491248676942155
2026-02-17,TikTok Ads,11534,0,17.24,0.0,0.0,0.0,0.0,1.49,0.0,0.0
2026-02-18,Meta Ads,721331,906,807.8600000000001,421.0,0.0,0.11539035483870967,1.1505414193548387,1.215704322580645,0.0,1.918907363420428
2026-02-18,Google Ads,93739,2422,429.656465,2638.442003,1.0,0.0258376982899326,0.1773973843930635,4.58354009537119,0.0023274408311300516,0.1628447638839382
2026-02-18,TikTok Ads,11417,0,15.84,0.0,0.0,0.0,0.0,1.39,0.0,0.0
2026-02-19,Google Ads,77890,1999,469.411167,2084.465793,2.0,0.0256643985107202,0.2348229949974987,6.026590923096674,0.004260657054202547,0.22519494854574473
2026-02-19,TikTok Ads,10159,0,15.54,0.0,0.0,0.0,0.0,1.53,0.0,0.0
2026-02-19,Meta Ads,656880,828,810.56,396.0,0.0,0.11553367647058822,1.2632838235294117,1.3263140294117646,0.0,2.0468686868686867
2026-02-20,TikTok Ads,8981,0,15.15,0.0,0.0,0.0,0.0,1.69,0.0,0.0
2026-02-20,Google Ads,115545,2942,676.742844,3136.446329,0.0,0.0254619412350166,0.2300281590754588,5.856963468778398,0.0,0.2157673918226324
2026-02-20,Meta Ads,849965,1715,1153.8200000000004,1020.0,0.0,0.23155146666666668,1.3278509,1.5987185333333334,0.0,1.131196078431373
2026-02-21,Meta Ads,1092718,4903,1828.8099999999997,3216.0,0.0,0.24246019999999996,1.1997463666666666,1.4703289666666666,0.0,0.5686598258706467
2026-02-21,TikTok Ads,8479,0,14.61,0.0,0.0,0.0,0.0,1.72,0.0,0.0
2026-02-21,Google Ads,109841,4134,718.574974,3796.487728,1.0,0.0376362196265511,0.1738207484276729,6.541955863475387,0.0013916432330414001,0.18927361958800462
2026-02-22,TikTok Ads,7699,0,13.25,0.0,0.0,0.0,0.0,1.72,0.0,0.0
2026-02-22,Meta Ads,818652,2652,1151.7099999999998,1853.0,0.0,0.22544882758620688,1.222741827586207,1.313063137931035,0.0,0.6215380464112249
2026-02-22,Google Ads,106725,3153,630.130904,3148.57218,0.0,0.0295432185523541,0.1998512223279416,5.904248339189506,0.0,0.20013227201924905
2026-02-23,TikTok Ads,5650,0,12.04,0.0,0.0,0.0,0.0,2.13,0.0,0.0
2026-02-23,Meta Ads,539682,633,643.85,404.0,0.0,0.11004032142857144,1.2572292500000002,1.3494163928571423,0.0,1.5936881188118812
2026-02-23,Google Ads,42991,2009,349.981427,1842.927454,1.0,0.046730711079063,0.1742067829766053,8.140806843292781,0.002857294481515443,0.18990515673331546
2026-02-24,TikTok Ads,6869,0,11.38,0.0,0.0,0.0,0.0,1.66,0.0,0.0
2026-02-24,Meta Ads,587217,708,725.55,491.0,0.0,0.10462208333333334,1.3237467083333332,1.1638395416666667,0.0,1.4776985743380855
2026-02-24,Google Ads,48733,2369,413.77025,2115.199585,0.0,0.0486118236102846,0.1746602997045166,8.49055568095541,0.0,0.19561759227557715
2026-02-25,TikTok Ads,2044,0,3.25,0.0,0.0,0.0,0.0,1.59,0.0,0.0
2026-02-25,Meta Ads,560065,610,723.6300000000001,405.0,0.0,0.09559434615384615,1.8409516153846157,1.178372423076923,0.0,1.786740740740741
2026-02-25,Google Ads,26789,2307,375.476434,1640.280524,0.0,0.0861174362611519,0.1627552813177286,14.016067565045354,0.0,0.22890988980614146
2026-02-26,Google Ads,35282,2223,436.391238,1555.701797,2.0,0.0630066322770818,0.1963073495276653,12.368664984978174,0.004583043438649426,0.28051085294208217
2026-02-26,Meta Ads,537060,637,728.3599999999999,311.0,0.0,0.12376644444444444,1.7266661851851852,1.5983070370370374,0.0,2.3419935691318323
2026-02-27,Google Ads,42381,2354,548.567769,1650.357732,1.0,0.0555437578160024,0.2330364354290569,12.943719331776032,0.0018229288275957752,0.332393249271607
2026-02-27,Meta Ads,746146,1177,1183.6799999999998,400.0,0.0,0.18774427586206896,2.0453248275862066,1.626676793103448,0.0,2.9591999999999996
2026-02-27,TikTok Ads,0,0,0.0,0.0,0.0,0.0,0.0,0.0,0.0,0.0
2026-02-28,Google Ads,49765,3868,636.143939,2739.408203,1.0,0.0777253089520747,0.1644632727507756,12.78295868582337,0.0015719712767710578,0.23221947656553762
2026-02-28,Meta Ads,1032611,1666,1624.8199999999997,470.0,0.0,0.21346251724137932,1.4607576206896553,1.5727318620689659,0.0,3.4570638297872334
2026-03-01,Google Ads,40428,3748,529.978316,2402.103209,1.0,0.0927080241416839,0.1414029658484525,13.10918957158405,0.0018868696507198233,0.22063095124902268
2026-03-01,Meta Ads,789512,935,877.76,456.0,0.0,0.17513452000000002,1.2419309600000001,1.2301435600000001,0.0,1.9249122807017545
2026-03-02,Meta Ads,755846,813,930.18,466.0,0.0,0.12208591666666667,1.3238649583333333,1.2954502083333332,0.0,1.9960944206008582
2026-03-02,TikTok Ads,0,0,0.0,0.0,0.0,0.0,0.0,0.0,0.0,0.0
2026-03-02,Google Ads,43884,2331,384.77102,1405.57368,1.0,0.0531173092698933,0.1650669326469326,8.767911311639779,0.002598948330360223,0.27374660288175007
2026-03-03,Meta Ads,1112055,1313,1512.98,843.0,0.0,0.13201016666666668,1.2843856666666664,1.3457457333333334,0.0,1.7947568208778173
2026-03-03,TikTok Ads,0,0,0.0,0.0,0.0,0.0,0.0,0.0,0.0,0.0
2026-03-03,Google Ads,41592,2517,467.777026,1770.80602,0.0,0.0605164454702827,0.1858470504568931,11.246802894787457,0.0,0.2641605126235114
2026-03-04,TikTok Ads,0,0,0.0,0.0,0.0,0.0,0.0,0.0,0.0,0.0
2026-03-04,Meta Ads,1310082,1473,1794.0300000000002,917.0,0.0,0.10752975000000001,1.4618021428571428,1.2891374285714288,0.0,1.9564122137404583
2026-03-04,Google Ads,45842,2765,473.522858,1765.594793,0.0,0.060315867545046,0.1712560065099457,10.329454604947427,0.0,0.26819452565071084
2026-03-05,TikTok Ads,0,0,0.0,0.0,0.0,0.0,0.0,0.0,0.0,0.0
2026-03-05,Meta Ads,833488,856,1049.47,453.0,0.0,0.09140613793103446,1.563596448275862,1.2774792068965515,0.0,2.316710816777042
2026-03-05,Google Ads,50523,2683,531.47543,1794.365526,0.0,0.0531045266512281,0.1980899850913157,10.51947489262316,0.0,0.29619128449528626
2026-03-06,TikTok Ads,0,0,0.0,0.0,0.0,0.0,0.0,0.0,0.0,0.0
2026-03-06,Meta Ads,1733073,2179,2591.86,1378.0,0.0,0.10920257142857143,1.7694720000000002,1.3754571714285715,0.0,1.8808853410740205
2026-03-06,Google Ads,51924,3284,543.054747,2229.296567,0.0,0.0632462830290424,0.1653638084652862,10.458646232955859,0.0,0.2435991491839946
2026-03-07,Google Ads,53758,5571,735.525474,3547.292664,0.0,0.1036310874660515,0.132027548734518,13.682158450835225,0.0,0.2073484044506794
2026-03-07,Meta Ads,1978996,2667,3035.67,1723.0,0.0,0.11300654545454546,1.4621012727272729,1.3203641515151514,0.0,1.7618514219384795
2026-03-08,Meta Ads,1790297,2290,2401.93,1352.0,0.0,0.11556761290322583,1.4139455806451615,1.2793299677419354,0.0,1.776575443786982
2026-03-08,Google Ads,64881,5717,715.402529,3408.056845,0.0,0.0881151646861176,0.1251360029735875,11.026379510180176,0.0,0.20991508109660065
2026-03-09,Google Ads,86462,3785,930.624427,3635.399384,0.0,0.0437764567093058,0.2458717112285336,10.763392322638847,0.0,0.25598959803311666
2026-03-09,Meta Ads,1308349,1453,1631.4,753.0,0.0,0.09879440625,1.43596209375,1.13213665625,0.0,2.1665338645418326
2026-03-09,TikTok Ads,0,0,0.0,0.0,0.0,0.0,0.0,0.0,0.0,0.0
2026-03-10,Google Ads,103638,3377,1400.19439,3717.521165,0.0,0.0325845732260367,0.4146267071365117,13.510434300160174,0.0,0.3766473216568762
2026-03-10,Meta Ads,1225528,1314,1744.9100000000003,670.0,0.0,0.10963516666666667,1.4517196666666667,1.2953911666666666,0.0,2.60434328358209
2026-03-11,Meta Ads,1206403,1297,1788.7400000000002,636.0,0.0,0.0928986875,1.8262273437500003,1.35533240625,0.0,2.81248427672956
2026-03-11,Google Ads,104998,3170,1526.946273,3605.994508,1.0,0.0301910512581192,0.4816865214511041,14.54262245947542,0.0006549018899239292,0.4234466440845727
2026-03-12,TikTok Ads,0,0,0.0,0.0,0.0,0.0,0.0,0.0,0.0,0.0
2026-03-12,Google Ads,124091,3464,1772.000002,3798.518146,1.0,0.0279149978644704,0.5115473446882217,14.279843034547227,0.0005643340851418351,0.4664977061820781
2026-03-12,Meta Ads,1206628,1262,1835.8200000000002,675.0,0.0,0.09555018181818183,1.8489703333333332,1.3421982121212124,0.0,2.7197333333333336
2026-03-13,Google Ads,138490,4156,1947.975798,3583.807721,0.0,0.0300093869593472,0.4687140996150144,14.065822788649,0.0,0.5435491939440464
2026-03-13,Meta Ads,1312943,1464,2105.8599999999997,820.0,0.0,0.11860682051282051,1.6237795897435898,1.4573208205128203,0.0,2.5681219512195117
2026-03-14,Google Ads,178425,7156,2111.677846,5288.748418,1.0,0.040106487319602,0.2950919292901062,11.835100720190557,0.0004735570825323703,0.39927742427925034
2026-03-14,Meta Ads,1600929,1980,2562.7799999999997,1094.0,0.0,0.120575575,1.4167849000000001,1.4084591750000002,0.0,2.342577696526508
2026-03-15,Meta Ads,1362360,1781,1986.7500000000002,981.0,0.0,0.11987956756756757,1.6339732162162162,1.3776099189189188,0.0,2.0252293577981653
2026-03-15,Google Ads,160086,6693,1942.778714,4427.849643,1.113854,0.0418087777819422,0.2902702396533692,12.135843946378822,0.0005733303499638816,0.4387634790335179
2026-03-16,Google Ads,146836,4799,756.841241,1696.100909,3.788555,0.032682720858645,0.1577081143988331,5.154330280040317,0.00500574598048364,0.44622418217217047
2026-03-16,Meta Ads,1145025,1505,1593.63,840.0,0.0,0.10787974285714286,1.3426900285714285,1.214318942857143,0.0,1.8971785714285716
2026-03-17,Google Ads,222670,8377,1138.474871,2392.612988,6.270827,0.0376206943009835,0.1359048431419362,5.1128345578659,0.005508094345984032,0.4758290942621933
2026-03-17,Meta Ads,1281945,1770,1865.66,1096.0,0.0,0.11249903124999999,1.8576555624999997,1.41717675,0.0,1.7022445255474454
2026-03-18,Google Ads,251898,10545,1273.554073,2383.573118,7.800688,0.0418621823118881,0.1207732643907064,5.055832412325624,0.0061251329373275855,0.5343045964826996
2026-03-18,Meta Ads,1219113,1452,1672.0600000000002,940.0,0.0,0.12002199999999999,1.1850833333333333,1.3545517878787878,0.0,1.7787872340425535
2026-03-19,Google Ads,313844,13671,1428.812952,3121.437201,7.816688,0.0435598577637297,0.1045141505376344,4.552621531716394,0.0054707566788630285,0.45774201433309564
2026-03-19,Meta Ads,1082369,1405,1547.8500000000001,947.0,0.0,0.12520820689655174,1.3700168620689652,1.3746451034482756,0.0,1.6344772967265049
2026-03-20,Google Ads,250855,10655,1327.696087,3407.955093,1.406923,0.0424747364015068,0.1246077979352416,5.292683370871619,0.0010596724760852593,0.3895873187199888
2026-03-20,Meta Ads,1030550,1524,1550.22,1042.0,0.0,0.12101389655172415,1.261504172413793,1.3354136206896552,0.0,1.4877351247600767
2026-03-21,Meta Ads,967504,1445,1445.1399999999999,994.0,0.0,0.13247214285714287,1.2201525714285713,1.3622177857142859,0.0,1.4538631790744465
2026-03-21,Google Ads,257625,12836,1385.309989,4501.952466,4.266272,0.0498243571081999,0.107923807182923,5.377234309558467,0.0030796515104028455,0.30771315322901505
2026-03-22,Meta Ads,685658,769,922.6200000000001,499.0,0.0,0.11413577272727272,1.4499670454545455,1.3085452727272728,0.0,1.8489378757515031
2026-03-22,TikTok Ads,0,0,0.0,0.0,0.0,0.0,0.0,0.0,0.0,0.0
2026-03-22,Google Ads,170600,8352,1077.407142,4719.943173,3.145199,0.0489566236811254,0.1289998972701149,6.315399425556858,0.002919229766902733,0.22826697324730696
2026-03-23,Meta Ads,529733,551,711.13,316.0,0.0,0.12484324137931034,2.0197803103448275,1.287482655172414,0.0,2.2504113924050633
2026-03-23,Google Ads,163912,6122,897.293161,3434.832821,0.0,0.0373493093855239,0.1465686313296308,5.47423715774318,0.0,0.26123343049306447
2026-03-24,Meta Ads,736098,1066,1054.54,554.0,0.0,0.1597865625,1.5540605937499998,1.3139365,0.0,1.9035018050541515
2026-03-24,Google Ads,174254,6024,909.856891,3650.696958,3.0,0.0345702250737429,0.1510386605245684,5.2214404891709805,0.003297221826503702,0.24922827105826295
2026-03-25,Meta Ads,841172,1265,1221.7000000000003,699.0,0.0,0.17838614285714288,1.221359964285714,1.5331038571428572,0.0,1.7477825464949932
2026-03-25,Google Ads,227667,6031,1240.011054,4454.813818,4.0,0.0264904443770946,0.2056062102470569,5.446599876134882,0.0032257776953656093,0.27835305910869834
2026-03-26,Meta Ads,782660,1282,1187.5900000000001,811.0,0.0,0.23407821875,1.6234810625,1.8794152500000003,0.0,1.4643526510480889
2026-03-26,Google Ads,257254,5840,1635.364935,5352.599732,2.0,0.0227012991051645,0.2800282422945205,6.3570048862214,0.0012229686213737975,0.30552722357009604
2026-03-27,Meta Ads,780928,1427,1260.95,933.0,0.0,0.24649251515151513,2.2065669393939396,2.1837564848484847,0.0,1.3515005359056806
2026-03-27,Google Ads,293984,6793,1959.193244,7143.388373,0.0,0.0231066996843365,0.288413549830708,6.66428528083161,0.0,0.27426665633989605
2026-03-28,Google Ads,283614,9261,2025.579371,8727.91323,0.5,0.0326535361441959,0.2187214524349422,7.142028852595429,0.00024684295622203,0.23208060364733943
2026-03-28,Meta Ads,710451,1415,1134.12,979.0,0.0,0.30925093333333337,1.3583269,1.8577509666666667,0.0,1.1584473953013277
2026-03-28,TikTok Ads,0,0,0.0,0.0,0.0,0.0,0.0,0.0,0.0,0.0
2026-03-29,Google Ads,256024,8298,1728.482326,6453.645783,2.0,0.0324110239665031,0.2083010756808869,6.7512511561416115,0.0011570844375529935,0.2678303681545579
2026-03-29,Meta Ads,627480,1231,957.9899999999998,818.0,0.0,0.2981718275862069,1.7583057241379312,1.7560706551724143,0.0,1.171136919315403
2026-03-30,Meta Ads,690157,1587,1137.53,958.0,0.0,0.404921294117647,1.4854079117647057,2.196241823529412,0.0,1.187400835073069
2026-03-30,Google Ads,237506,5884,1581.07768,5090.477888,2.0,0.0247741109698281,0.2687079673691366,6.657001002079948,0.001264959986026746,0.31059513758563645
2026-03-31,Meta Ads,762036,2223,1331.8200000000002,1152.0,0.0,0.7506822499999999,1.26571928125,3.419682625,0.0,1.1560937500000001
2026-03-31,Google Ads,263050,5924,1647.592066,5846.084687,2.0,0.0225204333776848,0.2781215506414585,6.263417852119368,0.0012138927112313493,0.28182829264580583
2026-04-01,Meta Ads,657126,2556,1101.38,1325.0,0.0,0.907402,1.6395539655172413,3.1531023103448272,0.0,0.8312301886792454
2026-04-01,Google Ads,230485,6193,1510.58914,5917.54721,1.666666,0.0268694275115517,0.2439188018730824,6.553958565633338,0.0011033218469980526,0.25527284977925846
2026-04-01,TikTok Ads,0,0,0.0,0.0,0.0,0.0,0.0,0.0,0.0,0.0
2026-04-02,TikTok Ads,0,0,0.0,0.0,0.0,0.0,0.0,0.0,0.0,0.0
2026-04-02,Google Ads,260341,7080,1574.024025,7604.554817,0.333334,0.0271951018087815,0.2223197775423728,6.0460089843704985,0.00021177186288500268,0.2069843748750769
2026-04-02,Meta Ads,696451,2775,1109.01,1701.0,0.0,0.793089484848485,0.971253303030303,2.8066275454545453,0.0,0.6519753086419753
2026-04-03,Google Ads,254266,10081,1749.037185,8732.1372,6.5,0.03964745581399,0.1734983816089673,6.878769418640321,0.0037163303649258893,0.20029886669668912
2026-04-03,Meta Ads,772790,3487,1155.82,2295.0,0.0,1.0068738,0.8407461666666668,3.0051853,0.0,0.5036252723311546
2026-04-04,Meta Ads,775066,3470,1118.2700000000002,2363.0,0.0,0.904219107142857,0.7349629285714286,3.0803360357142857,0.0,0.4732416419805333
2026-04-04,Google Ads,261718,8529,1688.087601,8243.750516,7.0,0.0325885112984204,0.1979232736545902,6.450024839712973,0.0041467042325607365,0.20477179625022024
2026-04-05,Google Ads,299575,8478,1635.204714,7084.741605,1.0,0.028300091796712,0.1928762342533616,5.458415134774263,0.0006115442252816304,0.23080654244975812
2026-04-05,Meta Ads,763029,3192,1090.9099999999999,2304.0,0.0,0.7992479655172413,0.6756666551724139,2.812109827586207,0.0,0.4734852430555555
2026-04-06,Google Ads,310128,6053,1649.475702,7199.606576,1.0,0.0195177475107052,0.2725054852139435,5.318693255687974,0.0006062532468877799,0.2291063663809843
2026-04-06,Meta Ads,806938,3191,1216.6,2227.0,0.0,0.7885345161290322,0.763164451612903,2.5993106451612906,0.0,0.5462954647507857
2026-04-07,Google Ads,274649,4559,1574.101933,6183.659532,3.0,0.0165993686487116,0.3452735101996051,5.731322280437941,0.0019058486220663324,0.25455831208916563
2026-04-07,Meta Ads,894986,3966,1477.49,2989.0,0.0,0.9684996857142859,0.7667373428571429,2.710070685714286,0.0,0.49430913348946137
2026-04-08,Google Ads,411230,5881,1896.54905,7406.786047,4.0,0.0143009994407022,0.3224875106274443,4.611893709116553,0.002109093882913284,0.25605560062966404
2026-04-08,Meta Ads,1036250,4627,1758.13,3681.0,0.0,0.9436538000000001,0.8315072285714286,2.781590742857143,0.0,0.47762292855202393
2026-04-09,Google Ads,456746,10002,2142.58635,8185.820458,8.231464,0.0218983855359433,0.2142157918416316,4.690979997635447,0.0038418353594010346,0.2617436286311473
2026-04-09,TikTok Ads,0,0,0.0,0.0,0.0,0.0,0.0,0.0,0.0,0.0
2026-04-09,Meta Ads,865982,4416,1592.23,3470.0,0.0,0.8624906923076924,0.8729215897435899,2.727881256410256,0.0,0.45885590778097984
2026-04-10,Google Ads,436152,10993,2269.472564,9123.153909,8.0,0.0252045158568572,0.2064470630401164,5.203398273996222,0.003525048122150376,0.2487596489807284
2026-04-10,Meta Ads,907684,3983,1676.68,3316.0,0.0,0.7651052777777777,0.8903021944444445,2.8893836111111115,0.0,0.5056332931242461
2026-04-11,Meta Ads,1024364,4880,1836.3999999999999,4051.0,0.0,0.8254691714285713,1.0355936285714284,2.7024635999999997,0.0,0.4533201678597877
2026-04-11,Google Ads,470811,15310,2556.679408,11064.855962,14.635239,0.0325183566229336,0.1669940828216851,5.430373139115271,0.0057243152795010115,0.23106305376051853
2026-04-12,Google Ads,526369,14428,2411.190979,9023.631518,7.5,0.0274104288056477,0.1671188646382035,4.58079974124616,0.003110496043374588,0.267208492965415
2026-04-12,Meta Ads,1043923,5132,1799.3100000000002,4168.0,0.0,0.8893683529411766,0.7116341470588234,2.6783276470588233,0.0,0.4316962571976968
2026-04-13,Google Ads,511362,10683,2203.291011,6572.882311,9.117721,0.0208912668520539,0.2062427231114855,4.308671764816314,0.004138228202484143,0.33520925930967876
2026-04-13,Meta Ads,963621,4946,1630.6399999999999,4080.0,0.0,1.1238929117647056,0.6954864117647059,3.256427558823529,0.0,0.3996666666666666
2026-04-14,Google Ads,476337,6004,2251.1567,7118.395334,8.2,0.0126045215887071,0.374942821452365,4.725974887527109,0.003642571838735171,0.31624496735207597
2026-04-14,Meta Ads,905188,4293,1585.5,3552.0,0.0,1.0310243636363636,1.163068303030303,2.7030694545454543,0.0,0.44636824324324326
2026-04-15,Meta Ads,883310,4237,1567.59,3443.0,0.0,1.0444935625,0.9689526875000001,2.7451806249999997,0.0,0.45529770548939874
2026-04-15,Google Ads,479384,4527,2299.571187,7571.101383,11.0,0.009443368990204,0.5079680112657389,4.796929365602523,0.004783500533571436,0.30373007448604655
2026-04-16,Google Ads,475865,4495,2269.62743,7580.7246,5.0,0.0094459563111386,0.5049226763070078,4.769477540899205,0.0022030047460256507,0.29939452357892016
2026-04-16,Meta Ads,874568,4061,1587.8999999999999,3356.0,0.0,0.9416732058823529,0.9745293823529413,2.6149172647058827,0.0,0.4731525625744934
2026-04-17,Meta Ads,912439,4433,1664.57,3714.0,0.0,0.9723950263157896,1.2799383947368423,2.5942678684210527,0.0,0.44818793753365643
2026-04-17,Google Ads,470804,4956,2305.242968,8998.027526,4.0,0.0105266735201909,0.4651418418079096,4.89639630929219,0.001735175014315454,0.2561942560565579
2026-04-18,Google Ads,489943,8475,2475.863857,12694.898604,10.0,0.0172979305755975,0.292137328259587,5.053371222774894,0.004038994297577002,0.1950282498688006
2026-04-18,Meta Ads,1099341,5074,1907.7500000000002,4252.0,0.0,0.9691835135135134,1.012026864864865,2.3788233513513517,0.0,0.44867121354656636
2026-04-19,Meta Ads,777916,3915,1263.6999999999998,3211.0,0.0,1.1044930833333333,1.1897663333333333,2.496762555555556,0.0,0.39355341015260037
2026-04-19,Google Ads,480288,8489,2262.051883,12249.673167,5.0,0.0176748117795989,0.2664685926493109,4.709782220251183,0.0022103825458542766,0.1846622234047724
2026-04-20,Google Ads,143509,5665,873.104791,4874.046914,0.0,0.0394748761401723,0.1541226462488967,6.083972371070804,0.0,0.17913344011772475
2026-04-20,Meta Ads,620336,2867,924.0699999999999,2275.0,0.0,0.8015943437499999,1.009829375,2.0565474999999998,0.0,0.40618461538461537
2026-04-21,Google Ads,129831,7664,721.126351,5430.702283,2.0,0.0590305859155363,0.094092686717119,5.554346427278539,0.002773439075172556,0.13278694235502064
2026-04-21,Meta Ads,870634,3211,1193.7199999999998,2437.0,0.0,0.7085004722222221,0.7888177499999999,1.8568956944444446,0.0,0.48983176036109966
2026-04-22,Google Ads,107414,3571,540.273616,3321.575757,1.0,0.0332452008118122,0.1512947678521422,5.029824939020984,0.0018509140005829937,0.16265581625269548
2026-04-22,Meta Ads,983792,3000,1345.8200000000004,2263.0,0.0,0.7296434285714286,0.8301763428571428,2.026737314285714,0.0,0.5947061422889971
2026-04-23,Google Ads,132873,4067,602.694001,3778.090889,2.5,0.0306081747232319,0.1481912960413081,4.53586508169455,0.004148041951391516,0.15952342564197108
2026-04-23,Meta Ads,988933,2863,1482.77,2096.0,0.0,0.6579198108108109,1.0769671621621622,2.182105027027027,0.0,0.7074284351145038
2026-04-24,Google Ads,161757,5640,723.921936,4600.86055,4.5,0.0348671154880468,0.1283549531914893,4.475366976390512,0.006216139857378213,0.15734489844513977
2026-04-24,Meta Ads,977014,2998,1647.5299999999997,2341.0,0.0,0.75375375,1.4543466388888886,2.4908200833333334,0.0,0.7037718923536949
2026-04-25,Google Ads,182388,8505,755.583902,6350.400543,8.0,0.0466313573261398,0.0888399649617871,4.142728150974845,0.010587838066460024,0.11898208575723221
2026-04-25,Meta Ads,768463,2933,1320.86,2320.0,0.0,0.7864125151515151,1.2812799696969697,2.584449454545455,0.0,0.5693362068965517
2026-04-26,Google Ads,172130,9199,704.869461,5614.489268,11.879449,0.0534421658049148,0.0766245745189694,4.094983216173822,0.01685340287426639,0.12554471606481304
2026-04-26,Meta Ads,570546,2557,941.8699999999999,1977.0,0.0,0.9319300689655171,1.1723572413793102,2.7282453103448274,0.0,0.4764137582195245
2026-04-27,Meta Ads,516337,2958,988.1500000000001,2510.0,0.0,1.1311691904761905,1.2263741428571429,2.9211800952380953,0.0,0.39368525896414347
2026-04-27,Google Ads,169998,6144,715.61465,4344.753329,7.008564,0.0361416016659019,0.1164737386067708,4.209547465264297,0.00979376819633304,0.16470777413840149
2026-04-28,Meta Ads,404192,3346,911.26,2942.0,0.0,1.8202019142857142,1.2006828285714286,3.636840314285714,0.0,0.3097416723317471
2026-04-28,Google Ads,162681,6503,783.314592,4712.188029,7.51992,0.0399739367227887,0.1204543429186529,4.815034281815332,0.009600127556413504,0.16623160773281612
2026-04-29,Meta Ads,478097,3085,1032.75,2664.0,0.0,1.424522864864865,1.1864095135135135,3.5148124054054053,0.0,0.3876689189189189
2026-04-29,Google Ads,156630,5697,1042.07344,5104.47092,1.0,0.0363723424631296,0.1829161734246094,6.653089701845111,0.0009596252640312953,0.20414915793074984
2026-04-30,Meta Ads,544753,2439,1099.95,2058.0,0.0,1.0779570930232558,1.5221090000000002,2.95264488372093,0.0,0.5344752186588921
2026-04-30,TikTok Ads,15978,631,39.5,631.0,0.0,3.95,0.06,2.47,0.0,0.06259904912836767
2026-04-30,Google Ads,260027,7780,1510.852052,6252.859655,35.890149,0.0299199698492848,0.1941969218508997,5.810366046602852,0.023754906347375437,0.2416257737036959
2026-05-01,Meta Ads,679638,2842,1178.63,2437.0,0.0,0.9394605,0.9538024999999999,2.098377125,0.0,0.4836397209684038
2026-05-01,Google Ads,294288,10733,1462.570581,9646.909908,59.341120554,0.0364710759528081,0.1362685717879437,4.969861431658783,0.04057316708327802,0.15161026639080746
2026-05-01,TikTok Ads,42803,2266,103.41,2266.0,0.0,5.29,0.05,2.42,0.0,0.04563548102383054
2026-05-02,Meta Ads,552603,2301,900.55,1962.0,0.0,1.032688892857143,1.0760877857142856,2.1505613571428572,0.0,0.4589959225280326
2026-05-02,TikTok Ads,39451,2212,102.57,2212.0,0.0,5.61,0.05,2.6,0.0,0.046369801084990954
2026-05-02,Google Ads,172529,8936,892.540736,6821.172104,43.947369122,0.0517941911214926,0.099881461056401,5.17327948344916,0.04923850234439047,0.13084858766085167
2026-05-03,TikTok Ads,41301,2718,100.91,2718.0,0.0,6.58,0.04,2.44,0.0,0.037126563649742456
2026-05-03,Google Ads,1250,105,5.569232,51.666667,0.0,0.084,0.0530403047619047,4.4553856000000005,0.0,0.10779158640134462
2026-05-03,Meta Ads,509836,2275,811.4,1971.0,0.0,1.051620074074074,1.1502937037037038,1.8717067037037036,0.0,0.41166920345002533
2026-05-04,TikTok Ads,16914,1013,49.84,1013.0,0.0,5.99,0.05,2.95,0.0,0.04920039486673248
2026-05-04,Meta Ads,532729,2112,891.4100000000001,1815.0,0.0,0.9231041,1.1794512,2.1554142,0.0,0.49113498622589535
2026-05-04,Google Ads,1066,41,17.991277,17.0,0.0,0.0384615384615384,0.4388116341463414,16.877370544090056,0.0,1.058310411764706
2026-05-05,TikTok Ads,11939,42,21.51,42.0,0.0,0.35,0.51,1.8,0.0,0.5121428571428572
2026-05-05,Meta Ads,754396,2191,1227.04,1855.0,0.0,0.9301017333333331,1.7306879999999998,2.471909933333334,0.0,0.6614770889487871
2026-05-05,Google Ads,448,21,10.107413,9.0,0.0,0.046875,0.4813053809523809,22.561189732142857,0.0,1.1230458888888888
2026-05-06,Google Ads,179,7,1.591852,2.0,0.0,0.0391061452513966,0.2274074285714285,8.893027932960894,0.0,0.795926
2026-05-06,Meta Ads,844527,2139,1350.72,1768.0,0.0,0.8677963225806452,1.5673746129032258,2.4517960645161287,0.0,0.7639819004524887
2026-05-06,TikTok Ads,33497,1146,89.96,1146.0,0.0,3.42,0.08,2.69,0.0,0.07849912739965095
2026-05-07,TikTok Ads,42875,2378,128.81,2378.0,0.0,5.55,0.05,3.0,0.0,0.054167367535744325
2026-05-07,Google Ads,169601,3594,2594.877105,4720.384939,23.640962497,0.0211909127894293,0.7220025333889816,15.299892718792933,0.009110628958668932,0.5497172663951677
2026-05-07,Meta Ads,996288,2742,1715.23,2293.0,0.0,0.9518559705882351,1.7968581764705882,2.560057676470588,0.0,0.7480287832533798
2026-05-08,Google Ads,210613,4244,2767.991545,5995.046884,21.595736,0.0201507029480611,0.6522128993873705,13.142548394448585,0.007801951577131714,0.46171307723837973
2026-05-08,Meta Ads,1125520,2961,2180.5699999999997,2195.0,0.0,0.8187813684210525,1.4246691315789477,2.5353636842105267,0.0,0.9934259681093393
2026-05-08,TikTok Ads,39762,2452,117.16,2452.0,0.0,6.17,0.05,2.95,0.0,0.04778140293637847
2026-05-09,TikTok Ads,36837,2449,108.79,2449.0,0.0,6.65,0.04,2.95,0.0,0.04442221314822377
2026-05-09,Google Ads,292019,7557,2602.969732,8695.685976,37.02793,0.0258784531143521,0.3444448500727802,8.913699903088498,0.014225263376977292,0.2993403555721962
2026-05-10,Google Ads,384687,6794,2498.504183,7578.856006,53.310139,0.0176611115010385,0.3677515724168383,6.49490152513602,0.021336821992424898,0.3296677204345872
2026-05-10,TikTok Ads,35783,2152,97.36,2152.0,0.0,6.01,0.05,2.72,0.0,0.04524163568773234
2026-05-11,TikTok Ads,14266,723,40.18,723.0,0.0,5.07,0.06,2.82,0.0,0.05557399723374827
2026-05-11,Google Ads,96323,3983,652.893645,3090.531242,12.09310206,0.0413504562773169,0.1639200715541049,6.7781697517726816,0.01852231546839455,0.21125612196610177
2026-05-12,Google Ads,65844,4733,446.777613,3642.628566,20.542045,0.0718820241783609,0.0943962841749419,6.785395981410607,0.04597823257540884,0.1226525309690332
2026-05-12,TikTok Ads,0,0,0.0,0.0,0.0,0.0,0.0,0.0,0.0,0.0
2026-05-13,Google Ads,59674,3823,462.34067,2994.309309,16.687803,0.0640647518182122,0.1209366126078995,7.747774072460368,0.03609417056042247,0.15440644979806925
2026-05-13,TikTok Ads,0,0,0.0,0.0,0.0,0.0,0.0,0.0,0.0,0.0
2026-05-14,Google Ads,59247,4576,465.679746,3094.828804,14.951748,0.0772359781929886,0.1017656787587412,7.85997174540483,0.032107361611556966,0.15047027654586867
2026-05-14,TikTok Ads,0,0,0.0,0.0,0.0,0.0,0.0,0.0,0.0,0.0
2026-05-15,TikTok Ads,0,0,0.0,0.0,0.0,0.0,0.0,0.0,0.0,0.0
2026-05-15,Google Ads,69460,6108,586.889716,4473.667625,19.63074837,0.0879355024474517,0.0960854151931892,8.449319262885114,0.03344878575108649,0.13118759934696758
2026-05-16,TikTok Ads,0,0,0.0,0.0,0.0,0.0,0.0,0.0,0.0,0.0
2026-05-16,Google Ads,78611,9465,738.819292,6448.550382,21.812477655,0.1204029970360382,0.0780580340200739,9.398421238757933,0.02952342729973001,0.11457137623709737
2026-05-17,Google Ads,66253,7290,617.933553,4797.695764,25.779473,0.1100327532338158,0.0847645477366255,9.326876564080118,0.041718843190895645,0.1287979862409633
2026-05-17,TikTok Ads,0,0,0.0,0.0,0.0,0.0,0.0,0.0,0.0,0.0
2026-05-18,Google Ads,60550,4483,484.234644,3189.439138,18.562545,0.074037985136251,0.1080157581976355,7.997269099917423,0.038333781421884386,0.15182438762686307
2026-05-18,TikTok Ads,0,0,0.0,0.0,0.0,0.0,0.0,0.0,0.0,0.0
2026-05-19,Google Ads,101133,4777,758.428477,3797.822193,11.111779,0.0472348293830895,0.1587666897634498,7.499317502694472,0.014651057201798608,0.19970089131552982
2026-05-19,TikTok Ads,0,0,0.0,0.0,0.0,0.0,0.0,0.0,0.0,0.0
2026-05-20,TikTok Ads,0,0,0.0,0.0,0.0,0.0,0.0,0.0,0.0,0.0
2026-05-20,Google Ads,105225,4725,897.322146,3761.090182,21.141779,0.044903777619387,0.1899094488888889,8.527651660727013,0.023560968704766594,0.2385803324510659
2026-05-21,Google Ads,41134,3639,467.347887,2816.752025,2.094015,0.0884669616375747,0.128427558944765,11.3615959303739,0.004480634358789773,0.16591729866600524
2026-05-21,TikTok Ads,0,0,0.0,0.0,0.0,0.0,0.0,0.0,0.0,0.0
2026-05-22,TikTok Ads,0,0,0.0,0.0,0.0,0.0,0.0,0.0,0.0,0.0
2026-05-22,Google Ads,35520,4225,452.521137,3133.635171,0.0,0.118947072072072,0.107105594556213,12.739896875,0.0,0.1444077285026107
2026-05-23,TikTok Ads,0,0,0.0,0.0,0.0,0.0,0.0,0.0,0.0,0.0
2026-05-23,Google Ads,52433,7653,675.398611,5367.372633,0.0,0.1459576983960483,0.0882527911929962,12.881174279556767,0.0,0.12583411981636491
2026-05-24,Google Ads,37662,6671,660.146563,3400.373387,1.0,0.1771281397695289,0.0989576619697196,17.52818658063831,0.0015148151275007093,0.19413943348804358
2026-05-24,TikTok Ads,0,0,0.0,0.0,0.0,0.0,0.0,0.0,0.0,0.0
2026-05-25,Google Ads,93207,4378,822.065896,3109.731362,1.0,0.0469707210831804,0.1877720182731841,8.819787097535592,0.0012164474951044558,0.2643527045600796
2026-05-25,TikTok Ads,0,0,0.0,0.0,0.0,0.0,0.0,0.0,0.0,0.0
2026-05-26,Google Ads,293923,5934,1870.914588,5269.436004,5.0,0.0201889610544258,0.3152872578361982,6.365322169411717,0.002672489718167722,0.35505025330600826
2026-05-26,TikTok Ads,0,0,0.0,0.0,0.0,0.0,0.0,0.0,0.0,0.0
2026-05-27,TikTok Ads,0,0,0.0,0.0,0.0,0.0,0.0,0.0,0.0,0.0
2026-05-27,Google Ads,370537,6855,2237.094447,5869.272587,18.400318,0.0185001767704709,0.32634492297593,6.037438763200436,0.008225096631335922,0.3811536121111493
2026-05-28,TikTok Ads,19598,929,51.84,929.0,0.0,4.74,0.06,2.65,0.0,0.055801937567276645
2026-05-28,Google Ads,394796,7366,2349.635573,6331.629261,21.983006,0.0186577371604575,0.3189839224816725,5.951518184074814,0.009355921510812094,0.3710949387818239
2026-05-29,TikTok Ads,28538,1382,83.82,1382.0,0.0,4.84,0.06,2.94,0.0,0.06065123010130245
2026-05-29,Google Ads,385625,9038,2893.842658,7250.40822,28.128258,0.0234372771474878,0.320186175923877,7.504292143922204,0.009720037100925201,0.3991282380511259
2026-05-30,TikTok Ads,28926,1483,82.22,1483.0,0.0,5.13,0.06,2.84,0.0,0.05544167228590694
2026-05-30,Google Ads,413622,13260,3245.70985,9742.226665,60.535515,0.0320582560888927,0.2447744984917043,7.847043556677353,0.018650932399271607,0.33315893394890544
2026-05-31,TikTok Ads,31989,1803,84.35,1803.0,0.0,5.64,0.05,2.64,0.0,0.04678313921242373
2026-05-31,Google Ads,371007,11816,2994.838506,6844.476945,43.889113,0.0318484556895152,0.2534562039607312,8.0721886810761,0.014654918090598372,0.4375554962147659
2026-06-01,TikTok Ads,32470,1859,80.6,1859.0,0.0,5.73,0.04,2.48,0.0,0.043356643356643354
2026-06-01,Google Ads,403669,8873,2749.431684,7112.281295,30.723346377,0.0219808803747624,0.3098649480446298,6.811104355301002,0.011174435268128668,0.38657521686225715
2026-06-02,Google Ads,235070,6369,2268.26031,5540.501155,28.020661052,0.0270940570893776,0.3561407300989166,9.649297273152678,0.012353370963846737,0.409396234481969
2026-06-02,TikTok Ads,28351,1742,78.56,1742.0,0.0,6.14,0.05,2.77,0.0,0.04509758897818599
2026-06-03,Google Ads,381,21,1.692061,4.5,0.0,0.0551181102362204,0.0805743333333333,4.441104986876641,0.0,0.37601355555555555
2026-06-03,TikTok Ads,28207,1903,79.56,1903.0,0.0,6.75,0.04,2.82,0.0,0.04180767209668944
2026-06-04,TikTok Ads,29945,2159,79.87,2159.0,0.0,7.21,0.04,2.67,0.0,0.03699397869383974
2026-06-04,Google Ads,1174,78,16.06639,31.833333,0.0,0.0664395229982964,0.2059793589743589,13.685170357751277,0.0,0.5047033560701921
2026-06-05,Google Ads,815,50,8.792426,20.75,0.0,0.0613496932515337,0.1758485199999999,10.788252760736198,0.0,0.42373137349397594
2026-06-05,TikTok Ads,29534,1727,71.38,1727.0,0.0,5.85,0.04,2.42,0.0,0.0413317892298784
2026-06-06,Google Ads,380891,12072,4476.705994,9703.764978,23.508322615,0.0316941067129441,0.3708338298542081,11.753246976169034,0.005251254526544189,0.4613370175544662
2026-06-06,TikTok Ads,27944,1676,70.62,1676.0,0.0,6.0,0.04,2.53,0.0,0.04213603818615752
2026-06-07,TikTok Ads,30560,1904,70.6,1904.0,0.0,6.23,0.04,2.31,0.0,0.03707983193277311
2026-06-07,Google Ads,517000,14074,4236.075264,10380.769296,33.842119778,0.0272224371373307,0.3009858792098905,8.193569176015474,0.007989027028297862,0.4080694930415492
2026-06-08,Google Ads,498602,10496,4152.779193,7717.846303,32.802826453,0.0210508581995258,0.3956535054306402,8.32884583896575,0.00789900568474554,0.5380748760681818
2026-06-08,TikTok Ads,28239,1550,67.69,1550.0,0.0,5.49,0.04,2.4,0.0,0.04367096774193548
2026-06-09,Google Ads,530631,11010,4222.912647,7859.909912,33.971548,0.0207488819914403,0.3835524656675749,7.9582848476625,0.008044577484721056,0.537272398065623
2026-06-09,TikTok Ads,26862,1418,66.23,1418.0,0.0,5.28,0.05,2.47,0.0,0.046706629055007054
2026-06-10,Google Ads,567688,12555,4877.694997,8888.640955,35.333625897,0.0221160214765857,0.3885061726005576,8.592210857020053,0.0072439186785421715,0.5487559933733424
2026-06-10,TikTok Ads,24790,1283,65.36,1283.0,0.0,5.18,0.05,2.64,0.0,0.050943102104442715
2026-06-11,Google Ads,538946,11395,4600.759067,8785.782696,36.380345,0.0211431200899533,0.4037524411584028,8.536586350023935,0.007907465805142106,0.5236595561479842
2026-06-11,TikTok Ads,24796,1263,61.92,1263.0,0.0,5.09,0.05,2.5,0.0,0.04902612826603325
2026-06-12,TikTok Ads,23788,1201,57.84,1201.0,0.0,5.05,0.05,2.43,0.0,0.048159866777685266
2026-06-12,Google Ads,499162,13474,4768.985215,9590.005921,43.99255428,0.0269932406713652,0.3539398259611103,9.553982905349367,0.00922472020706401,0.49728699380226377
2026-06-13,Google Ads,506350,10658,4640.004143,9680.718799,40.668624433,0.0210486817418781,0.4353541136235691,9.163630182679963,0.008764781922523382,0.4793036797514771
2026-06-13,TikTok Ads,20638,861,48.65,861.0,0.0,4.17,0.06,2.36,0.0,0.056504065040650406
2026-06-14,Google Ads,381593,10172,4208.665836,8468.85057,41.666663883,0.0266566734714735,0.413750082186394,11.029200839638044,0.009900207216879169,0.4969583299661408
2026-06-14,TikTok Ads,9742,186,17.44,186.0,0.0,1.91,0.09,1.79,0.0,0.09376344086021506
2026-06-15,TikTok Ads,7367,0,10.92,0.0,0.0,0.0,0.0,1.48,0.0,0.0
2026-06-16,Google Ads,446,121,5.539979,43.533333,0.0,0.2713004484304933,0.0457849504132231,12.421477578475336,0.0,0.12725832409845578
2026-06-16,TikTok Ads,6457,0,11.11,0.0,0.0,0.0,0.0,1.72,0.0,0.0
2026-06-17,Google Ads,137,44,4.4226,21.0,0.0,0.3211678832116788,0.1005136363636363,32.28175182481752,0.0,0.2106
2026-06-17,TikTok Ads,5421,0,10.42,0.0,0.0,0.0,0.0,1.92,0.0,0.0
2026-06-18,Google Ads,73,18,1.070566,7.0,0.0,0.2465753424657534,0.0594758888888888,14.665287671232875,0.0,0.152938
2026-06-18,TikTok Ads,5976,0,11.38,0.0,0.0,0.0,0.0,1.9,0.0,0.0
2026-06-19,Google Ads,489,147,14.13923,109.0,0.0,0.3006134969325153,0.096185238095238,28.914580777096113,0.0,0.12971770642201835
2026-06-19,TikTok Ads,5043,0,10.64,0.0,0.0,0.0,0.0,2.11,0.0,0.0
2026-06-20,TikTok Ads,5640,0,10.09,0.0,0.0,0.0,0.0,1.79,0.0,0.0
2026-06-20,Google Ads,33,10,0.689147,4.0,0.0,0.303030303030303,0.0689147,20.88324242424242,0.0,0.17228675
2026-06-21,Google Ads,34,8,0.888487,4.0,0.0,0.2352941176470588,0.111060875,26.131970588235294,0.0,0.22212175
2026-06-21,TikTok Ads,5663,0,9.31,0.0,0.0,0.0,0.0,1.64,0.0,0.0
2026-06-22,Google Ads,188,54,5.695304,26.0,0.0,0.2872340425531915,0.1054685925925926,30.29417021276596,0.0,0.21905015384615384
2026-06-22,TikTok Ads,5118,0,8.85,0.0,0.0,0.0,0.0,1.73,0.0,0.0
2026-06-23,TikTok Ads,4799,0,9.06,0.0,0.0,0.0,0.0,1.89,0.0,0.0
2026-06-23,Google Ads,76,17,1.20953,2.0,0.0,0.2236842105263158,0.0711488235294117,15.914868421052633,0.0,0.604765
2026-06-24,Google Ads,109,30,2.632018,23.5,0.0,0.2752293577981651,0.0877339333333333,24.146954128440367,0.0,0.1120007659574468
2026-06-24,TikTok Ads,3989,0,8.7,0.0,0.0,0.0,0.0,2.18,0.0,0.0
2026-06-25,TikTok Ads,4231,0,8.64,0.0,0.0,0.0,0.0,2.04,0.0,0.0
2026-06-25,Google Ads,210,55,2.821322,21.833336,0.0,0.2619047619047619,0.0512967636363636,13.434866666666666,0.0,0.12922083917913416
2026-06-26,Google Ads,11611,2858,275.707596,1874.118583,1.0,0.2461458961329773,0.0964687179846046,23.745379037119974,0.003627031008605218,0.14711320751041293
2026-06-26,TikTok Ads,3524,0,7.44,0.0,0.0,0.0,0.0,2.11,0.0,0.0
2026-06-27,TikTok Ads,3183,0,6.25,0.0,0.0,0.0,0.0,1.96,0.0,0.0
2026-06-27,Google Ads,19326,5682,354.162923,2974.971062,1.0,0.2940080720273207,0.0623306798662442,18.325723015626618,0.002823559257782611,0.11904751865448565
2026-06-28,Google Ads,29968,6831,613.013185,3488.984213,0.0,0.2279431393486385,0.0897398894744546,20.455592131607048,0.0,0.1756996155832133
2026-06-28,TikTok Ads,2967,0,4.78,0.0,0.0,0.0,0.0,1.61,0.0,0.0
2026-06-29,Google Ads,44070,3453,788.972533,1558.196994,0.0,0.0783526208304969,0.2284890046336519,17.902712343998186,0.0,0.5063368341987702
2026-06-29,TikTok Ads,1776,0,3.62,0.0,0.0,0.0,0.0,2.04,0.0,0.0
2026-06-30,Google Ads,123694,6774,1317.493846,2089.329783,0.0,0.0547641761120183,0.1944927437260112,10.651234869920934,0.0,0.6305820444048109
2026-06-30,TikTok Ads,87,0,0.22,0.0,0.0,0.0,0.0,2.53,0.0,0.0
2026-07-01,Google Ads,124345,7610,1449.932034,2235.329465,0.0,0.0612006916241103,0.1905298336399474,11.660557593791467,0.0,0.6486435474960288
2026-07-01,TikTok Ads,43533,0,79.46,0.0,0.0,0.0,0.0,1.83,0.0,0.0
2026-07-02,TikTok Ads,62512,0,174.08,0.0,0.0,0.0,0.0,2.78,0.0,0.0
2026-07-02,Google Ads,178766,8406,1825.789611,2222.436642,0.0,0.0470223644317152,0.2172007626695217,10.213293417092736,0.0,0.8215260568044576
2026-07-03,Google Ads,168416,9667,1904.542488,3299.992495,0.0,0.0573995344860345,0.1970148430743767,11.308560279308379,0.0,0.5771353998185381
2026-07-03,TikTok Ads,54345,0,164.89,0.0,0.0,0.0,0.0,3.03,0.0,0.0
2026-07-04,Google Ads,173191,12237,2203.064555,4579.104014,1.0,0.0706560964484297,0.1800330599820217,12.72043324999567,0.00045391316279426956,0.4811125819078195
2026-07-04,TikTok Ads,48600,0,163.53,0.0,0.0,0.0,0.0,3.36,0.0,0.0
2026-07-05,TikTok Ads,19568,0,82.18,0.0,0.0,0.0,0.0,4.2,0.0,0.0
2026-07-05,Google Ads,171333,9118,1681.254974,2464.07868,0.0,0.0532180023696544,0.1843885692037727,9.812791312823565,0.0,0.6823057184196731
2026-07-06,TikTok Ads,3467,0,32.38,0.0,0.0,0.0,0.0,9.34,0.0,0.0
2026-07-06,Google Ads,16350,3854,391.293353,2216.719447,0.0,0.2357186544342507,0.101529152309289,23.93231516819572,0.0,0.17651911410330134
2026-07-07,TikTok Ads,1361,0,16.31,0.0,0.0,0.0,0.0,11.98,0.0,0.0
2026-07-07,Google Ads,18475,4222,444.022262,2210.027243,0.0,0.2285250338294993,0.1051687025106584,24.033681299052773,0.0,0.20091257399943283
2026-07-08,TikTok Ads,0,0,0.0,0.0,0.0,0.0,0.0,0.0,0.0,0.0
2026-07-08,Google Ads,20124,4541,404.786018,2441.624713,0.0,0.225650964023057,0.089140281435807,20.114590439276483,0.0,0.1657855180793298
2026-07-09,Google Ads,30772,4133,441.039851,2351.634685,0.0,0.1343104120629143,0.106711795548028,14.332505232029117,0.0,0.18754607329666936
2026-07-09,TikTok Ads,0,0,0.0,0.0,0.0,0.0,0.0,0.0,0.0,0.0
2026-07-10,TikTok Ads,0,0,0.0,0.0,0.0,0.0,0.0,0.0,0.0,0.0
2026-07-10,Google Ads,39386,5726,660.086795,3626.687953,0.0,0.145381607677855,0.1152788674467342,16.75942708068857,0.0,0.18200815828502023
2026-07-11,TikTok Ads,0,0,0.0,0.0,0.0,0.0,0.0,0.0,0.0,0.0
2026-07-11,Google Ads,57239,10764,954.801658,6220.95262,1.0,0.1880535998183057,0.0887032383872166,16.68096329425741,0.001047337938326035,0.15348158333988404
2026-07-12,Google Ads,46939,8916,831.672728,5018.996527,0.0,0.1899486567672937,0.0932786819201435,17.718160335754916,0.0,0.16570498176796208
2026-07-12,TikTok Ads,0,0,0.0,0.0,0.0,0.0,0.0,0.0,0.0,0.0
2026-07-13,Google Ads,45267,5191,601.862347,3159.544256,1.0,0.1146751496675282,0.1159434303602388,13.295830229527029,0.00166150948798264,0.19049024107102108
2026-07-13,TikTok Ads,0,0,0.0,0.0,0.0,0.0,0.0,0.0,0.0,0.0
2026-07-14,Google Ads,63915,5543,739.057526,3577.339019,0.0,0.0867245560510052,0.1333316842864874,11.563131127278417,0.0,0.20659420929207717
2026-07-15,Google Ads,57177,5440,730.139768,3896.485632,0.0,0.0951431519666999,0.134216869117647,12.769815974954964,0.0,0.18738418076117264
2026-07-16,Google Ads,58247,6009,768.49066,3721.946356,0.0,0.103164111456384,0.1278899417540356,13.19365220526379,0.0,0.20647547989539053
2026-07-17,Google Ads,67929,7517,1273.077462,4467.651043,0.0,0.1106596593502038,0.1693597794332845,18.741295499712937,0.0,0.2849545431697674
2026-07-18,Google Ads,76988,8721,1413.327128,5836.888845,0.0,0.1132773938795656,0.1620602141956197,18.357758715643993,0.0,0.24213706403038412
2026-07-19,Google Ads,70970,7583,1148.784344,4253.432602,0.0,0.1068479639284204,0.1514947044705261,16.1869007186135,0.0,0.27008405950991954
2026-07-19,TikTok Ads,0,0,0.0,0.0,0.0,0.0,0.0,0.0,0.0,0.0
2026-07-20,Google Ads,77516,8411,982.411047,4595.44716,0.0,0.1085066308891067,0.1168007427178694,12.673655077661387,0.0,0.21377920641785816
2026-07-21,Google Ads,80470,9897,1014.848456,5359.182962,1.0,0.1229899341369454,0.1025410180862887,12.611513060767988,0.000985368794806542,0.18936626407344517
2026-07-22,Google Ads,108963,10747,1384.508289,5593.983044,0.0,0.0986298101190312,0.1288274205824881,12.706224030175381,0.0,0.24749955051883782
2026-07-23,Google Ads,111319,9121,1238.735263,5230.321429,0.0,0.0819356983084648,0.1358113433834009,11.127797258329664,0.0,0.23683731101720024
2026-07-24,Google Ads,147579,11081,1340.974869,5556.670824,0.0,0.0750852086001395,0.1210156907318834,9.086488382493444,0.0,0.24132703042407178
2026-07-25,TikTok Ads,0,0,0.0,0.0,0.0,0.0,0.0,0.0,0.0,0.0
2026-07-25,Google Ads,178163,13607,1443.226639,7059.482849,2.0,0.0763738823436965,0.1060650135224516,8.100596863546304,0.0013857837334445154,0.20443801194367064
2026-07-26,Google Ads,163396,13394,1285.006435,6009.783493,0.0,0.0819726309089573,0.095938960355383,7.864368987000907,0.0,0.21381908957231716
2026-07-27,Google Ads,158167,11429,1099.216815,5712.946738,1.299952,0.0722590679471697,0.0961778646425759,6.949722856221588,0.001182616552313203,0.19240802783762975
2026-07-28,Google Ads,121074,16255,961.206147,7447.243561,0.19997,0.1342567355501594,0.059132952752999,7.938997200059467,0.0002080407003472898,0.12906871369612238
2026-07-29,Google Ads,235164,22642,2052.534887,10091.35546,3.54458,0.0962817438043237,0.0906516600565321,8.728099908999676,0.001726928015913427,0.20339536102318603
2026-07-30,Google Ads,334548,18672,2535.514825,9558.281745,4.0,0.0558126188170307,0.1357923535239931,7.578926865502111,0.0015775888827626948,0.2652688937869345
2026-07-31,Google Ads,358212,18262,2675.229639,9511.312088,5.0,0.0509809833283083,0.1464916021793889,7.468285928444608,0.00186899843180154,0.2812682008800046
2026-08-01,Google Ads,428821,23296,3048.442903,10770.219567,2.666511,0.0543256976687242,0.130856924064217,7.1088936945718615,0.000874712463000656,0.2830437099295954
2026-08-02,Google Ads,433380,24968,2998.189187,10898.977062,2.0,0.0576122571415386,0.1200812715075296,6.918153091974711,0.0006670693125943823,0.2750890445905592
2026-08-03,Google Ads,263458,17300,1612.901755,8163.663808,2.0,0.0656651155022812,0.093231315317919,6.122045088780755,0.001240001130757031,0.19757082027550343
2026-08-04,TikTok Ads,264,0,0.24,0.0,0.0,0.0,0.0,0.91,0.0,0.0
2026-08-04,Google Ads,361883,17129,2092.870321,8264.873565,3.667086,0.0473329777856379,0.1221828665421215,5.783278907823799,0.001752180229804119,0.2532247232266039
2026-08-05,Google Ads,368465,16499,2222.204737,8580.977842,5.583042,0.0447776586650021,0.1346872378325959,6.030979162199938,0.0025123886683533787,0.25896870705379454
2026-08-05,TikTok Ads,27228,48,70.11,48.0,0.0,0.18,1.46,2.57,0.0,1.460625
2026-08-06,Google Ads,388157,15385,2170.339947,8485.6337,6.498741,0.0396360235677831,0.1410685698407539,5.591397158881587,0.002994342434226964,0.255766395737775
2026-08-06,TikTok Ads,24782,38,46.26,38.0,0.0,0.15,1.22,1.87,0.0,1.2173684210526314
2026-08-07,Google Ads,372593,17031,2252.558366,9555.54357,4.996944,0.0457093933595102,0.1322622491926487,6.045627174960346,0.002218341631197493,0.23573314793644964
2026-08-07,TikTok Ads,23446,41,51.69,41.0,0.0,0.17,1.26,2.2,0.0,1.2607317073170732
2026-08-08,TikTok Ads,22769,57,64.87,57.0,0.0,0.25,1.14,2.85,0.0,1.1380701754385967
2026-08-08,Google Ads,394301,26479,2377.71886,12713.430047,3.245813,0.0671542806130342,0.0897963994108538,6.030212604076581,0.0013650953670780069,0.18702418239687194
2026-08-09,Google Ads,372738,20645,2195.675218,9220.532452,1.0,0.0553874303129812,0.1063538492613223,5.890666414478802,0.0004554407645548241,0.23812889650681096
2026-08-09,TikTok Ads,23277,63,63.04,63.0,0.0,0.27,1.0,2.71,0.0,1.0006349206349205
2026-08-10,Google Ads,337014,13685,2007.205306,6032.448312,1.0,0.0406066216833722,0.1466719259042747,5.9558514067664845,0.0004982051397586331,0.3327347707243811
2026-08-10,TikTok Ads,21708,56,64.98,56.0,0.0,0.26,1.16,2.99,0.0,1.1603571428571429
2026-08-11,Google Ads,343479,14557,2038.743258,6242.868683,0.0,0.0423810480407826,0.1400524323693068,5.935568864472064,0.0,0.32657154291130874
2026-08-11,TikTok Ads,21040,52,47.55,52.0,0.0,0.25,0.91,2.26,0.0,0.9144230769230769
2026-08-12,Google Ads,351236,14351,2076.597922,6254.631246,1.0,0.0408585680283342,0.1447005729217476,5.912258202462162,0.00048155687213482633,0.33200964858288623
2026-08-12,TikTok Ads,20507,64,51.31,64.0,0.0,0.31,0.8,2.5,0.0,0.80171875
2026-08-13,TikTok Ads,20252,44,66.18,44.0,0.0,0.22,1.5,3.27,0.0,1.5040909090909091
2026-08-13,Google Ads,345320,13402,2064.307506,5272.426069,1.0,0.0388103787791034,0.1540298094314281,5.977955247306846,0.00048442395190322,0.39152896199671683
2026-08-14,Google Ads,354734,15582,2224.974323,6472.622942,1.590093,0.0439258712161788,0.1427913183801822,6.272233061956283,0.0007146567866257574,0.3437515738113577
2026-08-14,TikTok Ads,19252,52,50.11,52.0,0.0,0.27,0.96,2.6,0.0,0.9636538461538462
2026-08-15,TikTok Ads,21661,48,85.95,48.0,0.0,0.22,1.79,3.97,0.0,1.7906250000000001
2026-08-15,Google Ads,366178,22915,2337.522994,9191.050287,2.0,0.0625788550923321,0.102008422168885,6.383570269104096,0.0008556065566557589,0.2543259933313865
2026-08-16,TikTok Ads,10920,25,45.26,25.0,0.0,0.23,1.81,4.14,0.0,1.8104
2026-08-16,Google Ads,353316,19903,2169.528754,7947.40428,0.0,0.0563320087400514,0.1090051124956036,6.140476949812632,0.0,0.27298583003506144
2026-08-17,TikTok Ads,554,5,66.11,5.0,0.0,0.9,13.22,119.33,0.0,13.222
2026-08-17,Google Ads,91392,5976,793.467208,2742.048921,0.0,0.0653886554621848,0.1327756372155288,8.682020395658263,0.0,0.2893701866233042
2026-08-18,Google Ads,84058,6019,683.251481,3026.860047,0.0,0.0716053201360965,0.1135157801960458,8.128333781436627,0.0,0.22572945904029768
2026-08-18,TikTok Ads,251,6,23.95,6.0,0.0,2.39,3.99,95.42,0.0,3.9916666666666667
2026-08-19,Google Ads,82475,5407,651.919847,2551.25871,0.0,0.0655592603819339,0.1205696036619197,7.904454040618369,0.0,0.25552870998331645
2026-08-19,TikTok Ads,0,0,0.0,0.0,0.0,0.0,0.0,0.0,0.0,0.0
2026-08-20,TikTok Ads,0,0,0.0,0.0,0.0,0.0,0.0,0.0,0.0,0.0
2026-08-20,Google Ads,38833,3255,391.281434,2046.354776,0.0,0.0838204619782144,0.120209349923195,10.076003244663044,0.0,0.19120899200325175
2026-08-21,TikTok Ads,0,0,0.0,0.0,0.0,0.0,0.0,0.0,0.0,0.0
2026-08-21,Google Ads,39312,3232,367.776229,2530.01175,0.0,0.0822140822140822,0.1137921500618811,9.35531718050468,0.0,0.14536542330287597
2026-08-22,TikTok Ads,0,0,0.0,0.0,0.0,0.0,0.0,0.0,0.0,0.0
2026-08-22,Google Ads,46063,6102,435.221692,4018.863773,0.0,0.1324707465861971,0.0713244333005572,9.448400929162235,0.0,0.108294711287294
2026-08-23,Google Ads,40802,5348,387.188892,3243.923641,0.0,0.1310720062742022,0.0723988204936424,9.48945865398755,0.0,0.1193582016254371
2026-08-23,TikTok Ads,0,0,0.0,0.0,0.0,0.0,0.0,0.0,0.0,0.0
2026-08-24,Google Ads,40899,2770,257.558351,2332.343129,0.0,0.0677278173060466,0.0929813541516245,6.297424166850045,0.0,0.11042901355189065
2026-08-24,TikTok Ads,0,0,0.0,0.0,0.0,0.0,0.0,0.0,0.0,0.0
2026-08-25,Google Ads,38335,2589,265.902562,2155.399871,0.0,0.0675361940785183,0.1027047361915797,6.9362869962175555,0.0,0.12336576872700387
2026-08-26,Google Ads,46878,2711,319.312621,1938.146415,0.0,0.0578309654848756,0.1177840726669125,6.811566641068304,0.0,0.16475154742114775
2026-08-26,TikTok Ads,0,0,0.0,0.0,0.0,0.0,0.0,0.0,0.0,0.0
2026-08-27,Google Ads,46683,2808,368.778711,2017.016627,0.0,0.0601503759398496,0.1313314497863247,7.899636077372919,0.0,0.18283374864812157
2026-08-27,TikTok Ads,0,0,0.0,0.0,0.0,0.0,0.0,0.0,0.0,0.0
2026-08-28,Google Ads,55556,3403,417.118599,2679.045115,0.0,0.0612535099719202,0.1225737875404055,7.508074717402261,0.0,0.15569674309124132
2026-08-28,TikTok Ads,0,0,0.0,0.0,0.0,0.0,0.0,0.0,0.0,0.0
2026-08-29,Google Ads,56368,6186,481.278373,3676.977873,0.0,0.1097431166619358,0.0778012242159715,8.538148825574794,0.0,0.13088965711053654
2026-08-29,TikTok Ads,0,0,0.0,0.0,0.0,0.0,0.0,0.0,0.0,0.0
2026-08-30,Google Ads,53077,5634,465.197969,2955.766106,0.0,0.1061476722497503,0.0825697495562655,8.764586713642442,0.0,0.1573865970164826
2026-08-31,Google Ads,56504,2884,363.372878,1890.589565,108.312192,0.0510406342913776,0.1259961435506241,6.430923085091321,0.2980745084667546,0.19220082704730257
2026-08-31,TikTok Ads,0,0,0.0,0.0,0.0,0.0,0.0,0.0,0.0,0.0
2026-09-01,Google Ads,57209,3529,471.821758,1883.261622,161.198972,0.06168609834117,0.1336984295834513,8.247334475344788,0.34165226437056345,0.2505343668071626
2026-09-02,Google Ads,62250,3160,495.816539,1217.865956,164.125234,0.0507630522088353,0.1569039680379746,7.964924321285141,0.3310200872504578,0.4071191386517417
2026-09-03,Google Ads,58155,2821,463.522369,1292.385351,452.311111,0.048508296793053,0.164311367954626,7.970464603215545,0.9758129083949344,0.358656470874839
2026-09-04,Google Ads,89000,5711,552.713082,1657.86673,1011.86673,0.0641685393258427,0.0967804381019086,6.210259348314606,1.830726941252315,0.3333881258356635
2026-09-05,Google Ads,107686,6926,669.578953,1621.524145,1028.524145,0.0643166242594209,0.0966761410626624,6.217883039578032,1.5360759778839705,0.41293184259060167
2026-09-06,Google Ads,97657,7114,614.223591,442.252745,439.252745,0.0728468005365718,0.0863401168119201,6.289601267702264,0.715134930400288,1.3888519583976806
