plataforma,campanha,impressoes,custo,video_p25,video_p50,video_p75,video_p100,video_2s,video_6s
Meta Ads,ALC - NATAL 25,401337,648.74,8596.0,2309.0,1234.0,878.0,,
Meta Ads,TRAF - NATAL 25,187511,665.22,15105.0,6055.0,3425.0,2275.0,,
Meta Ads,[ALC] Pandora Black Friday,27317,41.29,1081.0,417.0,238.0,157.0,,
Meta Ads,[ALC] Promo Nike 30% OFF Nov,16141,23.48,507.0,186.0,112.0,87.0,,
Meta Ads,[ALC] Curso de Gestantes Nov.,212078,349.93,,,,,,
Meta Ads,[BF] ALC Riachuelo,60427,99.87,6.0,2.0,1.0,,,
Meta Ads,[BF] ALC Adcos,152589,249.98,,,,,,
Meta Ads,[BF] ALC Nike,94719,150.0,11.0,2.0,1.0,1.0,,
Meta Ads,[BF] Outlet Aniversário,55037,99.93,1244.0,522.0,158.0,99.0,,
Meta Ads,[BF] Outlet Aniversário - 2,57938,99.93,23.0,12.0,7.0,5.0,,
Meta Ads,[ALC] Black Friday Gastronomia,301998,499.95,3.0,1.0,,,,
Meta Ads,[ALC] Black Friday Jóias,325451,500.0,802.0,294.0,173.0,120.0,,
Meta Ads,[ALC] Black Friday Inst.,580936,1000.0,14160.0,5838.0,3412.0,2437.0,,
Meta Ads,[ALC] Spedini,191662,350.0,4924.0,1980.0,1159.0,850.0,,
Meta Ads,[ENG] Post Foto Papai Noel,74372,349.99,22662.0,13133.0,8725.0,3356.0,,
Meta Ads,[ENG] Decoração de Natal,48851,202.62,9448.0,5741.0,3893.0,3278.0,,
Meta Ads,[ALC] Vídeo Promo Natal 25 Sara,55028,95.38,252.0,56.0,29.0,11.0,,
Meta Ads,[ENG] Encontro Pet,17696,199.92,,,,,,
Meta Ads,[TFG] Narbona - Jazz,19731,148.4,,,,,,
Meta Ads,[ALC] Horário Black,91376,199.4,,,,,,
Meta Ads,[ALC] Eventos de Natal,92525,199.99,246.0,92.0,44.0,22.0,,
Meta Ads,ALC - NATAL 25,1836984,2601.21,37215.0,15326.0,7100.0,4835.0,,
Meta Ads,TRAF - NATAL 25,297821,2044.84,17961.0,8619.0,5373.0,3805.0,,
Meta Ads,[ENG] Post Foto Papai Noel,0,0.0,,,,,,
Meta Ads,[ALC] Agenda de Natal,187422,349.93,4.0,2.0,1.0,1.0,,
Meta Ads,ALC - NARBONA,714095,948.77,3367.0,1013.0,582.0,339.0,,
Meta Ads,ALC - Horário final de ano,765258,940.83,,,,,,
Meta Ads,TFG - Story Horário Dezembro,125788,349.97,1.0,1.0,1.0,1.0,,
Meta Ads,[ALC] Homem do Sapato - feed,286493,349.99,,,,,,
Meta Ads,[ALC] Homem do Sapato - Reels,415185,499.98,12399.0,4491.0,2246.0,1163.0,,
Meta Ads,[ALC] Horário dezembro 02,331149,350.0,,,,,,
Meta Ads,ALC - NATAL 25,770719,623.53,24322.0,9528.0,4803.0,3212.0,,
Meta Ads,TRAF - NATAL 25,72732,465.05,8963.0,4794.0,3201.0,2395.0,,
Meta Ads,ALC - NARBONA,871148,947.59,6087.0,1761.0,993.0,608.0,,
Meta Ads,ALC - Horário final de ano,0,0.0,,,,,,
Meta Ads,ALC - Capivalley,930104,1078.08,5280.0,1588.0,820.0,428.0,,
Meta Ads,[ALC] Aniversário Capitu,321568,350.0,,,,,,
Meta Ads,ALC - LIQUIDA,976650,1499.64,19690.0,8919.0,5561.0,4067.0,,
Meta Ads,[ALC] Novas Lojas - Vídeo Elisa,471495,589.78,2702.0,711.0,423.0,191.0,,
Meta Ads,[ALC] Video Argentinos,535987,593.71,1261.0,433.0,263.0,178.0,,
Meta Ads,[ALC] Nike 20% OFF - 26/01,284413,299.83,6728.0,2746.0,1636.0,1164.0,,
Meta Ads,[ALC] Volta às aulas,238574,297.57,,,,,,
Meta Ads,[ALC] Capivalley vídeo,445554,500.0,3972.0,1068.0,572.0,296.0,,
Meta Ads,[ALC] - Video Capivalley 2,407049,500.0,6352.0,2133.0,1076.0,536.0,,
Meta Ads,[ALC] Usaflex liquida,292146,350.0,,,,,,
Meta Ads,[ALC] Homem do Sapato - promoção,402414,500.0,,,,,,
Meta Ads,ALC - NARBONA,261855,313.86,2004.0,615.0,333.0,212.0,,
Meta Ads,ALC - Capivalley,423827,457.7,3930.0,1176.0,584.0,330.0,,
Meta Ads,[ALC] Novas Lojas - Vídeo Elisa,309134,359.04,1634.0,348.0,206.0,111.0,,
Meta Ads,[ALC] Video Argentinos,351962,354.66,705.0,255.0,146.0,94.0,,
Meta Ads,[ALC] Volta às aulas,167555,195.7,,,,,,
Meta Ads,[ALC] Carnaval - 02/02,169931,199.55,2988.0,1232.0,393.0,224.0,,
Meta Ads,[ALC] Semana do Cinema 2026,180279,230.12,,,,,,
Meta Ads,[ALC] Bazar anacapri,142356,172.01,,,,,,
Meta Ads,ALC - NARBONA,539036,647.14,3893.0,1196.0,660.0,416.0,,
Meta Ads,ALC - Capivalley,403970,464.22,4195.0,1264.0,651.0,349.0,,
Meta Ads,[ALC] Novas Lojas - Vídeo Elisa,43303,51.05,232.0,46.0,23.0,9.0,,
Meta Ads,[ALC] Video Argentinos,49717,51.39,107.0,48.0,24.0,26.0,,
Meta Ads,[ALC] Volta às aulas,5151,6.41,,,,,,
Meta Ads,[ALC] Carnaval - 02/02,256570,300.45,1078.0,427.0,142.0,79.0,,
Meta Ads,[ALC] Semana do Cinema 2026,215313,269.88,,,,,,
Meta Ads,[ALC] Bazar anacapri,24012,27.91,,,,,,
Meta Ads,[ALC] Eventos Carnaval,836354,999.99,1515.0,347.0,193.0,137.0,,
Meta Ads,[ALC] Eventos de Carnaval,178741,699.0,30351.0,12884.0,8055.0,4447.0,,
Meta Ads,[ALC] Musical das capivaras,266623,300.0,,,,,,
Meta Ads,[ALC] Carnapet Continente Shopping,127438,149.96,,,,,,
Meta Ads,[ALC] Capivalley - Últimos dias,419337,500.0,4338.0,1040.0,545.0,325.0,,
Meta Ads,ALC - Narbona novos conteúdos,154969,185.67,639.0,170.0,98.0,65.0,,
Meta Ads,TFG - Narbona Site,178975,983.99,3401.0,868.0,580.0,400.0,,
Meta Ads,ALC - Narbona novos conteúdos,443604,540.71,2313.0,664.0,372.0,201.0,,
Meta Ads,[ALC] Musical K-Pop,277749,350.0,,,,,,
Meta Ads,[ALC] Vídeo musical K-POP,262754,349.73,12456.0,4856.0,2805.0,985.0,,
Meta Ads,[ALC] Vídeo influenciadora - musicais,365558,499.95,2751.0,678.0,368.0,215.0,,
Meta Ads,[ALC] A Menina da Casa Mágica,336904,499.97,,,,,,
Meta Ads,[ALC] Musical A Menina da Casa Mágica 02,378437,499.96,,,,,,
Meta Ads,[ALC] Vídeo Gabby,121263,200.0,1380.0,334.0,169.0,107.0,,
Meta Ads,[ALC] Campanha de Almoço,442388,799.98,2785.0,1280.0,769.0,283.0,,
Meta Ads,TRAF - FRANQUIAS CS,46083,186.76,,,,,,
Meta Ads,ALC - Narbona novos conteúdos,530470,631.41,2129.0,595.0,333.0,202.0,,
Meta Ads,[ALC] Campanha de Almoço,159565,200.02,217.0,93.0,50.0,16.0,,
Meta Ads,TRAF - FRANQUIAS CS,231568,1013.19,,,,,,
Meta Ads,ENG - FRANQUIAS CS — Whats,434646,1141.68,,,,,,
Meta Ads,[ALC] Horário de funcionamento Páscoa,132596,149.99,,,,,,
Meta Ads,ALC - PROMO IPHONE,864515,1199.66,8641.0,2717.0,1605.0,1105.0,,
Meta Ads,TRAF - PROMO IPHONE,187966,499.67,2798.0,1155.0,857.0,619.0,,
Meta Ads,ALC - Super Games,1012272,1357.32,18127.0,9571.0,4231.0,1962.0,,
Meta Ads,ALC - CINEPOLIS MJ,251019,349.89,1303.0,343.0,155.0,95.0,,
Meta Ads,[ALC] Patrulha Canina Show,620126,799.84,,,,,,
Meta Ads,[ALC] Video Patrulha Canina,309381,499.97,15958.0,4944.0,2807.0,1998.0,,
Meta Ads,ALC - PROMO MAES 26,83476,119.73,724.0,326.0,91.0,57.0,,
Meta Ads,TRAF - PROMO MAES 26,14120,134.92,862.0,392.0,177.0,111.0,,
Meta Ads,ALC - Narbona novos conteúdos,118096,163.97,773.0,240.0,131.0,72.0,,
Meta Ads,[ALC] Campanha de Almoço,0,0.0,,,,,,
Meta Ads,ENG - FRANQUIAS CS — Whats,22777,58.11,,,,,,
Meta Ads,ALC - Super Games,341699,493.93,6700.0,3276.0,1499.0,723.0,,
Meta Ads,ALC - PROMO MAES 26,215819,328.52,1309.0,375.0,202.0,124.0,,
Meta Ads,TRAF - PROMO MAES 26,32185,281.08,3254.0,1629.0,1016.0,687.0,,
Meta Ads,ALC - PRESENTES MAE,235547,338.61,189.0,51.0,29.0,17.0,,
Meta Ads,ENG - ALBUM DE FIGURINHAS,14956,44.3,3221.0,1406.0,760.0,400.0,,
Meta Ads,ALC - Almoço Mães - Avaliando Floripa,167978,342.56,362.0,126.0,76.0,48.0,,
Meta Ads,ALC - NATAL 25,420510,658.15,9864.0,2941.0,1641.0,1139.0,,
Meta Ads,Aventura Canina,218006,999.61,2699.0,1397.0,989.0,770.0,,
Meta Ads,Reels Aventura Canina,263380,1000.0,27305.0,13350.0,8557.0,6272.0,,
Meta Ads,TRAF - NATAL 25 - CLIQUES,93529,378.38,401.0,205.0,114.0,77.0,,
Meta Ads,Video Campanha Jeep,67856,433.83,4786.0,2234.0,1184.0,579.0,,
Meta Ads,Sessão especial Wicked,66531,349.76,152.0,70.0,47.0,38.0,,
Meta Ads,Vilão Favorito,238182,1000.0,1208.0,610.0,430.0,352.0,,
Meta Ads,ALC - NATAL 25,1330988,1690.37,13010.0,4536.0,2182.0,1406.0,,
Meta Ads,TRAF - NATAL 25 - CLIQUES,518248,1863.56,5318.0,2548.0,1625.0,1045.0,,
Meta Ads,Video Campanha Jeep,818,11.18,103.0,54.0,35.0,21.0,,
Meta Ads,ALC - Pet Day,272528,500.0,327.0,159.0,96.0,64.0,,
Meta Ads,ALC - Encontro com personagens,279027,500.0,207.0,81.0,61.0,41.0,,
Meta Ads,ENG - PANETONE,50871,249.97,14202.0,7402.0,5742.0,2603.0,,
Meta Ads,ALC - NATAL 25,719982,558.4,12861.0,4674.0,2193.0,1426.0,,
Meta Ads,TRAF - NATAL 25 - CLIQUES,177147,519.77,5210.0,2440.0,1486.0,948.0,,
Meta Ads,ALC - Capivalley - CS,84150,80.91,,,,,,
Meta Ads,ALC - LIQUIDA 25,1531602,2999.97,28901.0,12514.0,7651.0,5588.0,,
Meta Ads,ALC - VOLTA AS AULAS,489254,547.94,3211.0,633.0,343.0,226.0,,
Meta Ads,ALC - SUMMER,669400,799.26,19122.0,5705.0,3310.0,2356.0,,
Meta Ads,ALC - VOLTA AS AULAS,241371,228.13,354.0,88.0,36.0,27.0,,
Meta Ads,ALC - SUMMER,303409,331.99,17772.0,3154.0,1785.0,1217.0,,
Meta Ads,ALC - Semana do Cinema - BS JAN 25,225065,280.83,,,,,,
Meta Ads,ALC - Inauguração - Shantal,103496,128.85,159.0,68.0,32.0,20.0,,
Meta Ads,ALC - Arena Summer Vibes Sephora,1224046,1912.13,22546.0,9293.0,3940.0,2560.0,,
Meta Ads,TRAF - ARENA SUMMER VIBES SEPHORA,830186,905.74,7395.0,3563.0,2325.0,1821.0,,
Meta Ads,ALC - Carnaval Kids,116578,149.91,,,,,,
Meta Ads,ALC - VOLTA AS AULAS,121031,130.18,708.0,122.0,49.0,29.0,,
Meta Ads,ALC - SUMMER,667701,733.74,35683.0,8276.0,4532.0,3146.0,,
Meta Ads,ALC - Semana do Cinema - BS JAN 25,185294,218.94,,,,,,
Meta Ads,ALC - Inauguração - Shantal,290102,334.95,368.0,155.0,65.0,48.0,,
Meta Ads,ALC - Arena Summer Vibes Sephora,59147,87.87,344.0,99.0,57.0,31.0,,
Meta Ads,TRAF - ARENA SUMMER VIBES SEPHORA,149002,94.26,76.0,19.0,8.0,4.0,,
Meta Ads,ALC - Carnaval Kids,1466909,1850.09,,,,,,
Meta Ads,TRAF - Carnaval,288124,1000.0,,,,,,
Meta Ads,ALC - Ghibli Fest,112007,131.37,,,,,,
Meta Ads,ALC - Moda Feminina | Verão - AON,131147,157.62,36.0,9.0,3.0,3.0,,
Meta Ads,ALC - Moda Masculina - AON,105054,131.05,732.0,140.0,45.0,24.0,,
Meta Ads,ALC - Lojas Corredor Zara,133179,157.12,1598.0,674.0,268.0,140.0,,
Meta Ads,ALC - Ghibli Fest,61993,60.14,,,,,,
Meta Ads,ALC - Moda Feminina | Verão - AON,626604,710.03,460.0,129.0,76.0,50.0,,
Meta Ads,ALC - Moda Masculina - AON,485483,591.33,599.0,110.0,40.0,28.0,,
Meta Ads,ALC - Lojas Corredor Zara,580466,653.96,4424.0,1467.0,648.0,392.0,,
Meta Ads,ALC - GASTRONOMIA - BS,2937278,3881.09,,,,,,
Meta Ads,ALC - MINI DAY SPA,352921,500.0,1874.0,419.0,195.0,128.0,,
Meta Ads,ALC - UNIZUSHI + DULADU,760987,988.44,5763.0,1490.0,793.0,496.0,,
Meta Ads,ALC - PASSAPORTE ELAS,611637,1000.0,,,,,,
Meta Ads,ALC - Heroínas do K-pop,1571968,2499.93,,,,,,
Meta Ads,ALC - PROMO IPHONE,475627,705.79,11517.0,4132.0,2504.0,1755.0,,
Meta Ads,ALC - A casa mágica da Gabby,235448,350.0,,,,,,
Meta Ads,ALC - Programação para os pequenos no fds,30654,39.58,,,,,,
Meta Ads,ALC - UNIZUSHI + DULADU,804839,962.23,4365.0,1206.0,615.0,343.0,,
Meta Ads,ALC - PROMO IPHONE,1750759,2293.95,54857.0,17498.0,10053.0,6876.0,,
Meta Ads,ALC - Programação para os pequenos no fds,0,0.0,,,,,,
Meta Ads,TRAF - IPHONE,186776,999.88,1985.0,1000.0,663.0,497.0,,
Meta Ads,ALC -  New in: Louen,201646,243.36,,,,,,
Meta Ads,ALC - Orion Verso,98097,123.78,,,,,,
Meta Ads,ALC - LEGUEIROS,639196,903.87,,,,,,
Meta Ads,ALC - SHOULDER,262788,347.09,,,,,,
Meta Ads,ALC | A menina mágica,67287,85.41,,,,,,
Meta Ads,ALC - Golden,334873,499.96,2874.0,620.0,333.0,144.0,,
Meta Ads,ALC - PROMO MAES,68317,101.8,186.0,79.0,28.0,19.0,,
Meta Ads,TRAF - PROMO MAES,13275,107.28,2431.0,1169.0,712.0,498.0,,
Meta Ads,ALC - FERIADO,55622,96.81,,,,,,
Meta Ads,ALC- DIABO VESTE PRADA,7722,11.22,287.0,137.0,98.0,25.0,,
Meta Ads,ALC - LEGUEIROS,167550,262.74,,,,,,
Meta Ads,ALC - SHOULDER,0,0.0,,,,,,
Meta Ads,ALC | A menina mágica,0,0.0,,,,,,
Meta Ads,ALC - PROMO MAES,137995,204.18,1859.0,831.0,245.0,161.0,,
Meta Ads,TRAF - PROMO MAES,53818,212.7,509.0,215.0,134.0,101.0,,
Meta Ads,ALC - FERIADO,114622,153.19,,,,,,
Meta Ads,ALC- DIABO VESTE PRADA,99878,142.69,3542.0,1769.0,1051.0,220.0,,
Meta Ads,ALC - REABERTURA ZARA,14896,24.31,238.0,98.0,66.0,34.0,,
Meta Ads,ALC - Gastronomia — AON,367293,631.69,4558.0,1510.0,625.0,381.0,,
Meta Ads,ALC - Promo Natal 25,421564,654.81,5633.0,1538.0,779.0,492.0,,
Meta Ads,TRAF - Promo Natal 25,207743,659.75,30110.0,12250.0,6632.0,4286.0,,
Meta Ads,ALC - Arvore Solidária,161363,273.56,3114.0,992.0,567.0,401.0,,
Meta Ads,ALC - Mercado Shelf,72106,126.0,508.0,94.0,60.0,36.0,,
Meta Ads,ENG - Decoração Natal,16603,115.95,498.0,199.0,125.0,74.0,,
Meta Ads,ALC- Black Friday NK,495032,999.95,416.0,207.0,104.0,38.0,,
Meta Ads,ALC- Espetáculo de Natal,515613,1500.0,13.0,5.0,3.0,2.0,,
Meta Ads,VISUALIZAÇOES - ESPETACULO DE NATAL,34240,499.96,9132.0,6068.0,2871.0,2386.0,,
Meta Ads,ALC - Gastronomia — AON,693253,929.38,4657.0,1773.0,620.0,401.0,,
Meta Ads,ALC - Promo Natal 25,1292803,1638.63,4858.0,1583.0,861.0,540.0,,
Meta Ads,TRAF - Promo Natal 25,394773,1640.13,20604.0,8283.0,4668.0,2384.0,,
Meta Ads,ALC - Arvore Solidária,149880,226.42,16.0,3.0,2.0,2.0,,
Meta Ads,ALC - Mercado Shelf,114148,173.95,806.0,139.0,72.0,42.0,,
Meta Ads,ENG - Decoração Natal,19696,127.73,597.0,233.0,145.0,85.0,,
Meta Ads,ALC- Black Friday NK,0,0.0,,,,,,
Meta Ads,ALC- Inauguração Brasileirisse - Empréstimo NR,83873,132.73,689.0,315.0,202.0,147.0,,
Meta Ads,ALC - Natal NR - Empréstimo,76463,119.6,1354.0,497.0,245.0,152.0,,
Meta Ads,ALC - Feira Pet,182205,300.0,,,,,,
Meta Ads,ALC - Carrossel das Renas,330148,499.99,5469.0,3464.0,1401.0,359.0,,
Meta Ads,ALC - Decoração itens de Natal,316442,499.99,1543.0,210.0,107.0,62.0,,
Meta Ads,ALC - LOOKS DE FIM DE ANO,155036,199.93,682.0,113.0,56.0,33.0,,
Meta Ads,ALC - Amigo Secreto no NK,167900,249.98,321.0,136.0,105.0,41.0,,
Meta Ads,ALC - McDonalds,153231,199.92,1434.0,353.0,181.0,84.0,,
Meta Ads,ALC - Arezzo,231126,299.98,13701.0,4727.0,2330.0,1616.0,,
Meta Ads,ALC - Gastronomia — AON,892809,925.19,6932.0,3060.0,1151.0,731.0,,
Meta Ads,ALC - Promo Natal 25,751465,616.46,2818.0,1035.0,503.0,322.0,,
Meta Ads,TRAF - Promo Natal 25,126359,495.0,7775.0,2639.0,1865.0,1498.0,,
Meta Ads,ALC - Arena Super Games,1214730,1656.37,12296.0,4810.0,1943.0,1270.0,,
Meta Ads,ALC - LIQUIDA,1525504,2997.7,25741.0,10409.0,6213.0,4463.0,,
Meta Ads,ALC - Cinema - AON,310770,358.37,43706.0,17475.0,9326.0,6568.0,,
Meta Ads,ALC - Gastronomia — AON,182916,209.95,1341.0,531.0,208.0,131.0,,
Meta Ads,ALC - Arena Super Games,484434,602.29,7957.0,2962.0,1202.0,726.0,,
Meta Ads,ALC - Cinema - AON,244983,244.96,32044.0,13132.0,7964.0,6051.0,,
Meta Ads,ALC - Coleção Boca Rosa Adidas,28692,38.06,429.0,205.0,68.0,40.0,,
Meta Ads,ALC - Oficinas de Carnaval no Neumarkt Shopping,24783,27.59,,,,,,
Meta Ads,ENG - Conteúdos - Fev,23715,125.4,1728.0,896.0,541.0,385.0,,
Meta Ads,ALC - Gastronomia — AON,532584,629.83,3687.0,1531.0,475.0,303.0,,
Meta Ads,ALC - Arena Super Games,977955,1241.2,17153.0,6248.0,2443.0,1525.0,,
Meta Ads,ALC - Cinema - AON,683408,734.99,90917.0,34316.0,18829.0,13331.0,,
Meta Ads,ALC - Coleção Boca Rosa Adidas,119214,152.69,1971.0,912.0,320.0,181.0,,
Meta Ads,ALC - Oficinas de Carnaval no Neumarkt Shopping,106967,112.81,,,,,,
Meta Ads,ENG - Conteúdos - Fev,117141,652.75,21006.0,10923.0,6713.0,4819.0,,
Meta Ads,ALC - Semana do Cinema,157485,199.92,1626.0,819.0,207.0,124.0,,
Meta Ads,ALC- Valentine's Day,71284,99.94,524.0,97.0,62.0,40.0,,
Meta Ads,ALC - Moda Feminina,90156,106.45,1501.0,715.0,260.0,146.0,,
Meta Ads,ALC - Feira Pet NK,188752,200.0,,,,,,
Meta Ads,ALC - Promoção Meu Méqui,15725,21.69,,,,,,
Meta Ads,ALC - Poker NK,27385,37.78,600.0,206.0,102.0,47.0,,
Meta Ads,ENG - POKER,4893,43.29,156.0,54.0,34.0,20.0,,
Meta Ads,ALC - General Ly,18845,24.87,135.0,43.0,27.0,16.0,,
Meta Ads,ALC - Exposição Telomar,18059,24.35,155.0,41.0,23.0,17.0,,
Meta Ads,ALC - Legueiros,53514,65.65,,,,,,
Meta Ads,ALC - Gastronomia — AON,415747,500.92,2727.0,957.0,405.0,250.0,,
Meta Ads,ALC - Cinema - AON,411376,441.53,99526.0,40425.0,23283.0,17209.0,,
Meta Ads,ALC - Moda Feminina,116570,143.5,1836.0,844.0,305.0,182.0,,
Meta Ads,ALC - Promoção Meu Méqui,54617,61.91,,,,,,
Meta Ads,ALC - Poker NK,32275,35.14,624.0,215.0,99.0,47.0,,
Meta Ads,ENG - POKER,6905,40.28,201.0,80.0,52.0,33.0,,
Meta Ads,ALC - General Ly,252869,315.59,1763.0,494.0,301.0,173.0,,
Meta Ads,ALC - Exposição Telomar,217058,268.38,2275.0,694.0,381.0,251.0,,
Meta Ads,ALC - Legueiros,1321255,1723.22,1734.0,382.0,193.0,131.0,,
Meta Ads,ALC - Semana do Consumidor,688156,999.92,3279.0,692.0,365.0,245.0,,
Meta Ads,ALC - Páscoa,180363,236.99,840.0,295.0,170.0,118.0,,
Meta Ads,ALC - Agenda de março,134096,180.18,,,,,,
Meta Ads,ALC - Crepusculo,257366,349.99,3345.0,2004.0,626.0,398.0,,
Meta Ads,ALC - L’Occitane,50752,71.81,669.0,217.0,73.0,45.0,,
Meta Ads,ACL - Outuno,70994,101.11,476.0,180.0,117.0,47.0,,
Meta Ads,ALC - Camiseta BR Centauro,98332,138.89,9386.0,4041.0,2449.0,1661.0,,
Meta Ads,ALC - Foot Wear,174640,249.95,2935.0,1140.0,397.0,243.0,,
Meta Ads,ALC - Tommy Hilfeger,72606,103.26,3462.0,1163.0,581.0,298.0,,
Meta Ads,ALC - Tour pelo NK,39398,57.95,48.0,25.0,23.0,19.0,,
Meta Ads,ENG - Corrida NK,11102,54.55,92.0,52.0,26.0,18.0,,
Meta Ads,ALC - Filme Super Mário,70164,99.5,489.0,128.0,68.0,41.0,,
Meta Ads,TRAF - FRANQUIAS,50563,222.74,,,,,,
Meta Ads,ENG - FRANQUIAS,997,15.54,,,,,,
Meta Ads,ALC - Evento ELAS,164864,265.06,2365.0,932.0,533.0,212.0,,
Meta Ads,ALC - Kopenhagen,54264,81.38,7875.0,2664.0,1297.0,785.0,,
Meta Ads,ALC - Lelis,5681,8.36,150.0,60.0,38.0,26.0,,
Meta Ads,ALC - Gastronomia — AON,443304,563.15,2290.0,684.0,341.0,227.0,,
Meta Ads,ALC - Legueiros,56692,74.18,351.0,96.0,53.0,41.0,,
Meta Ads,ACL - Outuno,53462,61.92,363.0,121.0,69.0,35.0,,
Meta Ads,ALC - Camiseta BR Centauro,79145,91.88,7260.0,2772.0,1564.0,1019.0,,
Meta Ads,ALC - Tommy Hilfeger,126052,146.67,6404.0,2135.0,1035.0,571.0,,
Meta Ads,ALC - Filme Super Mário,175265,200.46,1173.0,334.0,194.0,113.0,,
Meta Ads,TRAF - FRANQUIAS,268447,977.19,,,,,,
Meta Ads,ALC - Evento ELAS,26986,34.92,348.0,148.0,70.0,30.0,,
Meta Ads,ALC - Kopenhagen,187056,218.61,8908.0,2991.0,1441.0,876.0,,
Meta Ads,ALC - Lelis,93841,111.61,3066.0,1126.0,641.0,450.0,,
Meta Ads,TRAF - CAMPANHA IPHONE,495774,999.94,2362.0,1840.0,1252.0,980.0,,
Meta Ads,ALC - Shoulder,183886,249.82,6636.0,1977.0,1014.0,427.0,,
Meta Ads,ALC - Clube do Livro,217784,299.95,24767.0,9828.0,5337.0,3407.0,,
Meta Ads,ALC - PROMO MAES 26,71804,130.69,928.0,665.0,579.0,215.0,,
Meta Ads,TRAF - PROMO MAES 26,27922,127.79,3807.0,3336.0,3070.0,1635.0,,
Meta Ads,ALC - ANÚNCIOS NR,53275,86.93,646.0,252.0,105.0,59.0,,
Meta Ads,ALC - BFS BS,25854,50.01,90.0,20.0,13.0,7.0,,
Meta Ads,ALC - Diabo veste prada,8657,17.29,284.0,171.0,96.0,37.0,,
Meta Ads,ALC - Gastronomia — AON,161296,237.13,760.0,221.0,101.0,71.0,,
Meta Ads,ALC - PROMO MAES 26,176227,285.58,1369.0,331.0,174.0,93.0,,
Meta Ads,TRAF - PROMO MAES 26,62910,301.5,7987.0,6884.0,6234.0,3479.0,,
Meta Ads,ALC - ANÚNCIOS NR,129017,190.58,2537.0,1068.0,427.0,263.0,,
Meta Ads,ALC - BFS BS,579662,823.3,1112.0,225.0,123.0,76.0,,
Meta Ads,ALC - Diabo veste prada,182685,277.63,6275.0,3579.0,1760.0,533.0,,
Meta Ads,ALC - PROMO MAES BS,159795,255.79,2392.0,1014.0,352.0,238.0,,
Meta Ads,ALC - TRANSMISSAO BFS,639074,901.58,,,,,,
Meta Ads,ALC - COBASI,34002,56.74,103.0,40.0,20.0,12.0,,
Meta Ads,ALC | Moda Feminina,119786,211.27,1381.0,595.0,218.0,135.0,,
Meta Ads,ALC | Moda masculina,119332,210.5,1545.0,484.0,262.0,176.0,,
Meta Ads,ALC - Lojas - Inauguração/ Gastronomia,118188,210.67,1893.0,662.0,378.0,200.0,,
Meta Ads,ALC - Lojas - Diversão,117177,210.84,,,,,,
Meta Ads,ALC - Inauguração Allmini,123093,224.55,,,,,,
Meta Ads,ALC - Natal Noel Decor,179227,338.83,1089.0,279.0,143.0,92.0,,
Meta Ads,ALC - Torneio de Futebol de Mesa,34936,65.68,,,,,,
Meta Ads,TRAF - PATATIPATATA,549,3.31,,,,,,
Meta Ads,ALC - NATAL 25,357847,588.84,1966.0,615.0,326.0,226.0,,
Meta Ads,ALC - PATATIPATATA,2062,3.47,,,,,,
Meta Ads,TRAF - NATAL 25,133624,668.92,1023.0,503.0,331.0,144.0,,
Meta Ads,[ALC - Cine Materna],45148,79.99,,,,,,
Meta Ads,ALC - Senhora Farinha,246433,466.66,17103.0,9506.0,3889.0,919.0,,
Meta Ads,ALC - ESQUENTA VOLKSFRIENDS,83714,149.97,,,,,,
Meta Ads,ENG - PET DAY,9744,100.0,289.0,129.0,85.0,63.0,,
Meta Ads,ALC - Cidadania Já,59462,106.68,925.0,350.0,175.0,66.0,,
Meta Ads,Black Friday - NR,496643,1000.0,729.0,212.0,114.0,67.0,,
Meta Ads,ALC - Torneio de Poker - NR,35154,66.84,371.0,98.0,54.0,34.0,,
Meta Ads,ALC - Feirão Regional do Banco Omni,104507,199.98,,,,,,
Meta Ads,ALC - Nova Arezzo,72553,195.82,,,,,,
Meta Ads,ALC- Diário da lancheira,23785,46.77,,,,,,
Meta Ads,ALC - Patrulha Canina,136936,274.34,,,,,,
Meta Ads,ALC - MILENINHA NR,715921,2000.0,16012.0,2618.0,1303.0,622.0,,
Meta Ads,ALC - CHURRAS,42809,88.03,,,,,,
Meta Ads,ENG - CHURRAS NR,2281,72.0,,,,,,
Meta Ads,ALC | Moda Feminina,209249,274.41,2144.0,797.0,338.0,231.0,,
Meta Ads,ALC | Moda masculina,210533,275.62,5455.0,1957.0,1071.0,716.0,,
Meta Ads,ALC - Lojas - Inauguração/ Gastronomia,198359,273.84,2737.0,1030.0,585.0,228.0,,
Meta Ads,ALC - Lojas - Diversão,74410,118.17,,,,,,
Meta Ads,ALC - Natal Noel Decor,119779,202.37,653.0,111.0,61.0,39.0,,
Meta Ads,ALC - NATAL 25,796413,969.43,6425.0,2409.0,1160.0,693.0,,
Meta Ads,TRAF - NATAL 25,206648,911.64,4627.0,2411.0,1588.0,898.0,,
Meta Ads,ALC - Senhora Farinha,116102,191.49,5924.0,3502.0,1294.0,309.0,,
Meta Ads,ALC - Cidadania Já,40390,64.4,511.0,150.0,74.0,26.0,,
Meta Ads,ALC - Torneio de Poker - NR,2859,4.54,31.0,5.0,6.0,4.0,,
Meta Ads,ALC - Nova Arezzo,308549,499.0,3192.0,1094.0,610.0,403.0,,
Meta Ads,ALC- Diário da lancheira,55036,88.87,37.0,8.0,5.0,3.0,,
Meta Ads,ALC - Patrulha Canina,80565,151.33,,,,,,
Meta Ads,ALC - CHURRAS,235636,411.97,1789.0,659.0,379.0,255.0,,
Meta Ads,ENG - CHURRAS NR,8133,177.98,,,,,,
Meta Ads,ALC - Inauguração Brasileirisse,179740,299.96,,,,,,
Meta Ads,ALC - Musical Chapeuzinho,283512,499.99,43.0,21.0,11.0,9.0,,
Meta Ads,ALC - Árvore solidária,61843,107.0,659.0,217.0,74.0,46.0,,
Meta Ads,ALC - Cine Materna,28912,49.93,397.0,178.0,34.0,21.0,,
Meta Ads,ALC - Oficina de Decoupage Mundo Kids,51435,79.96,,,,,,
Meta Ads,ALC - Comedy Show,51913,79.96,6.0,1.0,,,,
Meta Ads,ALC - Avatar 3,55603,79.99,,,,,,
Meta Ads,ALC - Feira do Vinil,98212,149.99,,,,,,
Meta Ads,ALC - Panetone Cacau Show,81061,90.94,2148.0,1135.0,297.0,148.0,,
Meta Ads,ALC | Moda Feminina,299951,308.94,4971.0,1894.0,930.0,628.0,,
Meta Ads,ALC | Moda masculina,298218,308.32,10116.0,3497.0,1949.0,1340.0,,
Meta Ads,ALC - Lojas - Inauguração/ Gastronomia,285745,308.93,3405.0,1235.0,678.0,347.0,,
Meta Ads,ALC - NATAL 25,444870,353.33,8132.0,2925.0,1348.0,815.0,,
Meta Ads,TRAF - NATAL 25,95122,262.23,5497.0,2773.0,1871.0,1198.0,,
Meta Ads,ALC - Nova Arezzo,143040,125.4,1371.0,456.0,268.0,135.0,,
Meta Ads,ALC - Panetone Cacau Show,67818,47.91,1728.0,804.0,237.0,115.0,,
Meta Ads,ALC - Dragões,360013,499.24,,,,,,
Meta Ads,ALC - LIQUIDA 25,1393297,2990.33,38278.0,17233.0,9931.0,6154.0,,
Meta Ads,ALC - VOLTA AS AULAS,234106,352.93,2525.0,945.0,537.0,355.0,,
Meta Ads,ALC - Wow Park,356975,482.22,4233.0,1067.0,510.0,311.0,,
Meta Ads,ALC - PISTA DE PATINAÇAO,434060,597.85,20489.0,7338.0,3733.0,2595.0,,
Meta Ads,ENG - GANHADOR CARRO,21480,99.98,3155.0,2180.0,1313.0,703.0,,
Meta Ads,ALC - Inauguração Freddo Gelateria,241136,307.61,,,,,,
Meta Ads,ALC - Dragões,219430,289.3,1747.0,499.0,277.0,122.0,,
Meta Ads,ALC - Show Kpop,386124,549.89,26158.0,9807.0,5739.0,3289.0,,
Meta Ads,ALC | Moda Feminina,58246,69.97,676.0,283.0,142.0,101.0,,
Meta Ads,ALC | Moda masculina,58141,69.94,1772.0,628.0,330.0,230.0,,
Meta Ads,ALC - Lojas - Inauguração/ Gastronomia,56660,69.89,476.0,175.0,87.0,45.0,,
Meta Ads,ALC - VOLTA AS AULAS,95280,137.68,1421.0,501.0,294.0,199.0,,
Meta Ads,ALC - Wow Park,132724,174.99,1498.0,352.0,167.0,90.0,,
Meta Ads,ALC - PISTA DE PATINAÇAO,303166,383.67,2727.0,923.0,443.0,290.0,,
Meta Ads,ALC - Inauguração Freddo Gelateria,174667,209.98,,,,,,
Meta Ads,ALC - Dragões,316433,385.0,2736.0,765.0,429.0,213.0,,
Meta Ads,ALC - A menina da casa mágica,215474,299.99,2964.0,1337.0,746.0,231.0,,
Meta Ads,ALC - Bailinho de Carnaval,164042,220.03,1706.0,807.0,175.0,114.0,,
Meta Ads,ALC - Semana do Cinema Jan 25,137981,178.86,,,,,,
Meta Ads,ALC | Moda Feminina,260600,332.12,4014.0,1550.0,811.0,569.0,,
Meta Ads,ALC | Moda masculina,262575,336.36,8863.0,3128.0,1757.0,1219.0,,
Meta Ads,ALC - Lojas - Inauguração/ Gastronomia,371449,509.06,3833.0,1315.0,679.0,380.0,,
Meta Ads,ALC - VOLTA AS AULAS,6631,9.32,111.0,42.0,25.0,13.0,,
Meta Ads,ALC - Wow Park,389159,524.77,1904.0,531.0,278.0,185.0,,
Meta Ads,ALC - PISTA DE PATINAÇAO,900148,1134.81,8721.0,4139.0,1573.0,933.0,,
Meta Ads,ALC - Inauguração Freddo Gelateria,393158,469.08,3844.0,953.0,553.0,383.0,,
Meta Ads,ALC - Dragões,495527,616.71,5086.0,1837.0,868.0,479.0,,
Meta Ads,ALC - Bailinho de Carnaval,206245,279.63,1480.0,608.0,139.0,88.0,,
Meta Ads,ALC - Semana do Cinema Jan 25,95649,121.13,,,,,,
Meta Ads,ALC - Brasileirisse,161152,200.0,1197.0,376.0,190.0,106.0,,
Meta Ads,ALC - Feira de adoção pet,41073,48.37,,,,,,
Meta Ads,ALC - Oficina de RPG,147623,199.87,,,,,,
Meta Ads,ALC - Aventura Congelante,221974,249.56,23244.0,8546.0,3954.0,2355.0,,
Meta Ads,ALC - Encerramento Carnval,92797,109.45,641.0,116.0,64.0,35.0,,
Meta Ads,ALC - Volksfriends,248670,299.97,,,,,,
Meta Ads,ALC - Norte Cafe,61652,79.98,956.0,437.0,133.0,88.0,,
Meta Ads,ALC - Filme Todo mundo em Panico,4,0.0,,,,,,
Meta Ads,ALC - Todo mundo em panico,76874,108.28,977.0,456.0,188.0,135.0,,
Meta Ads,ALC- Massinha Play-Doh,64454,100.0,1515.0,589.0,359.0,178.0,,
Meta Ads,ALC | Moda Feminina,397703,510.86,11994.0,4505.0,2296.0,1528.0,,
Meta Ads,ALC | Moda masculina,344322,443.55,17327.0,6224.0,3392.0,2306.0,,
Meta Ads,ALC - Lojas - Inauguração/ Gastronomia,666849,931.17,5121.0,1557.0,824.0,522.0,,
Meta Ads,ALC - Wow Park,85660,108.95,853.0,216.0,107.0,60.0,,
Meta Ads,ALC - PISTA DE PATINAÇAO,188222,223.78,3186.0,1401.0,481.0,294.0,,
Meta Ads,ALC - Todo mundo em panico,592386,851.72,11083.0,4387.0,2658.0,1692.0,,
Meta Ads,ALC - FitDance Colors,172723,291.65,,,,,,
Meta Ads,ALC- PASSAPORTE ELAS,864427,1998.76,11603.0,2506.0,1475.0,938.0,,
Meta Ads,ALC - Coelho Flock,235198,305.0,,,,,,
Meta Ads,ALC - Fitdance Colors 26,85516,120.0,1279.0,595.0,136.0,86.0,,
Meta Ads,ALC - Semana do Consumidor,169789,300.0,298.0,113.0,54.0,20.0,,
Meta Ads,ALC - Pet Day - Corrida Pet,94969,129.18,,,,,,
Meta Ads,ALC - Show BTS,15003,18.93,,,,,,
Meta Ads,ALC - Pokemon,132188,199.97,1907.0,898.0,233.0,171.0,,
Meta Ads,ALC - Páscoa Cacau Show,134561,187.88,2167.0,676.0,482.0,257.0,,
Meta Ads,ALC - Dia da Pipoca,99051,149.96,,,,,,
Meta Ads,ALC - Torresmo Fest,221276,321.43,1761.0,681.0,393.0,266.0,,
Meta Ads,ALC - ELITE BTS,237286,349.94,,,,,,
Meta Ads,ALC - ANIVERSARIO DE INDAIAL,94462,150.0,1020.0,236.0,98.0,53.0,,
Meta Ads,ALC - Economéqui,90794,124.87,,,,,,
Meta Ads,ALC - Promo Iphone,3667,4.93,,,,,,
Meta Ads,ALC - Crepusculo,3800,4.87,108.0,46.0,14.0,9.0,,
Meta Ads,ALC - Caça aos ovos,10490,19.9,667.0,221.0,119.0,77.0,,
Meta Ads,ALC - Super Mário - Pré-venda Filme,6247,9.34,228.0,81.0,42.0,12.0,,
Meta Ads,TRAF - FRANQUIAS,43651,58.36,,,,,,
Meta Ads,ENG - FRANQUIAS,3846,66.26,,,,,,
Meta Ads,TRAF - FRANQUIAS,890331,1026.46,1.0,,,,,
Meta Ads,ENG - FRANQUIAS,42733,488.51,,,,,,
Meta Ads,ALC - CAMPANHA IPHONE,1359991,2499.92,23462.0,8154.0,4193.0,2250.0,,
Meta Ads,ALC - C&A,137762,154.87,,,,,,
Meta Ads,ALC - Capivalley,1064037,1309.38,3332.0,1347.0,468.0,240.0,,
Meta Ads,ALC - Ações Autismo,283119,308.69,,,,,,
Meta Ads,TRAF - PROMO IPHONE,134422,299.76,5580.0,2432.0,1549.0,977.0,,
Meta Ads,ALC - Parceirão do atacadão,116941,148.23,2137.0,1049.0,685.0,489.0,,
Meta Ads,ALC - Legião urbana Cover,255739,329.44,5709.0,2110.0,710.0,423.0,,
Meta Ads,ALC - Diabo veste prada,168231,228.29,29251.0,9145.0,4263.0,2697.0,,
Meta Ads,ALC - Senhora Farinha,201348,217.41,10760.0,4562.0,2307.0,1639.0,,
Meta Ads,ALC - PROMO MAES 26,84330,123.44,1198.0,329.0,181.0,85.0,,
Meta Ads,TRAF - PROMO MAES 26,18758,100.6,3121.0,1653.0,872.0,385.0,,
Meta Ads,TRAF - FRANQUIAS,0,0.0,,,,,,
Meta Ads,ALC - PROMO MAES 26,213667,284.12,4160.0,1209.0,609.0,329.0,,
Meta Ads,TRAF - PROMO MAES 26,33604,186.52,6930.0,3558.0,2025.0,968.0,,
Meta Ads,ALC - Capivalley,24835,39.34,255.0,116.0,41.0,33.0,,
Meta Ads,ALC - Jeep - NATAL 2025,6113,9.15,48.0,17.0,9.0,7.0,,
Meta Ads,ALC - Reels Maya,159054,253.73,210.0,68.0,51.0,26.0,,
Meta Ads,ALC - Natal Aftermovie,56771,91.98,114.0,48.0,24.0,16.0,,
Meta Ads,ALC - Edgar + Rayban,70780,116.22,150.0,57.0,34.0,19.0,,
Meta Ads,ALC - NATAL 25,418676,657.93,9423.0,2562.0,1365.0,898.0,,
Meta Ads,TRAF - NATAL 25,24293,109.39,103.0,50.0,31.0,24.0,,
Meta Ads,ALC - Reels Decoração,104558,161.72,1008.0,351.0,128.0,76.0,,
Meta Ads,ALC - Reels Madô,57735,96.91,748.0,409.0,217.0,36.0,,
Meta Ads,ALC - Aventuras Caninas de Natal,908816,1835.55,7641.0,2866.0,1394.0,990.0,,
Meta Ads,ALC - Mileninha,933162,1999.9,16036.0,6419.0,2677.0,1705.0,,
Meta Ads,ENG - Mileninha,103463,674.89,19521.0,10247.0,6905.0,4688.0,,
Meta Ads,ENG - Aventuras Caninas de Natal,93396,671.27,22980.0,11517.0,8132.0,6343.0,,
Meta Ads,TRAF - NATAL 25,25462,104.75,,,,,,
Meta Ads,ALC - Chapeuzinho vermelho Natal,289488,499.88,2208.0,806.0,458.0,327.0,,
Meta Ads,ALC - Meu vilão favorito,278725,499.9,6499.0,2775.0,1508.0,559.0,,
Meta Ads,ALC - BLACK FRIDAY GS,375932,799.98,24991.0,11068.0,5355.0,3681.0,,
Meta Ads,ALC- Tributo Elton John e Adele,756669,1999.96,7465.0,2505.0,1357.0,864.0,,
Meta Ads,ALC - MUSICAL TEMPO,761705,1999.66,6026.0,2406.0,1034.0,702.0,,
Meta Ads,TRAF - NATAL 25 CLIQUES 02,27140,179.78,113.0,57.0,41.0,30.0,,
Meta Ads,ALC - NATAL 25,1390636,1755.19,17689.0,6707.0,3656.0,2041.0,,
Meta Ads,ALC - BLACK FRIDAY GS,0,0.0,,,,,,
Meta Ads,TRAF - NATAL 25 CLIQUES 02,476032,2006.24,7962.0,5304.0,2972.0,2273.0,,
Meta Ads,ALC - Árvore solidária,250051,373.58,2859.0,1226.0,792.0,581.0,,
Meta Ads,Coral Adventista,222222,349.97,,,,,,
Meta Ads,ALC - Inauguração - Manly,233881,299.97,1350.0,205.0,101.0,66.0,,
Meta Ads,ALC - Encontro Pet com Noel,306820,499.98,425.0,170.0,100.0,68.0,,
Meta Ads,ALC - MODA,457177,549.87,925.0,228.0,128.0,87.0,,
Meta Ads,ALC - Rubens Herbst - Zootopia 2,254049,299.94,150.0,55.0,23.0,14.0,,
Meta Ads,ALC - NATAL 25,729473,580.61,19415.0,7205.0,3884.0,2319.0,,
Meta Ads,TRAF - NATAL 25 CLIQUES 02,186918,638.67,4975.0,2926.0,1768.0,1379.0,,
Meta Ads,ALC - MODA,1012843,1080.36,1845.0,567.0,318.0,213.0,,
Meta Ads,ALC - LIQUIDA,1584267,2991.86,53875.0,21245.0,12518.0,8979.0,,
Meta Ads,ALC - Filme Bob Esponja,214027,249.93,20857.0,6309.0,2939.0,1977.0,,
Meta Ads,ALC - CORRIDA SHOPPING,484843,617.28,5268.0,1668.0,867.0,381.0,,
Meta Ads,ALC - Exposição Legueiros,442938,769.5,3661.0,1265.0,724.0,488.0,,
Meta Ads,ALC - Volta às aulas,146522,194.37,462.0,312.0,56.0,39.0,,
Meta Ads,ALC - MODA,195963,244.96,268.0,85.0,53.0,35.0,,
Meta Ads,ALC - CORRIDA SHOPPING,276530,342.82,2782.0,826.0,428.0,198.0,,
Meta Ads,ALC - Exposição Legueiros,645047,1202.24,6069.0,2139.0,1169.0,823.0,,
Meta Ads,ALC - Volta às aulas,243657,299.65,522.0,274.0,75.0,46.0,,
Meta Ads,ALC - Bailinho de carnaval e carnapet,332877,499.77,3129.0,1424.0,922.0,683.0,,
Meta Ads,ALC - Semana do Cinema,146833,205.42,2296.0,1017.0,636.0,479.0,,
Meta Ads,ALC - MODA,597695,734.98,897.0,322.0,189.0,128.0,,
Meta Ads,ALC - CORRIDA SHOPPING,450122,539.82,4985.0,1476.0,773.0,374.0,,
Meta Ads,ALC - Exposição Legueiros,15353,27.88,209.0,68.0,36.0,25.0,,
Meta Ads,ALC - Volta às aulas,4560,5.95,6.0,2.0,,,,
Meta Ads,ALC - Bailinho de carnaval e carnapet,0,0.0,,,,,,
Meta Ads,ALC - Semana do Cinema,227225,294.21,3561.0,1433.0,787.0,594.0,,
Meta Ads,ALC - Retail Experience,73335,81.5,,,,,,
Meta Ads,ALC - Heroinas do Kpop,333889,467.86,,,,,,
Meta Ads,ALC - Benefícios AJFans,173520,227.79,1129.0,641.0,280.0,106.0,,
Meta Ads,ALC - Aniversário Joinville - Atlantida,480280,998.63,10002.0,2874.0,1593.0,996.0,,
Meta Ads,ALC - MODA,82969,93.21,86.0,22.0,12.0,7.0,,
Meta Ads,ALC - Heroinas do Kpop,24510,32.13,,,,,,
Meta Ads,ALC - Benefícios AJFans,338153,402.3,2409.0,1172.0,563.0,226.0,,
Meta Ads,ALC - Aniversário Joinville - Atlantida,0,0.0,,,,,,
Meta Ads,ALC - Exposição Territórios Internos,696088,946.66,5258.0,1329.0,651.0,399.0,,
Meta Ads,ALC - COTTON,713795,974.45,5162.0,1679.0,974.0,518.0,,
Meta Ads,ALC - TODO MUNDO EM PANICO,1044428,1445.91,1516.0,601.0,348.0,174.0,,
Meta Ads,ALC - Últimos eventos do GS,66895,82.49,188.0,121.0,48.0,13.0,,
Meta Ads,ALC - ANIVERSARIO JOINVILLE GARTEN,261527,349.99,,,,,,
Meta Ads,ALC- SEMANA DO CONSUMIDOR,1065400,2496.67,65437.0,24939.0,14057.0,10075.0,,
Meta Ads,ALC - Camiseta Centauro,107397,146.34,1132.0,298.0,163.0,94.0,,
Meta Ads,ALC - PROMO IPHONE,411118,599.49,1.0,,,,,
Meta Ads,ALC - Turma do Coelho,69029,95.76,4502.0,1669.0,942.0,625.0,,
Meta Ads,ALC - Musical - A menina da casa mágica,185003,250.0,5700.0,1879.0,1014.0,643.0,,
Meta Ads,ENG - Panico 7,37269,121.9,1436.0,757.0,544.0,99.0,,
Meta Ads,TRAF - FRANQUIA,5889,37.77,,,,,,
Meta Ads,ENG - FRANQUIAS,653,14.35,,,,,,
Meta Ads,ALC - Camiseta Centauro,96029,102.78,911.0,234.0,111.0,66.0,,
Meta Ads,ALC - PROMO IPHONE,1566282,2400.17,11269.0,3357.0,1539.0,983.0,,
Meta Ads,ENG - Panico 7,7892,23.72,308.0,153.0,104.0,21.0,,
Meta Ads,TRAF - FRANQUIA,152555,491.03,,,,,,
Meta Ads,ENG - FRANQUIAS,32707,482.8,,,,,,
Meta Ads,ALC - ELLAS,511320,499.98,4899.0,2212.0,1049.0,424.0,,
Meta Ads,TRAF - PROMO IPHONE,231594,499.84,4524.0,2090.0,1423.0,596.0,,
Meta Ads,ALC - DINOS,790278,1023.31,106290.0,43994.0,25705.0,17542.0,,
Meta Ads,TRAF - FRANQUIA 02,125578,499.87,,,,,,
Meta Ads,ENG - FRANQUIAS GS,36256,497.77,,,,,,
Meta Ads,ALC - Candlelight,282618,349.41,19483.0,8005.0,4373.0,2941.0,,
Meta Ads,ALC - LOOKS OUTONO,58293,80.23,141.0,63.0,48.0,16.0,,
Meta Ads,ALC - DIABO VESTE PRADA,93431,140.65,2067.0,1049.0,419.0,183.0,,
Meta Ads,ALC - PROMO MAES 26,81039,129.04,1110.0,503.0,188.0,124.0,,
Meta Ads,TRAF - PROMO MAES 26,14808,128.03,738.0,399.0,169.0,115.0,,
Meta Ads,ALC - CINEMA,21482,33.89,26.0,11.0,5.0,3.0,,
Meta Ads,ALC - DINOS,291054,396.33,21502.0,8700.0,5151.0,3444.0,,
Meta Ads,ENG - FRANQUIAS GS,0,0.0,,,,,,
Meta Ads,ALC - LOOKS OUTONO,44500,66.21,84.0,43.0,30.0,11.0,,
Meta Ads,ALC - DIABO VESTE PRADA,221936,308.88,5512.0,2635.0,1076.0,463.0,,
Meta Ads,ALC - PROMO MAES 26,198110,285.58,2488.0,1038.0,454.0,278.0,,
Meta Ads,TRAF - PROMO MAES 26,31150,284.36,3353.0,1851.0,942.0,622.0,,
Meta Ads,ALC - CINEMA,128887,181.89,159.0,69.0,39.0,17.0,,
Meta Ads,ENG - ALBUM DE FIGURINHAS,11097,37.76,2949.0,1788.0,1259.0,942.0,,
Meta Ads,ALC - GIFT GUIDE DIA DAS MAES,233562,377.23,120.0,41.0,22.0,5.0,,
Meta Ads,TRAF- Giftcard,0,0.0,,,,,,
Meta Ads,ALC - Inauguração Ritmi,27787,47.62,109.0,14.0,6.0,4.0,,
Meta Ads,ALC - Loja Crocs,40199,72.96,429.0,227.0,48.0,33.0,,
Meta Ads,ALC - Chilli Beans,15911,27.63,148.0,32.0,23.0,18.0,,
Meta Ads,ALC - Avatim,101917,163.26,188.0,74.0,46.0,31.0,,
Meta Ads,ALC - Chegada Papai Noel - Natal 2025,0,0.0,,,,,,
Meta Ads,ALC - Casas Maria,90502,154.01,360.0,98.0,50.0,29.0,,
Meta Ads,ALC - LAS LEÑAS,93634,153.83,5701.0,1804.0,1068.0,797.0,,
Meta Ads,ENG - Officina Gelatiera,31008,113.14,4279.0,3077.0,2131.0,1189.0,,
Meta Ads,ALC - PROMO NATAL 25,412978,654.0,21632.0,6385.0,3462.0,2281.0,,
Meta Ads,TRAF - NATAL 25,220154,658.82,24140.0,11146.0,6886.0,4826.0,,
Meta Ads,ALC - LEGOS,267938,459.32,22.0,3.0,1.0,1.0,,
Meta Ads,ALC - Transmissão ao vivo Jogo de Futebol,176003,299.32,5391.0,2341.0,581.0,365.0,,
Meta Ads,ALC- BLACK FRIDAY NS,375997,799.96,6272.0,2818.0,1719.0,1319.0,,
Meta Ads,VISUALIZAÇÕES - BF SORANA,30038,199.92,2775.0,1390.0,883.0,485.0,,
Meta Ads,ENG - Officina Gelatiera,0,0.0,,,,,,
Meta Ads,ALC - PROMO NATAL 25,1290633,1638.77,14056.0,5296.0,2243.0,1230.0,,
Meta Ads,TRAF - NATAL 25,511913,1630.61,33877.0,18332.0,13297.0,7151.0,,
Meta Ads,ALC - LEGOS,383291,540.64,983.0,162.0,86.0,56.0,,
Meta Ads,ALC- BLACK FRIDAY NS,0,0.0,,,,,,
Meta Ads,VISUALIZAÇÕES - BF SORANA,0,0.0,,,,,,
Meta Ads,"ALC - Espetáculo Luz, camera e emoção",206244,349.82,419.0,146.0,80.0,52.0,,
Meta Ads,ENG - Tour fofíssima Natal,117079,599.98,10477.0,4518.0,2903.0,1853.0,,
Meta Ads,ALC - Exposição Legueiros,348840,500.0,6359.0,1880.0,1104.0,615.0,,
Meta Ads,ALC - Panetone,259857,349.98,8183.0,4075.0,2016.0,561.0,,
Meta Ads,ALC - UEBEL,263571,349.98,378.0,131.0,82.0,48.0,,
Meta Ads,ALC - Mana Naspolini - Looks fim de ano,237046,299.96,3486.0,1744.0,262.0,165.0,,
Meta Ads,ALC - Chapeuzinho Vermelho,315847,499.99,,,,,,
Meta Ads,ALC - Mesa Posta Natal 25,100620,149.94,124.0,47.0,25.0,16.0,,
Meta Ads,ALC - Avatar 3,113032,150.0,11501.0,5858.0,3202.0,2161.0,,
Meta Ads,ALC - PROMO NATAL 25,755889,618.57,8823.0,3009.0,1418.0,868.0,,
Meta Ads,TRAF - NATAL 25,166574,513.66,11985.0,5646.0,4853.0,2338.0,,
Meta Ads,ALC - Panetone,0,0.0,,,,,,
Meta Ads,ALC - UEBEL,0,0.0,,,,,,
Meta Ads,ALC - Super ZOO,1097522,1440.28,28768.0,12236.0,7370.0,5117.0,,
Meta Ads,ALC - LIQUIDA 25,1434340,2998.07,46209.0,22224.0,13226.0,7287.0,,
Meta Ads,ALC - Cinema - Bob Esponja Filme,255470,299.9,13450.0,4864.0,2485.0,1765.0,,
Meta Ads,ALC - FÉRIAS JAN 25,541975,686.47,7641.0,2559.0,1344.0,804.0,,
Meta Ads,ALC - VERÃO/LOJAS,395282,490.14,5710.0,2778.0,1635.0,537.0,,
Meta Ads,ALC - ÓCULOS META OAKLEY,373154,482.08,2472.0,510.0,204.0,111.0,,
Meta Ads,ALC - Novidades Cinema GNC,75044,96.89,,,,,,
Meta Ads,ALC - Vortex,49595,66.25,,,,,,
Meta Ads,ALC - Blokinho do Rosa 2025,104791,140.88,4758.0,1955.0,992.0,686.0,,
Meta Ads,ALC - Super ZOO,355144,454.53,6118.0,1991.0,1120.0,747.0,,
Meta Ads,ALC - FÉRIAS JAN 25,190630,244.95,2589.0,763.0,398.0,247.0,,
Meta Ads,ALC - VERÃO/LOJAS,141105,174.98,2812.0,1249.0,776.0,280.0,,
Meta Ads,ALC - ÓCULOS META OAKLEY,136895,174.94,865.0,140.0,56.0,35.0,,
Meta Ads,ALC - Novidades Cinema GNC,107249,125.4,308.0,92.0,59.0,38.0,,
Meta Ads,ALC - Vortex,101839,121.83,,,,,,
Meta Ads,ALC - Blokinho do Rosa 2025,188645,242.25,4284.0,1530.0,827.0,567.0,,
Meta Ads,ALC - Carnapet,184927,249.97,2293.0,1307.0,190.0,126.0,,
Meta Ads,ALC - Exposição Ambiências,39917,50.85,902.0,374.0,77.0,50.0,,
Meta Ads,ALC - Super ZOO,877409,1105.19,7045.0,1872.0,1020.0,678.0,,
Meta Ads,ALC - FÉRIAS JAN 25,433087,548.33,5252.0,1485.0,701.0,427.0,,
Meta Ads,ALC - VERÃO/LOJAS,375451,454.81,5155.0,2707.0,1564.0,560.0,,
Meta Ads,ALC - ÓCULOS META OAKLEY,307760,391.78,1799.0,320.0,160.0,83.0,,
Meta Ads,ALC - Novidades Cinema GNC,105114,127.4,216.0,79.0,54.0,41.0,,
Meta Ads,ALC - Vortex,257725,308.31,,,,,,
Meta Ads,ALC - Blokinho do Rosa 2025,12999,16.61,75.0,14.0,3.0,1.0,,
Meta Ads,ALC - Exposição Ambiências,104790,125.6,1949.0,911.0,186.0,132.0,,
Meta Ads,ALC - A Casa de Gaby,245648,299.95,120.0,62.0,42.0,6.0,,
Meta Ads,ALC - Exposição Beatles,160175,185.87,1061.0,187.0,101.0,69.0,,
Meta Ads,ALC - CAPIVALLEY,207346,281.1,31780.0,11611.0,6363.0,4325.0,,
Meta Ads,ALC - Exposição Beatles,191689,221.06,1236.0,251.0,129.0,79.0,,
Meta Ads,ALC - CAPIVALLEY,1137149,1499.79,168134.0,62218.0,36405.0,25094.0,,
Meta Ads,ALC - MISS CRICIUMA,1398032,2000.0,,,,,,
Meta Ads,ALC - Páscoa,2651115,3711.21,17246.0,3901.0,2161.0,1398.0,,
Meta Ads,ALC - MUSICAL O ENCANTO DA NATUREZA,228860,311.12,3870.0,1804.0,438.0,290.0,,
Meta Ads,ALC - DIA DA MULHER - PANDORA,353464,499.11,3243.0,539.0,314.0,197.0,,
Meta Ads,ALC - Promo Iphone,465572,752.83,,,,,,
Meta Ads,ALC - Heroinas do kpop,333634,499.96,,,,,,
Meta Ads,ALC - Diversão no Nações,146498,205.9,,,,,,
Meta Ads,ALC - Aniversario NS,24464,31.32,,,,,,
Meta Ads,ENG - Posts,15224,43.88,2700.0,1515.0,944.0,442.0,,
Meta Ads,TRAF - FRANQUIAS,6400,23.96,,,,,,
Meta Ads,ENG - FRANQUIAS,1932,19.69,,,,,,
Meta Ads,ALC - Páscoa,230338,288.78,1703.0,434.0,206.0,141.0,,
Meta Ads,ALC - Promo Iphone,1297790,1747.15,6261.0,1419.0,643.0,381.0,,
Meta Ads,ALC - Diversão no Nações,259048,294.1,,,,,,
Meta Ads,ALC - Aniversario NS,160068,168.68,,,,,,
Meta Ads,ENG - Posts,86955,203.23,13333.0,5686.0,3158.0,1386.0,,
Meta Ads,TRAF - FRANQUIAS,265857,1175.93,,,,,,
Meta Ads,ENG - FRANQUIAS,108809,1178.68,,,,,,
Meta Ads,TRAF - IPHONE,168229,499.83,5008.0,1918.0,1128.0,720.0,,
Meta Ads,ALC - DIABO VESTE PRADA,346311,499.94,6223.0,2226.0,847.0,528.0,,
Meta Ads,ALC - Hello Kitty,269075,349.99,,,,,,
Meta Ads,[ALC - Encontro de Goldens e Labradores],223180,299.87,,,,,,
Meta Ads,ALC - Hello Kitty Parade,92027,128.31,1119.0,326.0,143.0,77.0,,
Meta Ads,ALC - PROMO MAES 26,75888,131.58,132.0,32.0,15.0,9.0,,
Meta Ads,TRAF - PROMO MAES 26,22467,128.1,1128.0,506.0,236.0,137.0,,
Meta Ads,ENG - FRANQUIAS,0,0.0,,,,,,
Meta Ads,ALC - Hello Kitty Parade,109965,158.51,1054.0,290.0,137.0,86.0,,
Meta Ads,ALC - PROMO MAES 26,261426,413.24,1860.0,509.0,216.0,126.0,,
Meta Ads,TRAF - PROMO MAES 26,88405,415.81,3137.0,1369.0,692.0,390.0,,
Meta Ads,ALC - CAMICADO DIA DAS MAES,64603,94.14,834.0,177.0,75.0,44.0,,
Meta Ads,ALC - PRESENTES MAES,90205,180.49,1502.0,395.0,233.0,165.0,,
Meta Ads,ALC - SHOW HOMENAGEM DIA DAS MAES,86125,164.57,,,,,,
TikTok Ads,Alcance - Conteúdos Ago/Set ,0,0.0,0.0,0.0,0.0,0.0,0.0,0.0
TikTok Ads,Alcance - Conteúdos Set ,9953,20.98,58.0,31.0,14.0,6.0,777.0,164.0
TikTok Ads,Alcance - Conteúdos Set ,9460,22.09,37.0,19.0,12.0,6.0,621.0,105.0
TikTok Ads,Alcance - Giftcard ,9387,19.85,107.0,29.0,19.0,10.0,750.0,100.0
TikTok Ads,Alcance - Giftcard ,8821,20.69,83.0,23.0,17.0,11.0,538.0,86.0
TikTok Ads,ALC - Baby shark ,30245,76.72,565.0,239.0,128.0,86.0,1987.0,435.0
TikTok Ads,ALC - Baby shark ,0,0.0,0.0,0.0,0.0,0.0,0.0,0.0
TikTok Ads,ALC - Baby shark ,27360,76.17,521.0,200.0,116.0,70.0,1901.0,381.0
TikTok Ads,Alcance - Conteúdos Ago/Set ,18198,40.89,301.0,116.0,61.0,31.0,2218.0,541.0
TikTok Ads,Alcance - Giftcard ,8788,18.37,93.0,35.0,18.0,13.0,665.0,94.0
TikTok Ads,Alcance - Giftcard ,9273,19.5,131.0,49.0,24.0,17.0,849.0,132.0
TikTok Ads,Alcance - Giftcard ,4244,9.75,33.0,14.0,10.0,5.0,229.0,44.0
TikTok Ads,Alcance - Conteúdos Ago/Set ,0,0.0,0.0,0.0,0.0,0.0,0.0,0.0
TikTok Ads,Alcance - Conteúdos Set ,9891,19.28,43.0,22.0,13.0,7.0,712.0,132.0
TikTok Ads,Alcance - Conteúdos Set ,8600,21.55,40.0,15.0,6.0,3.0,604.0,122.0
TikTok Ads,ALC - Baby shark ,0,0.0,0.0,0.0,0.0,0.0,0.0,0.0
TikTok Ads,ALC - Baby shark ,17150,39.5,266.0,102.0,57.0,34.0,948.0,191.0
TikTok Ads,ALC - Baby shark ,0,0.0,0.0,0.0,0.0,0.0,0.0,0.0
TikTok Ads,Alcance - Giftcard ,9524,18.92,100.0,45.0,23.0,16.0,668.0,108.0
TikTok Ads,Alcance - Giftcard ,8311,20.62,87.0,33.0,14.0,9.0,633.0,93.0
TikTok Ads,ALC - Baby shark ,28863,77.44,519.0,204.0,127.0,77.0,1814.0,369.0
TikTok Ads,Alcance - Conteúdos Set ,9818,19.55,49.0,18.0,10.0,3.0,721.0,144.0
TikTok Ads,Alcance - Conteúdos Set ,8791,21.92,43.0,26.0,16.0,6.0,570.0,106.0
TikTok Ads,Alcance - Conteúdos Ago/Set ,0,0.0,0.0,0.0,0.0,0.0,0.0,0.0
TikTok Ads,Alcance - Conteúdos Ago/Set ,18881,42.0,293.0,133.0,64.0,39.0,2205.0,517.0
TikTok Ads,Tráfego - App instal - NS,0,0.0,0.0,0.0,0.0,0.0,0.0,0.0
TikTok Ads,Alcance - Conteúdos Set ,9651,21.02,56.0,28.0,13.0,6.0,834.0,153.0
TikTok Ads,Alcance - Conteúdos Set ,8998,21.78,39.0,17.0,8.0,5.0,534.0,100.0
TikTok Ads,Alcance - Giftcard ,9035,19.73,143.0,59.0,34.0,23.0,778.0,131.0
TikTok Ads,Alcance - Giftcard ,8469,20.51,86.0,34.0,18.0,8.0,539.0,96.0
TikTok Ads,Alcance - Conteúdos Set ,9138,19.02,50.0,25.0,14.0,10.0,719.0,145.0
TikTok Ads,Alcance - Conteúdos Ago/Set ,7177,17.18,113.0,57.0,23.0,8.0,922.0,212.0
TikTok Ads,ALC - Baby shark ,10275,30.17,193.0,77.0,57.0,37.0,704.0,140.0
TikTok Ads,Alcance - Conteúdos Set ,9848,20.69,61.0,29.0,13.0,5.0,797.0,166.0
TikTok Ads,Alcance - Conteúdos Set ,4555,10.4,18.0,9.0,5.0,3.0,276.0,47.0
TikTok Ads,ALC - Baby shark ,0,0.0,0.0,0.0,0.0,0.0,0.0,0.0
TikTok Ads,NSpromopais24,0,0.0,0.0,0.0,0.0,0.0,0.0,0.0
TikTok Ads,Alcance - Giftcard ,9346,18.23,116.0,39.0,21.0,14.0,653.0,102.0
TikTok Ads,Alcance - Giftcard ,7984,20.01,99.0,45.0,19.0,10.0,636.0,107.0
TikTok Ads,Alcance | Ritmi Mana Spolini,4792,9.95,36.0,24.0,10.0,3.0,315.0,116.0
TikTok Ads,Alcance - Conteúdos Set ,8328,17.47,44.0,16.0,7.0,5.0,562.0,113.0
TikTok Ads,Alcance | Giftcard ,6599,12.37,47.0,25.0,13.0,10.0,683.0,70.0
TikTok Ads,Alcance - Giftcard ,4788,12.17,68.0,18.0,8.0,7.0,323.0,51.0
TikTok Ads,Alcance - Giftcard ,7846,16.51,95.0,33.0,25.0,16.0,567.0,108.0
TikTok Ads,Visualizações de vídeo | Natal ,7963,23.05,2381.0,886.0,573.0,250.0,4447.0,2249.0
TikTok Ads,Alcance - Conteúdos Set ,4207,10.78,18.0,6.0,5.0,1.0,248.0,55.0
TikTok Ads,Alcance | Chillibeans Vini ,5559,11.51,78.0,35.0,16.0,7.0,507.0,104.0
TikTok Ads,Alcance | Giftcard ,3156,6.95,24.0,10.0,9.0,2.0,341.0,37.0
TikTok Ads,Alcance | Chillibeans Vini ,2895,6.31,40.0,19.0,10.0,1.0,237.0,57.0
TikTok Ads,Alcance - Giftcard ,6827,16.26,83.0,27.0,15.0,10.0,530.0,86.0
TikTok Ads,Visualizações de vídeo | Natal ,7986,26.17,2494.0,969.0,583.0,274.0,4590.0,2486.0
TikTok Ads,Alcance - Giftcard ,825,1.63,6.0,3.0,1.0,1.0,45.0,6.0
TikTok Ads,Visualizações de vídeo | Natal 02 ,3173,11.56,349.0,174.0,125.0,83.0,1443.0,369.0
TikTok Ads,Alcance | Ritmi Mana Spolini,4223,9.93,48.0,14.0,5.0,0.0,370.0,138.0
TikTok Ads,Alcance - Conteúdos Set ,9093,19.38,56.0,27.0,19.0,8.0,631.0,149.0
TikTok Ads,Alcance - Conteúdos Set ,6262,13.99,25.0,11.0,4.0,1.0,399.0,75.0
TikTok Ads,Alcance - Giftcard ,7536,16.85,83.0,37.0,26.0,20.0,557.0,89.0
TikTok Ads,Alcance - Conteúdos Set ,1266,3.03,4.0,0.0,0.0,0.0,86.0,17.0
TikTok Ads,Alcance - Giftcard ,4644,10.9,64.0,28.0,14.0,9.0,316.0,47.0
TikTok Ads,Alcance | Giftcard ,6824,13.77,47.0,19.0,12.0,9.0,707.0,63.0
TikTok Ads,Visualizações de vídeo | Natal 02 ,3443,11.3,320.0,169.0,113.0,73.0,1395.0,360.0
TikTok Ads,Promo Natura 2024 - Tráfego,0,0.0,0.0,0.0,0.0,0.0,0.0,0.0
TikTok Ads,Alcance - Conteúdos Set ,7700,17.09,46.0,16.0,9.0,3.0,550.0,125.0
TikTok Ads,Alcance | Ritmi Mana Spolini,4602,8.95,55.0,19.0,10.0,3.0,421.0,162.0
TikTok Ads,Alcance - Conteúdos Set ,8826,19.67,41.0,22.0,9.0,2.0,686.0,117.0
TikTok Ads,Alcance - Conteúdos Set ,7279,16.62,34.0,17.0,8.0,4.0,426.0,85.0
TikTok Ads,Visualizações de vídeo | Natal ,6468,21.43,1980.0,761.0,477.0,207.0,3522.0,1845.0
TikTok Ads,Alcance - Giftcard ,0,0.0,0.0,0.0,0.0,0.0,0.0,0.0
TikTok Ads,Alcance - Giftcard ,7365,16.97,92.0,31.0,14.0,11.0,538.0,93.0
TikTok Ads,Alcance - Giftcard ,8242,18.34,101.0,34.0,19.0,13.0,713.0,107.0
TikTok Ads,Alcance - Conteúdos Set ,8739,17.74,43.0,19.0,6.0,2.0,581.0,118.0
TikTok Ads,Visualizações de vídeo | Natal 02 ,3063,12.04,335.0,173.0,120.0,78.0,1408.0,365.0
TikTok Ads,Alcance | Ritmi Mana Spolini,2422,5.38,23.0,10.0,4.0,0.0,175.0,59.0
TikTok Ads,Alcance - Conteúdos Set ,5492,13.47,18.0,8.0,3.0,2.0,380.0,59.0
TikTok Ads,Alcance | Chillibeans Vini ,5863,13.7,72.0,35.0,24.0,9.0,455.0,100.0
TikTok Ads,Alcance | Giftcard ,5821,13.28,43.0,20.0,9.0,7.0,675.0,52.0
TikTok Ads,Alcance - Giftcard ,6475,14.55,70.0,28.0,16.0,10.0,417.0,70.0
TikTok Ads,Alcance - Giftcard ,8473,18.2,99.0,30.0,15.0,11.0,570.0,83.0
TikTok Ads,Visualizações de vídeo | Natal 02 ,1601,6.02,173.0,90.0,65.0,42.0,821.0,184.0
TikTok Ads,Visualizações de vídeo | Natal ,7222,23.77,2498.0,1027.0,632.0,301.0,4392.0,2266.0
TikTok Ads,Alcance - Conteúdos Set ,7316,15.53,33.0,21.0,9.0,7.0,394.0,93.0
TikTok Ads,Alcance - Conteúdos Set ,8150,19.04,32.0,11.0,7.0,1.0,658.0,114.0
TikTok Ads,Alcance - Giftcard ,7200,15.41,72.0,20.0,12.0,8.0,405.0,66.0
TikTok Ads,Alcance - Giftcard ,7845,18.25,105.0,45.0,24.0,18.0,623.0,101.0
TikTok Ads,Visualizações de vídeo | Natal ,3181,14.32,1285.0,560.0,356.0,176.0,2011.0,1157.0
TikTok Ads,Visualizações de vídeo | Natal 02 ,2988,11.64,360.0,188.0,135.0,89.0,1286.0,411.0
TikTok Ads,Alcance | Ritmi Mana Spolini,4371,9.45,46.0,25.0,10.0,5.0,431.0,158.0
TikTok Ads,Alcance | Giftcard ,5704,12.98,52.0,16.0,9.0,6.0,653.0,78.0
TikTok Ads,Alcance | Chillibeans Vini ,5320,12.02,75.0,40.0,29.0,13.0,465.0,109.0
TikTok Ads,Alcance - Giftcard ,8362,16.98,90.0,37.0,21.0,15.0,537.0,83.0
TikTok Ads,Alcance - Giftcard ,5547,13.71,67.0,19.0,11.0,8.0,386.0,51.0
TikTok Ads,Alcance - Conteúdos Set ,0,0.0,0.0,0.0,0.0,0.0,0.0,0.0
TikTok Ads,Alcance | Ritmi Mana Spolini,4494,10.9,41.0,14.0,6.0,0.0,300.0,113.0
TikTok Ads,Alcance | Chillibeans Vini ,6393,12.75,70.0,27.0,18.0,4.0,443.0,100.0
TikTok Ads,Alcance - Conteúdos Set ,7137,16.75,37.0,21.0,10.0,1.0,529.0,104.0
TikTok Ads,Visualizações de vídeo | Natal ,6921,23.01,2307.0,934.0,583.0,260.0,3997.0,2105.0
TikTok Ads,Alcance - Giftcard ,7737,17.83,120.0,48.0,30.0,12.0,599.0,118.0
TikTok Ads,Alcance - Giftcard ,6808,14.5,79.0,24.0,15.0,10.0,424.0,70.0
TikTok Ads,Visualizações de vídeo | Natal 02 ,2901,13.21,319.0,180.0,125.0,84.0,1351.0,352.0
TikTok Ads,Alcance - Conteúdos Set ,6989,14.85,40.0,22.0,11.0,4.0,451.0,99.0
TikTok Ads,Alcance - Conteúdos Set ,8229,18.93,47.0,22.0,11.0,8.0,655.0,135.0
TikTok Ads,Alcance | Chillibeans Vini ,6275,11.68,81.0,30.0,19.0,12.0,554.0,116.0
TikTok Ads,Alcance - Conteúdos Set ,8985,17.73,38.0,16.0,8.0,4.0,601.0,120.0
TikTok Ads,Alcance - Conteúdos Set ,4832,12.6,26.0,14.0,7.0,2.0,325.0,64.0
TikTok Ads,Alcance | Giftcard ,5747,12.0,44.0,16.0,10.0,8.0,653.0,68.0
TikTok Ads,Alcance - Giftcard ,4890,12.64,55.0,22.0,11.0,10.0,292.0,41.0
TikTok Ads,Alcance - Giftcard ,8651,17.13,90.0,31.0,24.0,12.0,571.0,84.0
TikTok Ads,Alcance - Conteúdos Set ,7088,16.88,40.0,14.0,9.0,5.0,494.0,103.0
TikTok Ads,Alcance | Ritmi Mana Spolini,4060,9.55,50.0,14.0,5.0,0.0,450.0,171.0
TikTok Ads,Visualizações de vídeo | Natal ,6344,25.59,2125.0,832.0,528.0,233.0,3695.0,2125.0
TikTok Ads,Alcance - Conteúdos Set ,0,0.0,0.0,0.0,0.0,0.0,0.0,0.0
TikTok Ads,Alcance | Giftcard ,6016,14.24,41.0,18.0,7.0,4.0,631.0,58.0
TikTok Ads,Alcance - Giftcard ,6785,15.95,79.0,39.0,21.0,12.0,514.0,97.0
TikTok Ads,Alcance | Chillibeans Vini ,5280,11.89,77.0,30.0,21.0,9.0,448.0,107.0
TikTok Ads,Alcance - Giftcard ,4005,8.84,38.0,14.0,3.0,2.0,250.0,32.0
TikTok Ads,Visualizações de vídeo | Natal 02 ,3810,11.71,375.0,203.0,123.0,81.0,1627.0,433.0
TikTok Ads,Alcance | Ritmi Mana Spolini,900,2.59,10.0,7.0,3.0,2.0,86.0,26.0
TikTok Ads,ALC - NATAL 25,0,0.0,0.0,0.0,0.0,0.0,0.0,0.0
TikTok Ads,Alcance | Giftcard ,0,0.0,0.0,0.0,0.0,0.0,0.0,0.0
TikTok Ads,Alcance | Chillibeans Vini ,0,0.0,0.0,0.0,0.0,0.0,0.0,0.0
TikTok Ads,Alcance | Chillibeans Vini ,0,0.0,0.0,0.0,0.0,0.0,0.0,0.0
TikTok Ads,Visualizações de vídeo | Natal ,0,0.0,0.0,0.0,0.0,0.0,0.0,0.0
TikTok Ads,Visualizações de vídeo | Natal 02 ,2893,12.02,266.0,139.0,96.0,66.0,1110.0,308.0
TikTok Ads,Alcance | Ritmi Mana Spolini,0,0.0,0.0,0.0,0.0,0.0,0.0,0.0
TikTok Ads,TRAF - NATAL 25,4420,32.24,1113.0,473.0,293.0,238.0,1285.0,1159.0
TikTok Ads,Alcance | Giftcard ,5128,12.18,43.0,18.0,10.0,8.0,520.0,56.0
TikTok Ads,Alcance | Chillibeans Vini ,0,0.0,0.0,0.0,0.0,0.0,0.0,0.0
TikTok Ads,Alcance | Giftcard ,0,0.0,0.0,0.0,0.0,0.0,0.0,0.0
TikTok Ads,TRAF - NATAL 25,7169,40.9,2162.0,1748.0,1616.0,1284.0,2179.0,1691.0
TikTok Ads,ALC - NATAL 25 02,10657,38.39,179.0,65.0,34.0,25.0,494.0,99.0
TikTok Ads,TRAF - NATAL 25,7348,37.77,1635.0,671.0,439.0,339.0,1996.0,1840.0
TikTok Ads,ALC - BLACK FRIDAY - NS,0,0.0,0.0,0.0,0.0,0.0,0.0,0.0
TikTok Ads,Visualizações de vídeo | Natal 02 ,0,0.0,0.0,0.0,0.0,0.0,0.0,0.0
TikTok Ads,Alcance | Giftcard ,0,0.0,0.0,0.0,0.0,0.0,0.0,0.0
TikTok Ads,Alcance | Chillibeans Vini ,4834,10.73,41.0,17.0,9.0,5.0,333.0,60.0
TikTok Ads,Alcance | Chillibeans Vini ,0,0.0,0.0,0.0,0.0,0.0,0.0,0.0
TikTok Ads,ALC - NATAL 25,9186,33.01,339.0,131.0,76.0,51.0,458.0,103.0
TikTok Ads,Visualizações de vídeo | Natal ,1469,4.81,411.0,171.0,104.0,42.0,817.0,380.0
TikTok Ads,Alcance | Ritmi Mana Spolini,0,0.0,0.0,0.0,0.0,0.0,0.0,0.0
TikTok Ads,TRAF - NATAL 25,4308,31.17,1423.0,722.0,523.0,430.0,1621.0,1386.0
TikTok Ads,Alcance | Chillibeans Vini ,4500,10.25,38.0,13.0,8.0,3.0,298.0,55.0
TikTok Ads,Alcance | Chillibeans Vini ,0,0.0,0.0,0.0,0.0,0.0,0.0,0.0
TikTok Ads,TRAF - NATAL 25,9297,42.63,1878.0,740.0,513.0,405.0,2258.0,2053.0
TikTok Ads,ALC - NATAL 25,10467,37.95,379.0,158.0,86.0,48.0,569.0,118.0
TikTok Ads,Alcance | Giftcard ,5359,12.25,42.0,13.0,6.0,4.0,537.0,61.0
TikTok Ads,Visualizações de vídeo | Natal 02 ,0,0.0,0.0,0.0,0.0,0.0,0.0,0.0
TikTok Ads,Alcance | Ritmi Mana Spolini,0,0.0,0.0,0.0,0.0,0.0,0.0,0.0
TikTok Ads,ALC - BLACK FRIDAY - NS,19972,61.99,139.0,47.0,25.0,20.0,1229.0,255.0
TikTok Ads,ALC - NATAL 25,10174,35.65,337.0,137.0,83.0,57.0,469.0,113.0
TikTok Ads,TRAF - NATAL 25,6490,52.44,2790.0,2251.0,2051.0,1797.0,2809.0,2248.0
TikTok Ads,TRAF - NATAL 25,5820,32.76,2158.0,1747.0,1426.0,1130.0,2176.0,1720.0
TikTok Ads,ALC - NATAL 25,0,0.0,0.0,0.0,0.0,0.0,0.0,0.0
TikTok Ads,Alcance | Giftcard ,0,0.0,0.0,0.0,0.0,0.0,0.0,0.0
TikTok Ads,Alcance | Chillibeans Vini ,0,0.0,0.0,0.0,0.0,0.0,0.0,0.0
TikTok Ads,Alcance | Giftcard ,0,0.0,0.0,0.0,0.0,0.0,0.0,0.0
TikTok Ads,ALC - NATAL 25 02,12487,39.48,240.0,79.0,41.0,25.0,555.0,103.0
TikTok Ads,ALC - BLACK FRIDAY - NS,0,0.0,0.0,0.0,0.0,0.0,0.0,0.0
TikTok Ads,ALC - NATAL 25,11006,38.47,405.0,156.0,87.0,61.0,568.0,123.0
TikTok Ads,Alcance | Ritmi Mana Spolini,3883,9.09,32.0,14.0,13.0,3.0,299.0,107.0
TikTok Ads,ALC - NATAL 25,0,0.0,0.0,0.0,0.0,0.0,0.0,0.0
TikTok Ads,Alcance | Giftcard ,0,0.0,0.0,0.0,0.0,0.0,0.0,0.0
TikTok Ads,ALC - NATAL 25 02,13708,41.3,349.0,142.0,68.0,43.0,708.0,158.0
TikTok Ads,Alcance | Chillibeans Vini ,0,0.0,0.0,0.0,0.0,0.0,0.0,0.0
TikTok Ads,Alcance | Ritmi Mana Spolini,0,0.0,0.0,0.0,0.0,0.0,0.0,0.0
TikTok Ads,Alcance | Ritmi Mana Spolini,0,0.0,0.0,0.0,0.0,0.0,0.0,0.0
TikTok Ads,TRAF - NATAL 25,7148,33.32,2954.0,2521.0,2069.0,1502.0,2973.0,2477.0
TikTok Ads,Alcance | Giftcard ,0,0.0,0.0,0.0,0.0,0.0,0.0,0.0
TikTok Ads,TRAF - NATAL 25,5644,31.57,791.0,331.0,224.0,182.0,956.0,838.0
TikTok Ads,ALC - BLACK FRIDAY - NS,17930,61.37,136.0,52.0,21.0,15.0,1156.0,230.0
TikTok Ads,Visualizações de vídeo | Natal ,5560,20.41,1673.0,662.0,429.0,198.0,3045.0,1520.0
TikTok Ads,Visualizações de vídeo | Natal 02 ,2927,10.3,240.0,123.0,92.0,62.0,1195.0,281.0
TikTok Ads,Alcance | Ritmi Mana Spolini,0,0.0,0.0,0.0,0.0,0.0,0.0,0.0
TikTok Ads,Alcance | Chillibeans Vini ,902,2.46,12.0,8.0,4.0,1.0,74.0,16.0
TikTok Ads,Alcance | Giftcard ,1216,3.37,6.0,0.0,0.0,0.0,130.0,9.0
TikTok Ads,Alcance | Chillibeans Vini ,0,0.0,0.0,0.0,0.0,0.0,0.0,0.0
TikTok Ads,Alcance | Giftcard ,0,0.0,0.0,0.0,0.0,0.0,0.0,0.0
TikTok Ads,ALC - NATAL 25,3427,12.73,138.0,68.0,42.0,31.0,185.0,55.0
TikTok Ads,ALC - NATAL 25 02,16939,42.08,524.0,213.0,129.0,83.0,767.0,195.0
TikTok Ads,Alcance | Ritmi Mana Spolini,0,0.0,0.0,0.0,0.0,0.0,0.0,0.0
TikTok Ads,Alcance | Chillibeans Vini ,0,0.0,0.0,0.0,0.0,0.0,0.0,0.0
TikTok Ads,TRAF - NATAL 25,5712,31.86,2034.0,1652.0,1358.0,1099.0,2053.0,1602.0
TikTok Ads,Alcance | Ritmi Mana Spolini,3489,8.37,22.0,8.0,2.0,0.0,239.0,77.0
TikTok Ads,Alcance | Chillibeans Vini ,0,0.0,0.0,0.0,0.0,0.0,0.0,0.0
TikTok Ads,ALC - NATAL 25,9969,35.73,357.0,135.0,81.0,50.0,492.0,100.0
TikTok Ads,Visualizações de vídeo | Natal 02 ,2650,11.51,253.0,138.0,92.0,65.0,1078.0,289.0
TikTok Ads,Alcance | Ritmi Mana Spolini,0,0.0,0.0,0.0,0.0,0.0,0.0,0.0
TikTok Ads,Alcance | Ritmi Mana Spolini,0,0.0,0.0,0.0,0.0,0.0,0.0,0.0
TikTok Ads,ALC - NATAL 25,7031,26.2,218.0,82.0,53.0,29.0,311.0,65.0
TikTok Ads,TRAF - NATAL 25,5497,33.17,745.0,298.0,175.0,143.0,983.0,838.0
TikTok Ads,ALC - LEGUEIROS,4457,8.45,244.0,105.0,65.0,28.0,904.0,408.0
TikTok Ads,ALC - NATAL 25,0,0.0,0.0,0.0,0.0,0.0,0.0,0.0
TikTok Ads,TRAF - NATAL 25,6903,44.71,2399.0,1917.0,1790.0,1501.0,2370.0,1900.0
TikTok Ads,ALC - NATAL 25,11709,38.42,431.0,154.0,96.0,67.0,557.0,130.0
TikTok Ads,Alcance | Giftcard ,4977,12.38,41.0,19.0,12.0,8.0,514.0,47.0
TikTok Ads,Alcance | Chillibeans Vini ,0,0.0,0.0,0.0,0.0,0.0,0.0,0.0
TikTok Ads,ALC - NATAL 25 02,4780,12.75,58.0,21.0,11.0,6.0,219.0,52.0
TikTok Ads,Visualizações de vídeo | Natal 02 ,0,0.0,0.0,0.0,0.0,0.0,0.0,0.0
TikTok Ads,ALC - BLACK FRIDAY - NS,17967,58.66,142.0,57.0,31.0,15.0,1112.0,230.0
TikTok Ads,Alcance | Ritmi Mana Spolini,0,0.0,0.0,0.0,0.0,0.0,0.0,0.0
TikTok Ads,Visualizações de vídeo | Natal ,4552,17.44,1224.0,478.0,306.0,128.0,2408.0,1177.0
TikTok Ads,ALC - NATAL 25,9113,32.79,343.0,132.0,86.0,56.0,476.0,106.0
TikTok Ads,Alcance | Giftcard ,0,0.0,0.0,0.0,0.0,0.0,0.0,0.0
TikTok Ads,Alcance | Giftcard ,0,0.0,0.0,0.0,0.0,0.0,0.0,0.0
TikTok Ads,ALC - NATAL 25 02,10621,38.74,132.0,41.0,25.0,13.0,515.0,114.0
TikTok Ads,ALC - BLACK FRIDAY - NS,3121,9.73,20.0,6.0,5.0,2.0,208.0,34.0
TikTok Ads,ALC - NATAL 25 02,15454,40.06,231.0,73.0,44.0,27.0,517.0,106.0
TikTok Ads,Alcance | Ritmi Mana Spolini,3832,9.17,35.0,19.0,10.0,2.0,283.0,102.0
TikTok Ads,TRAF - NATAL 25,5987,41.14,1606.0,1336.0,1252.0,1111.0,1635.0,1334.0
TikTok Ads,Alcance | Giftcard ,0,0.0,0.0,0.0,0.0,0.0,0.0,0.0
TikTok Ads,Alcance | Chillibeans Vini ,3891,8.86,37.0,19.0,10.0,6.0,260.0,56.0
TikTok Ads,Alcance | Chillibeans Vini ,0,0.0,0.0,0.0,0.0,0.0,0.0,0.0
TikTok Ads,TRAF - NATAL 25,5095,32.63,2285.0,1950.0,1568.0,1409.0,2192.0,1899.0
TikTok Ads,Alcance | Ritmi Mana Spolini,0,0.0,0.0,0.0,0.0,0.0,0.0,0.0
TikTok Ads,Alcance | Ritmi Mana Spolini,0,0.0,0.0,0.0,0.0,0.0,0.0,0.0
TikTok Ads,Alcance | Giftcard ,0,0.0,0.0,0.0,0.0,0.0,0.0,0.0
TikTok Ads,Alcance | Giftcard ,5745,12.99,53.0,22.0,6.0,3.0,589.0,79.0
TikTok Ads,Alcance | Chillibeans Vini ,0,0.0,0.0,0.0,0.0,0.0,0.0,0.0
TikTok Ads,ALC - NATAL 25,0,0.0,0.0,0.0,0.0,0.0,0.0,0.0
TikTok Ads,ALC - NATAL 25,8013,27.19,264.0,108.0,55.0,35.0,376.0,87.0
TikTok Ads,ALC - NATAL 25 02,8077,32.27,89.0,26.0,19.0,12.0,390.0,73.0
TikTok Ads,Alcance | Ritmi Mana Spolini,0,0.0,0.0,0.0,0.0,0.0,0.0,0.0
TikTok Ads,Alcance | Chillibeans Vini ,0,0.0,0.0,0.0,0.0,0.0,0.0,0.0
TikTok Ads,TRAF - NATAL 25,6531,41.72,2702.0,2277.0,2140.0,1828.0,2686.0,2312.0
TikTok Ads,ALC - BLACK FRIDAY - NS,0,0.0,0.0,0.0,0.0,0.0,0.0,0.0
TikTok Ads,ALC - NATAL 25,7915,29.1,277.0,105.0,59.0,47.0,385.0,83.0
TikTok Ads,ALC - LEGUEIROS,6668,15.03,233.0,107.0,68.0,31.0,1190.0,430.0
TikTok Ads,Alcance | Giftcard ,0,0.0,0.0,0.0,0.0,0.0,0.0,0.0
TikTok Ads,Alcance | Ritmi Mana Spolini,3588,8.79,27.0,10.0,4.0,1.0,264.0,93.0
TikTok Ads,ALC - NATAL 25,0,0.0,0.0,0.0,0.0,0.0,0.0,0.0
TikTok Ads,TRAF - NATAL 25,5039,33.22,2099.0,1761.0,1525.0,1327.0,2096.0,1773.0
TikTok Ads,TRAF - NATAL 25,7978,45.26,2811.0,2327.0,2133.0,1759.0,2826.0,2314.0
TikTok Ads,TRAF - NATAL 25,7122,29.65,1593.0,626.0,365.0,278.0,2016.0,1802.0
TikTok Ads,ALC - NATAL 25,9540,35.51,365.0,124.0,65.0,46.0,498.0,96.0
TikTok Ads,Alcance | Giftcard ,0,0.0,0.0,0.0,0.0,0.0,0.0,0.0
TikTok Ads,Alcance | Chillibeans Vini ,3520,8.48,30.0,14.0,8.0,2.0,269.0,51.0
TikTok Ads,Visualizações de vídeo | Natal 02 ,2464,10.36,212.0,111.0,82.0,53.0,1022.0,243.0
TikTok Ads,Alcance | Ritmi Mana Spolini,0,0.0,0.0,0.0,0.0,0.0,0.0,0.0
TikTok Ads,ALC - NATAL 25,9241,32.26,310.0,116.0,57.0,41.0,436.0,85.0
TikTok Ads,Alcance | Giftcard ,5286,12.33,44.0,19.0,12.0,6.0,547.0,59.0
TikTok Ads,Alcance | Giftcard ,0,0.0,0.0,0.0,0.0,0.0,0.0,0.0
TikTok Ads,ALC - BLACK FRIDAY - NS,17149,46.17,311.0,114.0,51.0,35.0,796.0,166.0
TikTok Ads,ALC - NATAL 25 02,9565,36.8,138.0,56.0,28.0,21.0,483.0,93.0
TikTok Ads,Visualizações de vídeo | Natal ,0,0.0,0.0,0.0,0.0,0.0,0.0,0.0
TikTok Ads,Visualizações de vídeo | Natal 02 ,853,5.31,84.0,50.0,39.0,24.0,358.0,99.0
TikTok Ads,Alcance | Ritmi Mana Spolini,0,0.0,0.0,0.0,0.0,0.0,0.0,0.0
TikTok Ads,TRAF - NATAL 25,6881,34.21,1384.0,574.0,385.0,299.0,1707.0,1587.0
TikTok Ads,TRAF - NATAL 25,7338,49.3,3590.0,2974.0,2779.0,2306.0,3553.0,3055.0
TikTok Ads,Alcance | Chillibeans Vini ,4298,9.63,41.0,18.0,8.0,5.0,299.0,55.0
TikTok Ads,Alcance | Chillibeans Vini ,0,0.0,0.0,0.0,0.0,0.0,0.0,0.0
TikTok Ads,Alcance | Giftcard ,0,0.0,0.0,0.0,0.0,0.0,0.0,0.0
TikTok Ads,Alcance | Giftcard ,0,0.0,0.0,0.0,0.0,0.0,0.0,0.0
TikTok Ads,ALC - NATAL 25 02,13792,38.64,33.0,14.0,9.0,4.0,142.0,31.0
TikTok Ads,TRAF - NATAL 25,5147,38.84,2479.0,2006.0,1702.0,1504.0,2439.0,2024.0
TikTok Ads,Visualizações de vídeo | Natal 02 ,0,0.0,0.0,0.0,0.0,0.0,0.0,0.0
TikTok Ads,Alcance | Ritmi Mana Spolini,3539,9.15,35.0,17.0,6.0,5.0,297.0,107.0
TikTok Ads,Alcance | Giftcard ,0,0.0,0.0,0.0,0.0,0.0,0.0,0.0
TikTok Ads,Alcance | Chillibeans Vini ,0,0.0,0.0,0.0,0.0,0.0,0.0,0.0
TikTok Ads,ALC - NATAL 25,9942,36.08,374.0,139.0,85.0,56.0,507.0,109.0
TikTok Ads,TRAF - NATAL 25,7092,41.89,2548.0,2056.0,1927.0,1699.0,2545.0,2120.0
TikTok Ads,Visualizações de vídeo | Natal 02 ,2644,11.47,252.0,144.0,95.0,65.0,1002.0,267.0
TikTok Ads,Alcance | Chillibeans Vini ,0,0.0,0.0,0.0,0.0,0.0,0.0,0.0
TikTok Ads,Alcance | Ritmi Mana Spolini,0,0.0,0.0,0.0,0.0,0.0,0.0,0.0
TikTok Ads,TRAF - NATAL 25,6007,31.45,1499.0,747.0,514.0,394.0,1683.0,1588.0
TikTok Ads,Alcance | Giftcard ,0,0.0,0.0,0.0,0.0,0.0,0.0,0.0
TikTok Ads,ALC - BLACK FRIDAY - NS,22632,62.08,282.0,105.0,50.0,31.0,1124.0,222.0
TikTok Ads,Visualizações de vídeo | Natal ,0,0.0,0.0,0.0,0.0,0.0,0.0,0.0
TikTok Ads,ALC - NATAL 25,0,0.0,0.0,0.0,0.0,0.0,0.0,0.0
TikTok Ads,Alcance | Giftcard ,0,0.0,0.0,0.0,0.0,0.0,0.0,0.0
TikTok Ads,ALC - BLACK FRIDAY - NS,0,0.0,0.0,0.0,0.0,0.0,0.0,0.0
TikTok Ads,ALC - NATAL 25,9752,36.17,347.0,132.0,83.0,56.0,467.0,110.0
TikTok Ads,TRAF - NATAL 25,4530,41.52,2266.0,1808.0,1717.0,1572.0,2228.0,1884.0
TikTok Ads,ALC - NATAL 25,0,0.0,0.0,0.0,0.0,0.0,0.0,0.0
TikTok Ads,TRAF - NATAL 25,4912,33.02,1696.0,1207.0,881.0,751.0,1771.0,1394.0
TikTok Ads,ALC - NATAL 25,9006,32.54,342.0,134.0,77.0,47.0,471.0,103.0
TikTok Ads,Alcance | Chillibeans Vini ,0,0.0,0.0,0.0,0.0,0.0,0.0,0.0
TikTok Ads,Alcance | Giftcard ,0,0.0,0.0,0.0,0.0,0.0,0.0,0.0
TikTok Ads,Alcance | Ritmi Mana Spolini,0,0.0,0.0,0.0,0.0,0.0,0.0,0.0
TikTok Ads,ALC - NATAL 25,0,0.0,0.0,0.0,0.0,0.0,0.0,0.0
TikTok Ads,ALC - NATAL 25 02,2,0.0,0.0,0.0,0.0,0.0,2.0,0.0
TikTok Ads,ALC - NATAL 25 02,16563,40.22,278.0,101.0,56.0,34.0,1253.0,249.0
TikTok Ads,ALC - NATAL 25 02,13120,40.07,31.0,9.0,5.0,3.0,145.0,31.0
TikTok Ads,ALC - BLACK FRIDAY - NS,0,0.0,0.0,0.0,0.0,0.0,0.0,0.0
TikTok Ads,ALC - NATAL 25 02,15761,36.41,113.0,41.0,27.0,21.0,435.0,86.0
TikTok Ads,ALC - LEGUEIROS,6195,13.48,132.0,60.0,42.0,23.0,895.0,252.0
TikTok Ads,Alcance | Ritmi Mana Spolini,0,0.0,0.0,0.0,0.0,0.0,0.0,0.0
TikTok Ads,TRAF - NATAL 25,6611,30.66,1215.0,399.0,229.0,167.0,1417.0,1304.0
TikTok Ads,ALC - NATAL 25,0,0.0,0.0,0.0,0.0,0.0,0.0,0.0
TikTok Ads,ALC - LEGUEIROS,6906,14.58,199.0,98.0,59.0,26.0,1122.0,395.0
TikTok Ads,ALC - LEGUEIROS,0,0.0,0.0,0.0,0.0,0.0,0.0,0.0
TikTok Ads,TRAF - NATAL 25,8111,31.57,1656.0,722.0,438.0,347.0,2186.0,1904.0
TikTok Ads,Alcance | Chillibeans Vini ,0,0.0,0.0,0.0,0.0,0.0,0.0,0.0
TikTok Ads,Visualizações de vídeo | Natal 02 ,0,0.0,0.0,0.0,0.0,0.0,0.0,0.0
TikTok Ads,Alcance | Ritmi Mana Spolini,0,0.0,0.0,0.0,0.0,0.0,0.0,0.0
TikTok Ads,ALC - NATAL 25 02,12651,36.63,48.0,17.0,13.0,6.0,225.0,55.0
TikTok Ads,ALC - LEGUEIROS,5769,9.24,95.0,39.0,27.0,16.0,818.0,219.0
TikTok Ads,ALC - LEGUEIROS,6726,16.83,284.0,132.0,88.0,42.0,1338.0,502.0
TikTok Ads,ALC - NATAL 25,0,0.0,0.0,0.0,0.0,0.0,0.0,0.0
TikTok Ads,ALC - NATAL 25 02,15027,41.95,169.0,56.0,35.0,18.0,630.0,133.0
TikTok Ads,ALC - LEGUEIROS,5864,12.48,175.0,89.0,53.0,26.0,929.0,305.0
TikTok Ads,TRAF - NATAL 25,8635,31.67,1356.0,571.0,326.0,223.0,1829.0,1638.0
TikTok Ads,TRAF - NATAL 25,9801,30.34,2067.0,853.0,489.0,387.0,2619.0,2311.0
TikTok Ads,ALC - BLACK FRIDAY - NS,0,0.0,0.0,0.0,0.0,0.0,0.0,0.0
TikTok Ads,ALC - NATAL 25 02,15360,35.68,120.0,46.0,29.0,12.0,521.0,128.0
TikTok Ads,Alcance | Giftcard ,0,0.0,0.0,0.0,0.0,0.0,0.0,0.0
TikTok Ads,ALC - NATAL 25 02,13809,37.12,56.0,18.0,11.0,7.0,272.0,56.0
TikTok Ads,ALC - BLACK FRIDAY - NS,0,0.0,0.0,0.0,0.0,0.0,0.0,0.0
TikTok Ads,ALC - NATAL 25,0,0.0,0.0,0.0,0.0,0.0,0.0,0.0
TikTok Ads,ALC - LEGUEIROS,6852,16.08,336.0,154.0,93.0,33.0,1497.0,584.0
TikTok Ads,ALC - NATAL 25,0,0.0,0.0,0.0,0.0,0.0,0.0,0.0
TikTok Ads,ALC - LEGUEIROS,5171,8.24,127.0,56.0,33.0,15.0,759.0,230.0
TikTok Ads,ALC - BLACK FRIDAY - NS,0,0.0,0.0,0.0,0.0,0.0,0.0,0.0
TikTok Ads,TRAF - NATAL 25,6175,36.93,1174.0,514.0,313.0,246.0,1365.0,1258.0
TikTok Ads,TRAF - NATAL 25,7226,21.63,1232.0,451.0,258.0,174.0,1501.0,1291.0
TikTok Ads,ALC - NATAL 25 02,15837,35.41,82.0,25.0,14.0,8.0,438.0,96.0
TikTok Ads,ALC - NATAL 25 02,16266,40.28,305.0,106.0,63.0,34.0,1127.0,248.0
TikTok Ads,Alcance | Giftcard ,0,0.0,0.0,0.0,0.0,0.0,0.0,0.0
TikTok Ads,ALC - BLACK FRIDAY - NS,0,0.0,0.0,0.0,0.0,0.0,0.0,0.0
TikTok Ads,ALC - NATAL 25 02,13838,36.96,52.0,19.0,10.0,4.0,226.0,52.0
TikTok Ads,Alcance | Chillibeans Vini ,0,0.0,0.0,0.0,0.0,0.0,0.0,0.0
TikTok Ads,ALC - LEGUEIROS,6022,13.01,193.0,87.0,58.0,22.0,1011.0,344.0
TikTok Ads,Alcance | Ritmi Mana Spolini,0,0.0,0.0,0.0,0.0,0.0,0.0,0.0
TikTok Ads,ALC - BLACK FRIDAY - NS,0,0.0,0.0,0.0,0.0,0.0,0.0,0.0
TikTok Ads,TRAF - NATAL 25,2,0.0,1.0,1.0,1.0,1.0,2.0,1.0
TikTok Ads,TRAF - NATAL 25,7241,36.31,1397.0,597.0,379.0,301.0,1713.0,1557.0
TikTok Ads,ALC - LEGUEIROS,1442,2.48,30.0,10.0,2.0,1.0,205.0,66.0
TikTok Ads,ALC - LEGUEIROS,6417,15.6,313.0,144.0,87.0,40.0,1380.0,526.0
TikTok Ads,ALC - BLACK FRIDAY - NS,0,0.0,0.0,0.0,0.0,0.0,0.0,0.0
TikTok Ads,TRAF - NATAL 25,6894,32.62,1712.0,581.0,314.0,239.0,1953.0,1824.0
TikTok Ads,Alcance | Ritmi Mana Spolini,0,0.0,0.0,0.0,0.0,0.0,0.0,0.0
TikTok Ads,ALC - NATAL 25 02,4,0.0,0.0,0.0,0.0,0.0,0.0,0.0
TikTok Ads,ALC - NATAL 25 02,16599,39.76,282.0,98.0,53.0,28.0,1231.0,239.0
TikTok Ads,ALC - LEGUEIROS,5791,12.54,151.0,67.0,45.0,22.0,895.0,287.0
TikTok Ads,ALC - LEGUEIROS,5514,13.45,168.0,81.0,57.0,28.0,949.0,338.0
TikTok Ads,TRAF - NATAL 25,7310,44.89,1267.0,595.0,384.0,313.0,1555.0,1358.0
TikTok Ads,TRAF - NATAL 25,14,0.0,7.0,4.0,2.0,2.0,9.0,4.0
TikTok Ads,ALC - BLACK FRIDAY - NS,0,0.0,0.0,0.0,0.0,0.0,0.0,0.0
TikTok Ads,TRAF - NATAL 25,7958,32.71,1550.0,552.0,280.0,189.0,1784.0,1677.0
TikTok Ads,ALC - NATAL 25,0,0.0,0.0,0.0,0.0,0.0,0.0,0.0
TikTok Ads,ALC - BLACK FRIDAY - NS,0,0.0,0.0,0.0,0.0,0.0,0.0,0.0
TikTok Ads,ALC - NATAL 25 02,14250,37.33,32.0,16.0,8.0,6.0,155.0,33.0
TikTok Ads,ALC - NATAL 25 02,14066,36.58,162.0,63.0,30.0,22.0,725.0,149.0
TikTok Ads,Alcance | Chillibeans Vini ,0,0.0,0.0,0.0,0.0,0.0,0.0,0.0
TikTok Ads,ALC - BLACK FRIDAY - NS,0,0.0,0.0,0.0,0.0,0.0,0.0,0.0
TikTok Ads,ALC - NATAL 25,0,0.0,0.0,0.0,0.0,0.0,0.0,0.0
TikTok Ads,ALC - LEGUEIROS,5535,11.78,193.0,90.0,50.0,20.0,1037.0,329.0
TikTok Ads,ALC - BLACK FRIDAY - NS,0,0.0,0.0,0.0,0.0,0.0,0.0,0.0
TikTok Ads,TRAF - NATAL 25,7114,41.71,1535.0,694.0,488.0,381.0,1854.0,1680.0
TikTok Ads,TRAF - NATAL 25,8762,29.28,1643.0,705.0,452.0,362.0,2009.0,1751.0
TikTok Ads,Alcance | Ritmi Mana Spolini,0,0.0,0.0,0.0,0.0,0.0,0.0,0.0
TikTok Ads,ALC - NATAL 25,0,0.0,0.0,0.0,0.0,0.0,0.0,0.0
TikTok Ads,ALC - NATAL 25 02,15104,37.83,70.0,30.0,17.0,13.0,293.0,71.0
TikTok Ads,ALC - BLACK FRIDAY - NS,0,0.0,0.0,0.0,0.0,0.0,0.0,0.0
TikTok Ads,ALC - NATAL 25 02,13991,38.36,31.0,11.0,8.0,4.0,177.0,33.0
TikTok Ads,ALC - LEGUEIROS,6752,16.4,220.0,105.0,56.0,22.0,1127.0,375.0
TikTok Ads,ALC - LEGUEIROS,0,0.0,0.0,0.0,0.0,0.0,0.0,0.0
TikTok Ads,TRAF - NATAL 25,7636,40.66,2413.0,943.0,603.0,473.0,2809.0,2649.0
TikTok Ads,TRAF - NATAL 25,10969,38.17,2362.0,956.0,609.0,497.0,2930.0,2509.0
TikTok Ads,Tráfego - App instal - NS,0,0.0,0.0,0.0,0.0,0.0,0.0,0.0
TikTok Ads,ALC - NATAL 25,0,0.0,0.0,0.0,0.0,0.0,0.0,0.0
TikTok Ads,ALC - LEGUEIROS,6509,11.58,127.0,49.0,27.0,17.0,913.0,230.0
TikTok Ads,ALC - BLACK FRIDAY - NS,0,0.0,0.0,0.0,0.0,0.0,0.0,0.0
TikTok Ads,TRAF - NATAL 25,2,0.0,1.0,1.0,1.0,1.0,1.0,1.0
TikTok Ads,TRAF - NATAL 25,6916,33.72,1203.0,418.0,244.0,183.0,1353.0,1288.0
TikTok Ads,Alcance | Giftcard ,0,0.0,0.0,0.0,0.0,0.0,0.0,0.0
TikTok Ads,ALC - NATAL 25 02,16194,35.29,76.0,31.0,24.0,14.0,340.0,89.0
TikTok Ads,ALC - NATAL 25 02,17632,43.46,281.0,91.0,53.0,29.0,1222.0,260.0
TikTok Ads,ALC - LEGUEIROS,5807,13.91,121.0,55.0,28.0,7.0,799.0,224.0
TikTok Ads,ALC - LEGUEIROS,6311,15.2,151.0,73.0,45.0,12.0,920.0,282.0
TikTok Ads,TRAF - NATAL 25,11955,39.19,2635.0,1056.0,648.0,513.0,3241.0,2859.0
TikTok Ads,TRAF - NATAL 25,6626,37.65,1631.0,656.0,399.0,282.0,1875.0,1709.0
TikTok Ads,Alcance | Chillibeans Vini ,0,0.0,0.0,0.0,0.0,0.0,0.0,0.0
TikTok Ads,Alcance | Giftcard ,0,0.0,0.0,0.0,0.0,0.0,0.0,0.0
TikTok Ads,TRAF - NATAL 25,1,0.0,1.0,0.0,0.0,0.0,1.0,1.0
TikTok Ads,TRAF - NATAL 25,7024,37.46,1735.0,651.0,375.0,283.0,2051.0,1879.0
TikTok Ads,ALC - NATAL 25,0,0.0,0.0,0.0,0.0,0.0,0.0,0.0
TikTok Ads,ALC - NATAL 25,0,0.0,0.0,0.0,0.0,0.0,0.0,0.0
TikTok Ads,ALC - NATAL 25 02,12592,35.57,41.0,9.0,6.0,2.0,209.0,39.0
TikTok Ads,ALC - NATAL 25 02,14428,28.63,54.0,19.0,11.0,7.0,258.0,61.0
TikTok Ads,ALC - NATAL 25 02,15888,41.16,271.0,91.0,47.0,31.0,1201.0,235.0
TikTok Ads,ALC - BLACK FRIDAY - NS,0,0.0,0.0,0.0,0.0,0.0,0.0,0.0
TikTok Ads,Alcance | Giftcard ,0,0.0,0.0,0.0,0.0,0.0,0.0,0.0
TikTok Ads,ALC - NATAL 25,0,0.0,0.0,0.0,0.0,0.0,0.0,0.0
TikTok Ads,ALC - LEGUEIROS,5406,13.27,100.0,37.0,21.0,9.0,729.0,194.0
TikTok Ads,ALC - NATAL 25,0,0.0,0.0,0.0,0.0,0.0,0.0,0.0
TikTok Ads,ALC - BLACK FRIDAY - NS,0,0.0,0.0,0.0,0.0,0.0,0.0,0.0
TikTok Ads,TRAF - NATAL 25,7987,31.97,1604.0,569.0,311.0,224.0,1964.0,1776.0
TikTok Ads,ALC - NATAL 25,0,0.0,0.0,0.0,0.0,0.0,0.0,0.0
TikTok Ads,ALC - NATAL 25,0,0.0,0.0,0.0,0.0,0.0,0.0,0.0
TikTok Ads,ALC - NATAL 25 02,12367,37.05,48.0,13.0,8.0,6.0,248.0,65.0
TikTok Ads,ALC - BLACK FRIDAY - NS,0,0.0,0.0,0.0,0.0,0.0,0.0,0.0
TikTok Ads,ALC - BLACK FRIDAY - NS,0,0.0,0.0,0.0,0.0,0.0,0.0,0.0
TikTok Ads,ALC - LEGUEIROS,6124,15.76,271.0,118.0,71.0,30.0,1251.0,510.0
TikTok Ads,ALC - NATAL 25 02,40,0.0,0.0,0.0,0.0,0.0,1.0,0.0
TikTok Ads,ALC - NATAL 25 02,15393,41.64,246.0,80.0,43.0,24.0,1088.0,197.0
TikTok Ads,ALC - LEGUEIROS,6103,10.24,109.0,48.0,29.0,8.0,790.0,211.0
TikTok Ads,Alcance | Chillibeans Vini ,0,0.0,0.0,0.0,0.0,0.0,0.0,0.0
TikTok Ads,TRAF - NATAL 25,5834,32.01,1358.0,553.0,333.0,241.0,1631.0,1464.0
TikTok Ads,ALC - LEGUEIROS,5559,13.39,115.0,49.0,29.0,13.0,766.0,211.0
TikTok Ads,TRAF - NATAL 25,6566,34.39,1349.0,545.0,337.0,260.0,1523.0,1433.0
TikTok Ads,TRAF - NATAL 25,11785,35.86,2078.0,738.0,399.0,303.0,2669.0,2223.0
TikTok Ads,ALC - BLACK FRIDAY - NS,0,0.0,0.0,0.0,0.0,0.0,0.0,0.0
TikTok Ads,ALC - NATAL 25 02,15980,35.84,62.0,27.0,13.0,6.0,268.0,68.0
TikTok Ads,ALC - LEGUEIROS,6806,15.41,178.0,77.0,48.0,20.0,1073.0,330.0
TikTok Ads,ALC - LEGUEIROS,6569,16.61,316.0,141.0,84.0,30.0,1415.0,522.0
TikTok Ads,ALC - LEGUEIROS,5857,9.92,130.0,56.0,28.0,15.0,811.0,237.0
TikTok Ads,TRAF - NATAL 25,7224,32.3,1730.0,744.0,481.0,380.0,2158.0,1903.0
TikTok Ads,Alcance | Ritmi Mana Spolini,0,0.0,0.0,0.0,0.0,0.0,0.0,0.0
TikTok Ads,TRAF - NATAL 25,12568,35.72,2047.0,869.0,556.0,407.0,2576.0,2175.0
TikTok Ads,TRAF - NATAL 25,7554,37.82,1765.0,765.0,483.0,354.0,2287.0,2029.0
TikTok Ads,ALC - NATAL 25,0,0.0,0.0,0.0,0.0,0.0,0.0,0.0
TikTok Ads,ALC - NATAL 25 02,3,0.0,0.0,0.0,0.0,0.0,0.0,0.0
TikTok Ads,ALC - NATAL 25 02,15932,40.82,306.0,111.0,55.0,29.0,1141.0,256.0
TikTok Ads,ALC - NATAL 25 02,15865,35.3,87.0,28.0,19.0,6.0,352.0,81.0
TikTok Ads,ALC - LEGUEIROS,6996,14.89,203.0,98.0,66.0,26.0,1095.0,359.0
TikTok Ads,ALC - BLACK FRIDAY - NS,0,0.0,0.0,0.0,0.0,0.0,0.0,0.0
TikTok Ads,ALC - BLACK FRIDAY - NS,0,0.0,0.0,0.0,0.0,0.0,0.0,0.0
TikTok Ads,ALC - NATAL 25,0,0.0,0.0,0.0,0.0,0.0,0.0,0.0
TikTok Ads,ALC - NATAL 25,0,0.0,0.0,0.0,0.0,0.0,0.0,0.0
TikTok Ads,TRAF - NATAL 25,8290,35.35,964.0,334.0,189.0,139.0,1112.0,1037.0
TikTok Ads,Alcance | Giftcard ,0,0.0,0.0,0.0,0.0,0.0,0.0,0.0
TikTok Ads,ALC - NATAL 25 02,12795,39.8,27.0,11.0,4.0,2.0,131.0,34.0
TikTok Ads,ALC - NATAL 25,0,0.0,0.0,0.0,0.0,0.0,0.0,0.0
TikTok Ads,ALC - FERIAS NACOES SHOPPING,8555,13.41,132.0,67.0,33.0,15.0,845.0,183.0
TikTok Ads,ALC - LIQUIDA,0,0.0,0.0,0.0,0.0,0.0,0.0,0.0
TikTok Ads,ALC - LIQUIDA,10382,19.54,183.0,90.0,60.0,45.0,413.0,86.0
TikTok Ads,ALC - LEGUEIROS,0,0.0,0.0,0.0,0.0,0.0,0.0,0.0
TikTok Ads,ALC - BLACK FRIDAY - NS,0,0.0,0.0,0.0,0.0,0.0,0.0,0.0
TikTok Ads,ALC - Carna PET,18632,33.78,233.0,90.0,43.0,27.0,1459.0,270.0
TikTok Ads,TRAF - NATAL 25,2,0.0,0.0,0.0,0.0,0.0,0.0,0.0
TikTok Ads,ALC - BLACK FRIDAY - NS,0,0.0,0.0,0.0,0.0,0.0,0.0,0.0
TikTok Ads,ALC - NATAL 25,0,0.0,0.0,0.0,0.0,0.0,0.0,0.0
TikTok Ads,TRAF - NATAL 25,0,0.0,0.0,0.0,0.0,0.0,0.0,0.0
TikTok Ads,ALC - NATAL 25 02,0,0.0,0.0,0.0,0.0,0.0,0.0,0.0
TikTok Ads,ALC - FERIAS NACOES SHOPPING,7506,11.09,98.0,42.0,23.0,16.0,615.0,119.0
TikTok Ads,ALC - NATAL 25 02,0,0.0,0.0,0.0,0.0,0.0,0.0,0.0
TikTok Ads,ALC - Bloko Rosa,16449,32.39,132.0,52.0,24.0,16.0,1415.0,332.0
TikTok Ads,ALC - LEGUEIROS,0,0.0,0.0,0.0,0.0,0.0,0.0,0.0
TikTok Ads,ALC - Carna PET,15216,33.04,195.0,63.0,36.0,22.0,1203.0,223.0
TikTok Ads,TRAF - NATAL 25,0,0.0,0.0,0.0,0.0,0.0,0.0,0.0
TikTok Ads,ALC - LIQUIDA,0,0.0,0.0,0.0,0.0,0.0,0.0,0.0
TikTok Ads,ALC - FERIAS NACOES SHOPPING,0,0.0,0.0,0.0,0.0,0.0,0.0,0.0
TikTok Ads,ALC - LIQUIDA,12558,20.88,244.0,105.0,62.0,51.0,556.0,97.0
TikTok Ads,ALC - NATAL 25,0,0.0,0.0,0.0,0.0,0.0,0.0,0.0
TikTok Ads,ALC - NATAL 25 02,0,0.0,0.0,0.0,0.0,0.0,0.0,0.0
TikTok Ads,ALC - FERIAS NACOES SHOPPING,6218,11.5,82.0,31.0,16.0,10.0,490.0,100.0
TikTok Ads,ALC - Smart Zoo,10767,18.57,423.0,164.0,86.0,62.0,1670.0,350.0
TikTok Ads,ALC - NATAL 25,0,0.0,0.0,0.0,0.0,0.0,0.0,0.0
TikTok Ads,ALC - LEGUEIROS,0,0.0,0.0,0.0,0.0,0.0,0.0,0.0
TikTok Ads,ALC - NATAL 25,0,0.0,0.0,0.0,0.0,0.0,0.0,0.0
TikTok Ads,ALC - LIQUIDA,11192,18.91,184.0,82.0,55.0,37.0,438.0,83.0
TikTok Ads,ALC - FERIAS NACOES SHOPPING,7301,12.53,112.0,51.0,27.0,20.0,735.0,130.0
TikTok Ads,ALC - Bloko Rosa,17457,33.31,128.0,49.0,19.0,6.0,1561.0,322.0
TikTok Ads,TRAF - NATAL 25,0,0.0,0.0,0.0,0.0,0.0,0.0,0.0
TikTok Ads,ALC - NATAL 25 02,0,0.0,0.0,0.0,0.0,0.0,0.0,0.0
TikTok Ads,ALC - NATAL 25,0,0.0,0.0,0.0,0.0,0.0,0.0,0.0
TikTok Ads,ALC - FERIAS NACOES SHOPPING,0,0.0,0.0,0.0,0.0,0.0,0.0,0.0
TikTok Ads,ALC - LIQUIDA,11746,20.02,200.0,90.0,56.0,42.0,495.0,79.0
TikTok Ads,ALC - LEGUEIROS,0,0.0,0.0,0.0,0.0,0.0,0.0,0.0
TikTok Ads,ALC - NATAL 25,0,0.0,0.0,0.0,0.0,0.0,0.0,0.0
TikTok Ads,ALC - Carna PET,20557,34.76,280.0,94.0,55.0,40.0,1651.0,324.0
TikTok Ads,ALC - NATAL 25 02,0,0.0,0.0,0.0,0.0,0.0,0.0,0.0
TikTok Ads,ALC - LIQUIDA,10658,18.24,195.0,78.0,47.0,40.0,414.0,89.0
TikTok Ads,ALC - FERIAS NACOES SHOPPING,6785,12.2,109.0,46.0,30.0,22.0,611.0,125.0
TikTok Ads,ALC - Smart Zoo,9600,18.22,335.0,141.0,92.0,61.0,1272.0,250.0
TikTok Ads,ALC - Smart Zoo,11442,18.94,276.0,123.0,79.0,66.0,1174.0,206.0
TikTok Ads,ALC - LEGUEIROS,0,0.0,0.0,0.0,0.0,0.0,0.0,0.0
TikTok Ads,ALC - Bloko Rosa,7197,11.33,42.0,8.0,2.0,2.0,582.0,135.0
TikTok Ads,TRAF - NATAL 25,0,0.0,0.0,0.0,0.0,0.0,0.0,0.0
TikTok Ads,ALC - Smart Zoo,7196,9.87,171.0,65.0,36.0,27.0,807.0,145.0
TikTok Ads,ALC - FERIAS NACOES SHOPPING,4705,9.92,80.0,40.0,25.0,16.0,416.0,89.0
TikTok Ads,ALC - NATAL 25 02,0,0.0,0.0,0.0,0.0,0.0,0.0,0.0
TikTok Ads,ALC - NATAL 25 02,0,0.0,0.0,0.0,0.0,0.0,0.0,0.0
TikTok Ads,ALC - NATAL 25 02,7,0.0,0.0,0.0,0.0,0.0,1.0,0.0
TikTok Ads,ALC - LIQUIDA,0,0.0,0.0,0.0,0.0,0.0,0.0,0.0
TikTok Ads,ALC - LIQUIDA,10371,18.54,158.0,59.0,37.0,25.0,412.0,65.0
TikTok Ads,ALC - FERIAS NACOES SHOPPING,8656,14.2,97.0,45.0,22.0,15.0,702.0,117.0
TikTok Ads,ALC - BLACK FRIDAY - NS,0,0.0,0.0,0.0,0.0,0.0,0.0,0.0
TikTok Ads,TRAF - NATAL 25,0,0.0,0.0,0.0,0.0,0.0,0.0,0.0
TikTok Ads,ALC - FERIAS NACOES SHOPPING,0,0.0,0.0,0.0,0.0,0.0,0.0,0.0
TikTok Ads,ALC - LIQUIDA,11845,20.09,239.0,82.0,52.0,42.0,520.0,89.0
TikTok Ads,ALC - FERIAS NACOES SHOPPING,4068,4.88,34.0,12.0,6.0,3.0,246.0,45.0
TikTok Ads,Traffic - Promo Natal,0,0.0,0.0,0.0,0.0,0.0,0.0,0.0
TikTok Ads,ALC - Carna PET,18940,36.73,253.0,86.0,49.0,37.0,1636.0,293.0
TikTok Ads,TRAF - NATAL 25,0,0.0,0.0,0.0,0.0,0.0,0.0,0.0
TikTok Ads,ALC - NATAL 25 02,0,0.0,0.0,0.0,0.0,0.0,0.0,0.0
TikTok Ads,ALC - NATAL 25 02,0,0.0,0.0,0.0,0.0,0.0,0.0,0.0
TikTok Ads,ALC - FERIAS NACOES SHOPPING,7020,11.18,56.0,30.0,17.0,10.0,442.0,71.0
TikTok Ads,ALC - LEGUEIROS,0,0.0,0.0,0.0,0.0,0.0,0.0,0.0
TikTok Ads,ALC - LEGUEIROS,0,0.0,0.0,0.0,0.0,0.0,0.0,0.0
TikTok Ads,ALC - NATAL 25 02,0,0.0,0.0,0.0,0.0,0.0,0.0,0.0
TikTok Ads,ALC - LIQUIDA,0,0.0,0.0,0.0,0.0,0.0,0.0,0.0
TikTok Ads,ALC - LIQUIDA,11710,20.05,207.0,98.0,62.0,49.0,463.0,89.0
TikTok Ads,ALC - FERIAS NACOES SHOPPING,8936,13.77,121.0,54.0,27.0,17.0,676.0,147.0
TikTok Ads,ALC - NATAL 25 02,0,0.0,0.0,0.0,0.0,0.0,0.0,0.0
TikTok Ads,ALC - Smart Zoo,12463,19.0,349.0,135.0,76.0,57.0,1579.0,292.0
TikTok Ads,ALC - Smart Zoo,10837,19.08,345.0,135.0,79.0,56.0,1505.0,287.0
TikTok Ads,TRAF - NATAL 25,0,0.0,0.0,0.0,0.0,0.0,0.0,0.0
TikTok Ads,ALC - Bloko Rosa,13991,30.05,119.0,45.0,28.0,14.0,1158.0,280.0
TikTok Ads,ALC - FERIAS NACOES SHOPPING,8401,12.58,67.0,28.0,15.0,10.0,554.0,85.0
TikTok Ads,ALC - LIQUIDA,10738,17.63,210.0,96.0,63.0,44.0,458.0,97.0
TikTok Ads,ALC - NATAL 25 02,0,0.0,0.0,0.0,0.0,0.0,0.0,0.0
TikTok Ads,ALC - NATAL 25 02,0,0.0,0.0,0.0,0.0,0.0,0.0,0.0
TikTok Ads,ALC - FERIAS NACOES SHOPPING,8641,13.64,103.0,52.0,25.0,13.0,735.0,130.0
TikTok Ads,ALC - LIQUIDA,9999,18.94,169.0,76.0,46.0,35.0,421.0,81.0
TikTok Ads,ALC - LEGUEIROS,0,0.0,0.0,0.0,0.0,0.0,0.0,0.0
TikTok Ads,ALC - Carna PET,18256,36.44,241.0,82.0,44.0,25.0,1506.0,276.0
TikTok Ads,TRAF - NATAL 25,0,0.0,0.0,0.0,0.0,0.0,0.0,0.0
TikTok Ads,ALC - FERIAS NACOES SHOPPING,5774,9.41,48.0,16.0,9.0,6.0,363.0,67.0
TikTok Ads,ALC - FERIAS NACOES SHOPPING,7616,12.16,65.0,29.0,18.0,7.0,541.0,100.0
TikTok Ads,ALC - LIQUIDA,0,0.0,0.0,0.0,0.0,0.0,0.0,0.0
TikTok Ads,ALC - LIQUIDA,8470,16.96,142.0,69.0,44.0,30.0,338.0,64.0
TikTok Ads,ALC - Smart Zoo,10768,19.16,306.0,130.0,80.0,53.0,1453.0,266.0
TikTok Ads,ALC - LEGUEIROS,0,0.0,0.0,0.0,0.0,0.0,0.0,0.0
TikTok Ads,ALC - BLACK FRIDAY - NS,0,0.0,0.0,0.0,0.0,0.0,0.0,0.0
TikTok Ads,ALC - Bloko Rosa,17022,30.54,138.0,41.0,19.0,10.0,1486.0,321.0
TikTok Ads,ALC - LEGUEIROS,0,0.0,0.0,0.0,0.0,0.0,0.0,0.0
TikTok Ads,TRAF - NATAL 25,0,0.0,0.0,0.0,0.0,0.0,0.0,0.0
TikTok Ads,Alcance | Giftcard ,0,0.0,0.0,0.0,0.0,0.0,0.0,0.0
TikTok Ads,Tráfego - App instal - NS,0,0.0,0.0,0.0,0.0,0.0,0.0,0.0
TikTok Ads,ALC - NATAL 25 02,0,0.0,0.0,0.0,0.0,0.0,0.0,0.0
TikTok Ads,ALC - FERIAS NACOES SHOPPING,5215,8.08,41.0,14.0,6.0,2.0,294.0,53.0
TikTok Ads,ALC - NATAL 25 02,0,0.0,0.0,0.0,0.0,0.0,0.0,0.0
TikTok Ads,TRAF - NATAL 25,0,0.0,0.0,0.0,0.0,0.0,0.0,0.0
TikTok Ads,TRAF - NATAL 25,0,0.0,0.0,0.0,0.0,0.0,0.0,0.0
TikTok Ads,ALC - Carna PET,7672,12.25,74.0,23.0,15.0,7.0,536.0,91.0
TikTok Ads,ALC - FERIAS NACOES SHOPPING,8707,13.71,132.0,59.0,33.0,23.0,803.0,154.0
TikTok Ads,ALC - LIQUIDA,8355,18.39,171.0,80.0,57.0,43.0,436.0,82.0
TikTok Ads,ALC - BLACK FRIDAY - NS,0,0.0,0.0,0.0,0.0,0.0,0.0,0.0
TikTok Ads,ALC - Smart Zoo,10900,19.71,357.0,159.0,94.0,71.0,1692.0,342.0
TikTok Ads,ALC - NATAL 25 02,0,0.0,0.0,0.0,0.0,0.0,0.0,0.0
TikTok Ads,ALC - LIQUIDA,5345,7.1,96.0,40.0,19.0,17.0,193.0,44.0
TikTok Ads,ALC - FERIAS NACOES SHOPPING,2164,3.49,22.0,7.0,2.0,0.0,147.0,28.0
TikTok Ads,ALC - Bloko Rosa,18871,31.47,119.0,44.0,20.0,11.0,1575.0,335.0
TikTok Ads,TRAF - NATAL 25,1,0.0,2.0,2.0,1.0,1.0,3.0,3.0
TikTok Ads,ALC - FERIAS NACOES SHOPPING,7360,12.24,84.0,33.0,22.0,13.0,600.0,105.0
TikTok Ads,ALC - BLACK FRIDAY - NS,0,0.0,0.0,0.0,0.0,0.0,0.0,0.0
TikTok Ads,ALC - LIQUIDA,2968,6.62,63.0,26.0,12.0,8.0,133.0,30.0
TikTok Ads,ALC - Bloko Rosa,12752,29.89,105.0,47.0,21.0,13.0,1157.0,273.0
TikTok Ads,ALC - Carna PET,0,0.0,0.0,0.0,0.0,0.0,0.0,0.0
TikTok Ads,ALC - NATAL 25 02,0,0.0,0.0,0.0,0.0,0.0,0.0,0.0
TikTok Ads,ALC - Smart Zoo,6869,11.38,117.0,42.0,26.0,18.0,622.0,103.0
TikTok Ads,ALC - Smart Zoo,10271,18.04,296.0,129.0,73.0,52.0,1321.0,268.0
TikTok Ads,ALC - Smart Zoo,12793,18.76,316.0,135.0,93.0,72.0,1343.0,240.0
TikTok Ads,ALC - Bloko Rosa,14657,28.1,73.0,31.0,18.0,13.0,923.0,189.0
TikTok Ads,ALC - Bloko Rosa,0,0.0,0.0,0.0,0.0,0.0,0.0,0.0
TikTok Ads,ALC - Carna PET,16818,31.27,178.0,61.0,33.0,23.0,1167.0,214.0
TikTok Ads,TRAF - NATAL 25,0,0.0,0.0,0.0,0.0,0.0,0.0,0.0
TikTok Ads,ALC - Smart Zoo,0,0.0,0.0,0.0,0.0,0.0,0.0,0.0
TikTok Ads,ALC - Smart Zoo,11534,17.24,215.0,88.0,51.0,34.0,1084.0,219.0
TikTok Ads,ALC - Smart Zoo,11077,20.2,405.0,154.0,96.0,64.0,1618.0,331.0
TikTok Ads,ALC - Smart Zoo,11417,15.84,145.0,59.0,35.0,22.0,879.0,151.0
TikTok Ads,ALC - Smart Zoo,9969,18.98,333.0,145.0,79.0,65.0,1479.0,285.0
TikTok Ads,TRAF - NATAL 25,0,0.0,0.0,0.0,0.0,0.0,0.0,0.0
TikTok Ads,TRAF - NATAL 25,0,0.0,0.0,0.0,0.0,0.0,0.0,0.0
TikTok Ads,ALC - Smart Zoo,2044,3.25,39.0,16.0,8.0,6.0,211.0,43.0
TikTok Ads,ALC - Smart Zoo,8968,16.9,280.0,115.0,67.0,40.0,1206.0,264.0
TikTok Ads,ALC - Smart Zoo,11720,18.61,319.0,122.0,79.0,60.0,1349.0,242.0
TikTok Ads,ALC - NATAL 25,0,0.0,0.0,0.0,0.0,0.0,0.0,0.0
TikTok Ads,ALC - Smart Zoo,0,0.0,0.0,0.0,0.0,0.0,0.0,0.0
TikTok Ads,ALC - Bloko Rosa,15903,29.26,89.0,29.0,14.0,11.0,1050.0,244.0
TikTok Ads,ALC - Smart Zoo,8479,14.61,189.0,71.0,36.0,24.0,916.0,178.0
TikTok Ads,ALC - Smart Zoo,12188,18.44,243.0,84.0,46.0,31.0,1091.0,210.0
TikTok Ads,ALC - LIQUIDA,0,0.0,0.0,0.0,0.0,0.0,0.0,0.0
TikTok Ads,ALC - BLACK FRIDAY - NS,0,0.0,0.0,0.0,0.0,0.0,0.0,0.0
TikTok Ads,ALC - Bloko Rosa,0,0.0,0.0,0.0,0.0,0.0,0.0,0.0
TikTok Ads,ALC - Carna PET,13790,33.04,205.0,77.0,42.0,24.0,1229.0,243.0
TikTok Ads,ALC - Smart Zoo,10159,15.54,178.0,76.0,48.0,33.0,878.0,169.0
TikTok Ads,ALC - Smart Zoo,9109,18.45,299.0,123.0,84.0,55.0,1256.0,253.0
TikTok Ads,ALC - Carna PET,0,0.0,0.0,0.0,0.0,0.0,0.0,0.0
TikTok Ads,ALC - Carna PET,7194,15.27,71.0,25.0,13.0,8.0,451.0,84.0
TikTok Ads,ALC - Bloko Rosa,14650,31.03,84.0,27.0,12.0,6.0,1084.0,229.0
TikTok Ads,ALC - Smart Zoo,7699,13.25,181.0,72.0,40.0,25.0,828.0,164.0
TikTok Ads,ALC - Smart Zoo,11286,18.0,242.0,107.0,58.0,37.0,1025.0,213.0
TikTok Ads,ALC - LEGUEIROS,0,0.0,0.0,0.0,0.0,0.0,0.0,0.0
TikTok Ads,ALC - Smart Zoo,5650,12.04,107.0,35.0,18.0,9.0,574.0,100.0
TikTok Ads,ALC - Smart Zoo,10651,18.12,240.0,90.0,52.0,40.0,1103.0,216.0
TikTok Ads,ALC - Carna PET,0,0.0,0.0,0.0,0.0,0.0,0.0,0.0
TikTok Ads,ALC - Bloko Rosa,6973,12.45,35.0,14.0,8.0,3.0,489.0,99.0
TikTok Ads,ALC - NATAL 25 02,0,0.0,0.0,0.0,0.0,0.0,0.0,0.0
TikTok Ads,ALC - FERIAS NACOES SHOPPING,0,0.0,0.0,0.0,0.0,0.0,0.0,0.0
TikTok Ads,ALC - Smart Zoo,8981,15.15,182.0,73.0,45.0,31.0,901.0,165.0
TikTok Ads,ALC - Smart Zoo,11900,19.58,264.0,104.0,67.0,45.0,1222.0,260.0
TikTok Ads,ALC - Bloko Rosa,0,0.0,0.0,0.0,0.0,0.0,0.0,0.0
TikTok Ads,ALC - Smart Zoo,8598,16.27,215.0,72.0,43.0,34.0,1010.0,200.0
TikTok Ads,ALC - Smart Zoo,10962,18.79,300.0,113.0,71.0,53.0,1349.0,268.0
TikTok Ads,Tráfego - App instal - NS,0,0.0,0.0,0.0,0.0,0.0,0.0,0.0
TikTok Ads,ALC - Carna PET,15714,33.4,183.0,67.0,27.0,16.0,1113.0,200.0
TikTok Ads,ALC - NATAL 25 02,0,0.0,0.0,0.0,0.0,0.0,0.0,0.0
TikTok Ads,TRAF - NATAL 25,0,0.0,0.0,0.0,0.0,0.0,0.0,0.0
TikTok Ads,TRAF - NATAL 25,0,0.0,0.0,0.0,0.0,0.0,0.0,0.0
TikTok Ads,TRAF - NATAL 25,0,0.0,0.0,0.0,0.0,0.0,0.0,0.0
TikTok Ads,TRAF - NATAL 25,0,0.0,0.0,0.0,0.0,0.0,0.0,0.0
TikTok Ads,ALC - Carna PET,0,0.0,0.0,0.0,0.0,0.0,0.0,0.0
TikTok Ads,TRAF - NATAL 25,0,0.0,0.0,0.0,0.0,0.0,0.0,0.0
TikTok Ads,TRAF - PROMO MAES,4483,19.46,1332.0,547.0,313.0,244.0,1803.0,1475.0
TikTok Ads,ALC - PROMO MAES,11495,20.04,65.0,16.0,10.0,6.0,532.0,84.0
TikTok Ads,TRAF - PROMO MAES,15215,52.9,3363.0,1229.0,766.0,579.0,4510.0,3694.0
TikTok Ads,TRAF - PROMO MAES,13454,54.69,3310.0,1398.0,921.0,730.0,4517.0,3656.0
TikTok Ads,ALC - PROMO MAES,25997,47.88,199.0,88.0,57.0,34.0,1557.0,284.0
TikTok Ads,TRAF - PROMO MAES,5792,26.29,1572.0,606.0,391.0,303.0,2071.0,1675.0
TikTok Ads,ALC - PROMO MAES,11122,23.55,94.0,37.0,25.0,15.0,698.0,127.0
TikTok Ads,ALC - PROMO MAES,26086,48.01,192.0,69.0,40.0,31.0,1476.0,288.0
TikTok Ads,ALC - Smart Zoo,0,0.0,0.0,0.0,0.0,0.0,0.0,0.0
TikTok Ads,TRAF - PROMO MAES,14561,55.92,3744.0,1572.0,992.0,782.0,5002.0,4145.0
TikTok Ads,ALC - PROMO MAES,28242,47.49,204.0,76.0,45.0,32.0,1665.0,273.0
TikTok Ads,ALC - TROCA DE FIGURINHAS,4660,7.75,146.0,59.0,26.0,12.0,381.0,84.0
TikTok Ads,ALC - PROMO NAMORADOS 26,14820,33.03,131.0,55.0,33.0,22.0,1062.0,178.0
TikTok Ads,TRAF - PROMO MAES,121,0.67,9.0,3.0,3.0,3.0,36.0,11.0
TikTok Ads,TRAF - NAMORADOS,6372,33.28,2201.0,769.0,393.0,268.0,2577.0,2440.0
TikTok Ads,TRAF - PROMO MAES,0,0.0,0.0,0.0,0.0,0.0,0.0,0.0
TikTok Ads,TRAF - PROMO MAES,0,0.0,0.0,0.0,0.0,0.0,0.0,0.0
TikTok Ads,ALC - PROMO MAES,9731,21.84,90.0,25.0,12.0,7.0,794.0,168.0
TikTok Ads,ALC - PROMO MAES,0,0.0,0.0,0.0,0.0,0.0,0.0,0.0
TikTok Ads,TRAF - PROMO MAES,0,0.0,0.0,0.0,0.0,0.0,0.0,0.0
TikTok Ads,ALC - PROMO MAES,0,0.0,0.0,0.0,0.0,0.0,0.0,0.0
TikTok Ads,TRAF - PROMO MAES,15087,62.86,3229.0,1562.0,858.0,603.0,5132.0,4314.0
TikTok Ads,TRAF - PROMO MAES,0,0.0,0.0,0.0,0.0,0.0,0.0,0.0
TikTok Ads,ALC - PROMO NAMORADOS 26,16368,33.67,121.0,51.0,31.0,20.0,1017.0,160.0
TikTok Ads,ALC - PROMO MAES,24675,54.3,211.0,90.0,57.0,35.0,1777.0,387.0
TikTok Ads,TRAF - NAMORADOS,5144,34.94,2521.0,925.0,451.0,289.0,2850.0,2740.0
TikTok Ads,ALC - PROMO MAES,0,0.0,0.0,0.0,0.0,0.0,0.0,0.0
TikTok Ads,ALC - PROMO MAES,11818,20.84,144.0,51.0,30.0,21.0,967.0,217.0
TikTok Ads,TRAF - NAMORADOS,5986,33.38,2552.0,919.0,488.0,343.0,2997.0,2829.0
TikTok Ads,ALC - FERIAS NACOES SHOPPING,0,0.0,0.0,0.0,0.0,0.0,0.0,0.0
TikTok Ads,ALC - TROCA DE FIGURINHAS,8189,13.04,238.0,83.0,49.0,36.0,644.0,115.0
TikTok Ads,ALC - PROMO NAMORADOS 26,15296,32.33,128.0,45.0,28.0,20.0,985.0,174.0
TikTok Ads,TRAF - PROMO MAES,0,0.0,0.0,0.0,0.0,0.0,0.0,0.0
TikTok Ads,TRAF - PROMO MAES,0,0.0,0.0,0.0,0.0,0.0,0.0,0.0
TikTok Ads,TRAF - PROMO MAES,4535,18.34,955.0,457.0,250.0,176.0,1475.0,1289.0
TikTok Ads,ALC - PROMO MAES,0,0.0,0.0,0.0,0.0,0.0,0.0,0.0
TikTok Ads,TRAF - PROMO MAES,0,0.0,0.0,0.0,0.0,0.0,0.0,0.0
TikTok Ads,TRAF - PROMO MAES,0,0.0,0.0,0.0,0.0,0.0,0.0,0.0
TikTok Ads,TRAF - PROMO MAES,15272,68.58,3464.0,1490.0,937.0,691.0,5670.0,4799.0
TikTok Ads,TRAF - PROMO MAES,0,0.0,0.0,0.0,0.0,0.0,0.0,0.0
TikTok Ads,TRAF - PROMO MAES,0,0.0,0.0,0.0,0.0,0.0,0.0,0.0
TikTok Ads,ALC - TROCA DE FIGURINHAS,6999,13.41,204.0,78.0,33.0,22.0,522.0,106.0
TikTok Ads,ALC - PROMO MAES,0,0.0,0.0,0.0,0.0,0.0,0.0,0.0
TikTok Ads,ALC - PROMO MAES,23102,50.74,209.0,89.0,59.0,34.0,1692.0,351.0
TikTok Ads,ALC - TROCA DE FIGURINHAS,7069,12.85,169.0,69.0,43.0,24.0,460.0,91.0
TikTok Ads,TRAF - PROMO MAES,13200,49.2,2102.0,918.0,538.0,402.0,3745.0,2946.0
TikTok Ads,ALC - PROMO NAMORADOS 26,15846,33.81,101.0,31.0,20.0,15.0,985.0,143.0
TikTok Ads,TRAF - NAMORADOS,5693,36.6,2597.0,876.0,429.0,301.0,2965.0,2849.0
TikTok Ads,TRAF - PROMO MAES,0,0.0,0.0,0.0,0.0,0.0,0.0,0.0
TikTok Ads,TRAF - PROMO MAES,0,0.0,0.0,0.0,0.0,0.0,0.0,0.0
TikTok Ads,TRAF - NAMORADOS,6281,33.87,2598.0,901.0,457.0,326.0,3014.0,2853.0
TikTok Ads,ALC - PROMO MAES,0,0.0,0.0,0.0,0.0,0.0,0.0,0.0
TikTok Ads,ALC - PROMO MAES,0,0.0,0.0,0.0,0.0,0.0,0.0,0.0
TikTok Ads,ALC - PROMO MAES,27057,56.92,318.0,152.0,99.0,69.0,2284.0,507.0
TikTok Ads,TRAF - PROMO MAES,0,0.0,0.0,0.0,0.0,0.0,0.0,0.0
TikTok Ads,ALC - PROMO MAES,0,0.0,0.0,0.0,0.0,0.0,0.0,0.0
TikTok Ads,TRAF - PROMO MAES,0,0.0,0.0,0.0,0.0,0.0,0.0,0.0
TikTok Ads,ALC - PROMO NAMORADOS 26,18000,33.69,153.0,61.0,40.0,29.0,1221.0,198.0
TikTok Ads,ALC - TROCA DE FIGURINHAS,7414,13.61,205.0,64.0,30.0,19.0,549.0,96.0
TikTok Ads,ALC - PROMO MAES,0,0.0,0.0,0.0,0.0,0.0,0.0,0.0
TikTok Ads,ALC - PROMO MAES,22583,48.16,233.0,89.0,60.0,45.0,1703.0,352.0
TikTok Ads,TRAF - NAMORADOS,4250,24.52,1355.0,482.0,265.0,194.0,1622.0,1483.0
TikTok Ads,ALC - PROMO NAMORADOS 26,10688,19.57,83.0,26.0,11.0,7.0,558.0,110.0
TikTok Ads,TRAF - PROMO MAES,6440,33.04,2000.0,1126.0,720.0,467.0,2855.0,2487.0
TikTok Ads,TRAF - PROMO MAES,0,0.0,0.0,0.0,0.0,0.0,0.0,0.0
TikTok Ads,TRAF - NAMORADOS,7174,37.47,2992.0,1005.0,509.0,347.0,3469.0,3305.0
TikTok Ads,ALC - PROMO MAES,0,0.0,0.0,0.0,0.0,0.0,0.0,0.0
TikTok Ads,TRAF - PROMO MAES,0,0.0,0.0,0.0,0.0,0.0,0.0,0.0
TikTok Ads,TRAF - PROMO MAES,0,0.0,0.0,0.0,0.0,0.0,0.0,0.0
TikTok Ads,ALC - PROMO MAES,0,0.0,0.0,0.0,0.0,0.0,0.0,0.0
TikTok Ads,ALC - PROMO MAES,27603,60.23,292.0,116.0,70.0,45.0,2177.0,478.0
TikTok Ads,ALC - TROCA DE FIGURINHAS,7670,12.93,202.0,78.0,36.0,22.0,522.0,107.0
TikTok Ads,TRAF - PROMO MAES,0,0.0,0.0,0.0,0.0,0.0,0.0,0.0
TikTok Ads,TRAF - PROMO MAES,13735,58.05,2841.0,1335.0,774.0,539.0,4747.0,3950.0
TikTok Ads,ALC - TROCA DE FIGURINHAS,7015,13.25,188.0,67.0,25.0,15.0,502.0,84.0
TikTok Ads,ALC - PROMO MAES,0,0.0,0.0,0.0,0.0,0.0,0.0,0.0
TikTok Ads,TRAF - NATAL 25,0,0.0,0.0,0.0,0.0,0.0,0.0,0.0
TikTok Ads,ALC - PROMO NAMORADOS 26,17145,33.95,126.0,48.0,34.0,24.0,1016.0,178.0
TikTok Ads,ALC - TROCA DE FIGURINHAS,7833,11.68,195.0,65.0,35.0,23.0,520.0,92.0
TikTok Ads,ALC - PROMO NAMORADOS 26,10506,19.51,42.0,16.0,7.0,4.0,686.0,105.0
TikTok Ads,ALC - TROCA DE FIGURINHAS,3183,6.25,63.0,25.0,8.0,5.0,173.0,36.0
TikTok Ads,ALC - SALE,50990,131.98,922.0,398.0,231.0,122.0,4108.0,928.0
TikTok Ads,ALC - TROCA DE FIGURINHAS,5421,10.42,118.0,45.0,20.0,13.0,339.0,61.0
TikTok Ads,TRAF - NAMORADOS,3391,16.98,1231.0,442.0,217.0,149.0,1537.0,1445.0
TikTok Ads,TRAF - PROMO MAES,0,0.0,0.0,0.0,0.0,0.0,0.0,0.0
TikTok Ads,TRAF - NATAL 25,0,0.0,0.0,0.0,0.0,0.0,0.0,0.0
TikTok Ads,TRAF - NATAL 25,0,0.0,0.0,0.0,0.0,0.0,0.0,0.0
TikTok Ads,TRAF - PROMO MAES,0,0.0,0.0,0.0,0.0,0.0,0.0,0.0
TikTok Ads,TRAF - NAMORADOS,0,0.0,0.0,0.0,0.0,0.0,0.0,0.0
TikTok Ads,TRAF - NAMORADOS,5157,28.59,2188.0,890.0,489.0,363.0,2749.0,2464.0
TikTok Ads,Interações com a comunidade - NS,2135,42.54,184.0,86.0,58.0,28.0,712.0,251.0
TikTok Ads,ALC - PROMO NAMORADOS 26,0,0.0,0.0,0.0,0.0,0.0,0.0,0.0
TikTok Ads,ALC - PROMO NAMORADOS 26,15679,29.94,61.0,22.0,10.0,7.0,1203.0,164.0
TikTok Ads,ALC - PROMO NAMORADOS 26,14551,28.17,70.0,30.0,18.0,15.0,1149.0,167.0
TikTok Ads,ALC - TROCA DE FIGURINHAS,3989,8.7,72.0,26.0,15.0,14.0,212.0,34.0
TikTok Ads,ALC - TROCA DE FIGURINHAS,7783,11.51,178.0,59.0,30.0,16.0,502.0,83.0
TikTok Ads,ALC - TROCA DE FIGURINHAS,7190,13.25,159.0,55.0,30.0,17.0,445.0,83.0
TikTok Ads,TRAF - NAMORADOS,0,0.0,0.0,0.0,0.0,0.0,0.0,0.0
TikTok Ads,TRAF - NAMORADOS,5541,26.54,1924.0,644.0,319.0,217.0,2311.0,2190.0
TikTok Ads,ALC - TROCA DE FIGURINHAS,2967,4.78,44.0,18.0,13.0,8.0,127.0,21.0
TikTok Ads,ALC - TROCA DE FIGURINHAS,5976,11.38,120.0,36.0,11.0,8.0,333.0,61.0
TikTok Ads,ALC - PROMO NAMORADOS 26,0,0.0,0.0,0.0,0.0,0.0,0.0,0.0
TikTok Ads,ALC - TROCA DE FIGURINHAS,0,0.0,0.0,0.0,0.0,0.0,0.0,0.0
TikTok Ads,ALC - TROCA DE FIGURINHAS,5663,9.31,105.0,32.0,18.0,10.0,302.0,46.0
TikTok Ads,ALC - TROCA DE FIGURINHAS,6397,11.71,148.0,54.0,24.0,12.0,393.0,73.0
TikTok Ads,ALC - PROMO NAMORADOS 26,12169,23.63,48.0,20.0,9.0,4.0,827.0,140.0
TikTok Ads,TRAF - NAMORADOS,5321,22.5,1836.0,645.0,340.0,245.0,2242.0,2113.0
TikTok Ads,TRAF - NAMORADOS,0,0.0,0.0,0.0,0.0,0.0,0.0,0.0
TikTok Ads,TRAF - NAMORADOS,5425,27.94,2685.0,1013.0,525.0,375.0,3095.0,2926.0
TikTok Ads,ALC - SALE,42592,59.49,632.0,249.0,133.0,67.0,2756.0,596.0
TikTok Ads,ALC - TROCA DE FIGURINHAS,4231,8.64,64.0,24.0,15.0,10.0,226.0,31.0
TikTok Ads,ALC - TROCA DE FIGURINHAS,7367,10.92,146.0,46.0,23.0,18.0,473.0,68.0
TikTok Ads,ALC - TROCA DE FIGURINHAS,7279,12.27,196.0,73.0,38.0,28.0,506.0,102.0
TikTok Ads,Interações com a comunidade - NS,941,19.97,71.0,36.0,26.0,12.0,270.0,88.0
TikTok Ads,ALC - TROCA DE FIGURINHAS,7350,11.9,158.0,55.0,29.0,20.0,494.0,76.0
TikTok Ads,ALC - PROMO NAMORADOS 26,0,0.0,0.0,0.0,0.0,0.0,0.0,0.0
TikTok Ads,ALC - PROMO NAMORADOS 26,16830,31.17,99.0,41.0,25.0,15.0,1215.0,181.0
TikTok Ads,ALC - PROMO NAMORADOS 26,0,0.0,0.0,0.0,0.0,0.0,0.0,0.0
TikTok Ads,ALC - PROMO NAMORADOS 26,15610,28.46,61.0,21.0,10.0,7.0,1289.0,197.0
TikTok Ads,ALC - TROCA DE FIGURINHAS,5118,8.85,91.0,30.0,19.0,13.0,262.0,41.0
TikTok Ads,ALC - TROCA DE FIGURINHAS,6298,11.71,154.0,52.0,26.0,16.0,382.0,69.0
TikTok Ads,TRAF - NAMORADOS,5279,27.33,2193.0,679.0,330.0,224.0,2721.0,2562.0
TikTok Ads,TRAF - NAMORADOS,0,0.0,0.0,0.0,0.0,0.0,0.0,0.0
TikTok Ads,TRAF - NAMORADOS,0,0.0,0.0,0.0,0.0,0.0,0.0,0.0
TikTok Ads,TRAF - PROMO MAES,0,0.0,0.0,0.0,0.0,0.0,0.0,0.0
TikTok Ads,TRAF - NAMORADOS,4993,23.87,1691.0,599.0,290.0,213.0,1979.0,1859.0
TikTok Ads,ALC - PROMO MAES,0,0.0,0.0,0.0,0.0,0.0,0.0,0.0
TikTok Ads,ALC - PROMO NAMORADOS 26,0,0.0,0.0,0.0,0.0,0.0,0.0,0.0
TikTok Ads,ALC - PROMO NAMORADOS 26,13406,26.34,46.0,19.0,13.0,10.0,950.0,137.0
TikTok Ads,ALC - PROMO NAMORADOS 26,16101,34.14,129.0,44.0,24.0,17.0,948.0,180.0
TikTok Ads,ALC - TROCA DE FIGURINHAS,5043,10.64,118.0,47.0,26.0,12.0,312.0,62.0
TikTok Ads,ALC - TROCA DE FIGURINHAS,6770,11.52,167.0,69.0,41.0,30.0,472.0,88.0
TikTok Ads,ALC - TROCA DE FIGURINHAS,1776,3.62,28.0,13.0,8.0,7.0,92.0,17.0
TikTok Ads,TRAF - NAMORADOS,694,3.6,199.0,61.0,32.0,26.0,254.0,240.0
TikTok Ads,TRAF - NAMORADOS,6654,32.48,2705.0,1039.0,561.0,382.0,3152.0,2956.0
TikTok Ads,ALC - TROCA DE FIGURINHAS,0,0.0,0.0,0.0,0.0,0.0,0.0,0.0
TikTok Ads,ALC - TROCA DE FIGURINHAS,4799,9.06,82.0,33.0,18.0,12.0,233.0,37.0
TikTok Ads,ALC - PROMO NAMORADOS 26,1265,2.33,4.0,1.0,1.0,0.0,82.0,12.0
TikTok Ads,ALC - PROMO NAMORADOS 26,0,0.0,0.0,0.0,0.0,0.0,0.0,0.0
TikTok Ads,ALC - SALE,60377,131.54,1011.0,403.0,219.0,116.0,4532.0,954.0
TikTok Ads,ALC - TROCA DE FIGURINHAS,3524,7.44,63.0,29.0,15.0,10.0,171.0,33.0
TikTok Ads,ALC - TROCA DE FIGURINHAS,6457,11.11,150.0,63.0,29.0,19.0,409.0,83.0
TikTok Ads,ALC - TROCA DE FIGURINHAS,7108,12.09,173.0,62.0,36.0,17.0,492.0,87.0
TikTok Ads,ALC - PROMO NAMORADOS 26,16696,28.93,63.0,20.0,13.0,7.0,1305.0,182.0
TikTok Ads,ALC - PROMO NAMORADOS 26,0,0.0,0.0,0.0,0.0,0.0,0.0,0.0
TikTok Ads,TRAF - NAMORADOS,0,0.0,0.0,0.0,0.0,0.0,0.0,0.0
TikTok Ads,TRAF - NAMORADOS,6031,29.99,2632.0,933.0,503.0,359.0,3269.0,3033.0
TikTok Ads,TRAF - NAMORADOS,5298,26.12,1871.0,564.0,276.0,187.0,2256.0,2113.0
TikTok Ads,TRAF - NAMORADOS,0,0.0,0.0,0.0,0.0,0.0,0.0,0.0
TikTok Ads,Interações com a comunidade - NS,3355,32.91,263.0,79.0,45.0,19.0,1306.0,413.0
TikTok Ads,ALC - TROCA DE FIGURINHAS,5640,10.09,105.0,38.0,24.0,18.0,293.0,55.0
TikTok Ads,ALC - TROCA DE FIGURINHAS,87,0.22,2.0,1.0,0.0,0.0,4.0,1.0
TikTok Ads,ALC - TROCA DE FIGURINHAS,6469,11.92,166.0,80.0,38.0,25.0,415.0,96.0
TikTok Ads,TRAF - PROMO MAES,0,0.0,0.0,0.0,0.0,0.0,0.0,0.0
TikTok Ads,ALC - TROCA DE FIGURINHAS,6741,12.16,162.0,59.0,31.0,20.0,448.0,75.0
TikTok Ads,ALC - PROMO NAMORADOS 26,13023,27.32,64.0,30.0,21.0,13.0,970.0,164.0
TikTok Ads,ALC - SALE,0,0.0,0.0,0.0,0.0,0.0,0.0,0.0
TikTok Ads,ALC - SALE,0,0.0,0.0,0.0,0.0,0.0,0.0,0.0
TikTok Ads,ALC - SALE,0,0.0,0.0,0.0,0.0,0.0,0.0,0.0
TikTok Ads,ALC - TROCA DE FIGURINHAS,0,0.0,0.0,0.0,0.0,0.0,0.0,0.0
TikTok Ads,ALC - SALE,45358,129.46,885.0,393.0,229.0,119.0,3864.0,884.0
TikTok Ads,Interações com a comunidade - NS,4047,34.65,494.0,158.0,84.0,38.0,2004.0,786.0
TikTok Ads,ALC - SALE,0,0.0,0.0,0.0,0.0,0.0,0.0,0.0
TikTok Ads,Interações com a comunidade - NS,3242,34.07,310.0,108.0,64.0,33.0,1489.0,493.0
TikTok Ads,Interações com a comunidade - NS,0,0.0,0.0,0.0,0.0,0.0,0.0,0.0
TikTok Ads,TRAF - NATAL 25,0,0.0,0.0,0.0,0.0,0.0,0.0,0.0
TikTok Ads,Interações com a comunidade - NS,1361,16.31,123.0,43.0,28.0,11.0,537.0,187.0
TikTok Ads,Interações com a comunidade - NS,0,0.0,0.0,0.0,0.0,0.0,0.0,0.0
TikTok Ads,ALC - SALE,0,0.0,0.0,0.0,0.0,0.0,0.0,0.0
TikTok Ads,TRAF - NAMORADOS,0,0.0,0.0,0.0,0.0,0.0,0.0,0.0
TikTok Ads,Interações com a comunidade - NS,0,0.0,0.0,0.0,0.0,0.0,0.0,0.0
TikTok Ads,Interações com a comunidade - NS,3467,32.38,385.0,134.0,70.0,37.0,1599.0,622.0
TikTok Ads,ALC - SALE,0,0.0,0.0,0.0,0.0,0.0,0.0,0.0
TikTok Ads,ALC - SALE,15521,47.53,289.0,116.0,69.0,39.0,1366.0,285.0
TikTok Ads,ALC - TROCA DE FIGURINHAS,0,0.0,0.0,0.0,0.0,0.0,0.0,0.0
TikTok Ads,TRAF - NAMORADOS,0,0.0,0.0,0.0,0.0,0.0,0.0,0.0
TikTok Ads,TRAF - PAIS 26 ,214,21.02,1.0,0.0,0.0,1.0,7.0,1.0
TikTok Ads,TRAF - PAIS 26 ,152,25.34,2.0,2.0,0.0,0.0,9.0,2.0
TikTok Ads,ALC - PAIS 26 ,19750,39.53,235.0,94.0,60.0,37.0,1290.0,277.0
TikTok Ads,ALC - PAIS 26 ,22355,45.92,277.0,94.0,43.0,29.0,1527.0,330.0
TikTok Ads,ALC - PAIS 26 ,0,0.0,0.0,0.0,0.0,0.0,0.0,0.0
TikTok Ads,ALC - PAIS 26 ,0,0.0,0.0,0.0,0.0,0.0,0.0,0.0
TikTok Ads,ALC - PAIS 26 ,0,0.0,0.0,0.0,0.0,0.0,0.0,0.0
TikTok Ads,TRAF - PAIS 26 ,595,40.32,4.0,1.0,1.0,0.0,26.0,5.0
TikTok Ads,TRAF - PAIS 26 ,414,18.95,8.0,1.0,1.0,1.0,26.0,11.0
TikTok Ads,TRAF - PROMO MAES,0,0.0,0.0,0.0,0.0,0.0,0.0,0.0
TikTok Ads,TRAF - PAIS 26 ,502,26.65,6.0,1.0,0.0,1.0,27.0,7.0
TikTok Ads,TRAF - PAIS 26 ,251,23.95,0.0,0.0,0.0,0.0,7.0,0.0
TikTok Ads,TRAF - PAIS 26 ,198,4.77,1.0,0.0,0.0,0.0,3.0,1.0
TikTok Ads,TRAF - PAIS 26 ,181,0.0,1.0,0.0,0.0,1.0,6.0,1.0
TikTok Ads,ALC - PAIS 26 ,0,0.0,0.0,0.0,0.0,0.0,0.0,0.0
TikTok Ads,ALC - PAIS 26 ,21066,45.63,213.0,62.0,43.0,30.0,1353.0,264.0
TikTok Ads,ALC - PAIS 26 ,21494,43.96,254.0,99.0,63.0,42.0,1586.0,305.0
TikTok Ads,ALC - PAIS 26 ,27076,44.77,285.0,96.0,55.0,33.0,1768.0,345.0
TikTok Ads,ALC - PAIS 26 ,0,0.0,0.0,0.0,0.0,0.0,0.0,0.0
TikTok Ads,ALC - PAIS 26 ,0,0.0,0.0,0.0,0.0,0.0,0.0,0.0
TikTok Ads,TRAF - PAIS 26 ,722,23.88,6.0,2.0,0.0,0.0,34.0,7.0
TikTok Ads,ALC - PAIS 26 ,18862,38.29,196.0,76.0,40.0,25.0,1162.0,236.0
TikTok Ads,ALC - PAIS 26 ,22987,44.91,265.0,90.0,52.0,33.0,1577.0,317.0
TikTok Ads,ALC - PAIS 26 ,264,0.24,0.0,0.0,0.0,0.0,5.0,0.0
TikTok Ads,TRAF - PAIS 26 ,0,0.0,0.0,0.0,0.0,0.0,0.0,0.0
TikTok Ads,ALC - PAIS 26 ,0,0.0,0.0,0.0,0.0,0.0,0.0,0.0
TikTok Ads,ALC - PAIS 26 ,0,0.0,0.0,0.0,0.0,0.0,0.0,0.0
TikTok Ads,ALC - PAIS 26 ,0,0.0,0.0,0.0,0.0,0.0,0.0,0.0
TikTok Ads,TRAF - PAIS 26 ,390,11.82,0.0,0.0,0.0,0.0,12.0,0.0
TikTok Ads,TRAF - PAIS 26 ,290,18.13,0.0,0.0,0.0,0.0,15.0,1.0
TikTok Ads,ALC - PAIS 26 ,23311,46.19,236.0,93.0,43.0,27.0,1506.0,282.0
TikTok Ads,ALC - PAIS 26 ,20032,40.14,233.0,86.0,39.0,28.0,1313.0,267.0
TikTok Ads,ALC - PAIS 26 ,0,0.0,0.0,0.0,0.0,0.0,0.0,0.0
TikTok Ads,ALC - TROCA DE FIGURINHAS,0,0.0,0.0,0.0,0.0,0.0,0.0,0.0
TikTok Ads,ALC - PAIS 26 ,20842,42.78,243.0,87.0,49.0,32.0,1505.0,298.0
TikTok Ads,ALC - PAIS 26 ,24601,46.26,230.0,81.0,47.0,28.0,1536.0,278.0
TikTok Ads,ALC - PAIS 26 ,0,0.0,0.0,0.0,0.0,0.0,0.0,0.0
TikTok Ads,ALC - PAIS 26 ,10198,21.38,127.0,48.0,19.0,13.0,675.0,149.0
TikTok Ads,TRAF - PAIS 26 ,554,66.11,3.0,1.0,1.0,1.0,20.0,3.0
TikTok Ads,TRAF - PAIS 26 ,475,11.17,3.0,1.0,1.0,1.0,25.0,4.0
TikTok Ads,TRAF - PAIS 26 ,135,5.5,0.0,0.0,0.0,0.0,5.0,0.0
