campanha,campanha_id,objetivo,data,impressoes,alcance,frequencia,cliques,ctr,cpc,cpm,custo,link_click,valor_link_click,custo_link_click,landing_page_view,valor_landing_page_view,custo_landing_page_view,lead,valor_lead,custo_lead,purchase,valor_purchase,custo_purchase,add_to_cart,valor_add_to_cart,custo_add_to_cart,initiate_checkout,valor_initiate_checkout,custo_initiate_checkout,complete_registration,valor_complete_registration,custo_complete_registration,video_p25,video_p50,video_p75,video_p100,gender,shopping
ALC - NARBONA,120237232905670087,OUTCOME_AWARENESS,2026-02-09,251328,128172,1.960865,342,0.136077,0.878025,1.194792,300.284649,226.0,0,1.328693,32.0,0,9.383895,0.0,0,0.0,0,0,0,0,0,0,0.0,0,0.0,0,0,0,1658.0,513.0,292.0,182.0,female,CS
ALC - NARBONA,120237232905670087,OUTCOME_AWARENESS,2026-02-09,246072,133870,1.838141,246,0.099971,1.203196,1.202844,295.986157,160.0,0,1.849913,27.0,0,10.96245,0.0,0,0.0,0,0,0,0,0,0,0.0,0,0.0,0,0,0,1943.0,594.0,321.0,204.0,male,CS
ALC - NARBONA,120237232905670087,OUTCOME_AWARENESS,2026-02-09,1887,1056,1.786932,1,0.052994,2.299193,1.218438,2.299193,0.0,0,0.0,0.0,0,0.0,0.0,0,0.0,0,0,0,0,0,0,0.0,0,0.0,0,0,0,17.0,5.0,3.0,2.0,unknown,CS
ALC - Capivalley,120238793084460087,OUTCOME_AWARENESS,2026-02-09,172321,134361,1.282522,765,0.443939,0.262287,1.164396,200.649819,131.0,0,1.531678,15.0,0,13.376655,0.0,0,0.0,0,0,0,0,0,0,0.0,0,0.0,0,0,0,2061.0,646.0,337.0,177.0,female,CS
ALC - Capivalley,120238793084460087,OUTCOME_AWARENESS,2026-02-09,165999,124280,1.335686,432,0.260243,0.444445,1.156635,192.000258,95.0,0,2.021055,13.0,0,14.769251,0.0,0,0.0,0,0,0,0,0,0,0.0,0,0.0,0,0,0,1410.0,415.0,201.0,112.0,male,CS
ALC - Capivalley,120238793084460087,OUTCOME_AWARENESS,2026-02-09,1159,860,1.347674,4,0.345125,0.382481,1.320037,1.529922,0.0,0,0.0,0.0,0,0.0,0.0,0,0.0,0,0,0,0,0,0,0.0,0,0.0,0,0,0,15.0,4.0,1.0,1.0,unknown,CS
[ALC] Carnaval - 02/02,120239471825400087,OUTCOME_AWARENESS,2026-02-09,113894,86599,1.315188,206,0.18087,0.64779,1.171657,133.444687,146.0,0,0.914005,19.0,0,7.023405,0.0,0,0.0,0,0,0,0,0,0,0.0,0,0.0,0,0,0,283.0,114.0,41.0,20.0,female,CS
[ALC] Carnaval - 02/02,120239471825400087,OUTCOME_AWARENESS,2026-02-09,108228,78605,1.376859,136,0.125661,0.934452,1.174238,127.085417,90.0,0,1.41206,8.0,0,15.885677,0.0,0,0.0,0,0,0,0,0,0,0.0,0,0.0,0,0,0,174.0,49.0,19.0,11.0,male,CS
[ALC] Carnaval - 02/02,120239471825400087,OUTCOME_AWARENESS,2026-02-09,804,592,1.358108,0,0.0,0.0,1.119275,0.899897,0.0,0,0.0,0.0,0,0.0,0.0,0,0.0,0,0,0,0,0,0,0.0,0,0.0,0,0,0,3.0,1.0,,,unknown,CS
[ALC] Semana do Cinema 2026,120239561692810087,OUTCOME_AWARENESS,2026-02-09,58265,52251,1.115098,105,0.180211,0.706762,1.273663,74.21,66.0,0,1.124394,21.0,0,3.53381,0.0,0,0.0,0,0,0,0,0,0,0.0,0,0.0,0,0,0,,,,,female,CS
[ALC] Semana do Cinema 2026,120239561692810087,OUTCOME_AWARENESS,2026-02-09,95998,78535,1.222359,136,0.14167,0.894191,1.266797,121.61,88.0,0,1.381932,11.0,0,11.055455,0.0,0,0.0,0,0,0,0,0,0,0.0,0,0.0,0,0,0,,,,,male,CS
[ALC] Semana do Cinema 2026,120239561692810087,OUTCOME_AWARENESS,2026-02-09,652,538,1.211896,1,0.153374,0.91,1.395706,0.91,1.0,0,0.91,0.0,0,0.0,0.0,0,0.0,0,0,0,0,0,0,0.0,0,0.0,0,0,0,,,,,unknown,CS
[ALC] Eventos Carnaval,120239751838580087,OUTCOME_AWARENESS,2026-02-09,428919,290220,1.47791,810,0.188847,0.635339,1.199818,514.624854,568.0,0,0.90603,91.0,0,5.655218,0.0,0,0.0,0,0,0,0,0,0,0.0,0,0.0,0,0,0,801.0,175.0,87.0,63.0,female,CS
[ALC] Eventos Carnaval,120239751838580087,OUTCOME_AWARENESS,2026-02-09,404541,256575,1.576697,607,0.150047,0.794242,1.191734,482.105179,434.0,0,1.110841,53.0,0,9.096324,0.0,0,0.0,0,0,0,0,0,0,0.0,0,0.0,0,0,0,709.0,171.0,105.0,74.0,male,CS
[ALC] Eventos Carnaval,120239751838580087,OUTCOME_AWARENESS,2026-02-09,2894,1885,1.535279,2,0.069109,1.629984,1.126457,3.259967,2.0,0,1.629984,0.0,0,0.0,0.0,0,0.0,0,0,0,0,0,0,0.0,0,0.0,0,0,0,5.0,1.0,1.0,,unknown,CS
[ALC] Eventos de Carnaval,120239828976910087,OUTCOME_ENGAGEMENT,2026-02-09,145582,100044,1.45518,1007,0.691706,0.568361,3.931393,572.34,493.0,0,1.160933,128.0,0,4.471406,0.0,0,0.0,0,0,0,0,0,0,0.0,0,0.0,0,0,0,25749.0,10728.0,6608.0,3514.0,female,CS
[ALC] Eventos de Carnaval,120239828976910087,OUTCOME_ENGAGEMENT,2026-02-09,32697,25274,1.293701,151,0.461816,0.827616,3.822063,124.97,82.0,0,1.524024,21.0,0,5.950952,0.0,0,0.0,0,0,0,0,0,0,0.0,0,0.0,0,0,0,4522.0,2115.0,1425.0,922.0,male,CS
[ALC] Eventos de Carnaval,120239828976910087,OUTCOME_ENGAGEMENT,2026-02-09,462,348,1.327586,2,0.4329,0.845,3.658009,1.69,1.0,0,1.69,0.0,0,0.0,0.0,0,0.0,0,0,0,0,0,0,0.0,0,0.0,0,0,0,80.0,41.0,22.0,11.0,unknown,CS
[ALC] Musical das capivaras,120239893660110087,OUTCOME_AWARENESS,2026-02-09,145936,141795,1.029204,294,0.201458,0.563333,1.134881,165.62,215.0,0,0.770326,40.0,0,4.1405,0.0,0,0.0,0,0,0,0,0,0,0.0,0,0.0,0,0,0,,,,,female,CS
[ALC] Musical das capivaras,120239893660110087,OUTCOME_AWARENESS,2026-02-09,119813,116172,1.031341,212,0.176942,0.628962,1.112901,133.34,176.0,0,0.757614,19.0,0,7.017895,0.0,0,0.0,0,0,0,0,0,0,0.0,0,0.0,0,0,0,,,,,male,CS
[ALC] Musical das capivaras,120239893660110087,OUTCOME_AWARENESS,2026-02-09,874,832,1.050481,5,0.572082,0.208,1.189931,1.04,3.0,0,0.346667,0.0,0,0.0,0.0,0,0.0,0,0,0,0,0,0,0.0,0,0.0,0,0,0,,,,,unknown,CS
[ALC] Carnapet Continente Shopping,120239915880680087,OUTCOME_AWARENESS,2026-02-09,66824,65178,1.025254,142,0.212499,0.554648,1.178618,78.76,119.0,0,0.661849,21.0,0,3.750476,0.0,0,0.0,0,0,0,0,0,0,0.0,0,0.0,0,0,0,,,,,female,CS
[ALC] Carnapet Continente Shopping,120239915880680087,OUTCOME_AWARENESS,2026-02-09,60252,56972,1.057572,101,0.167629,0.700792,1.174733,70.78,79.0,0,0.895949,9.0,0,7.864444,0.0,0,0.0,0,0,0,0,0,0,0.0,0,0.0,0,0,0,,,,,male,CS
[ALC] Carnapet Continente Shopping,120239915880680087,OUTCOME_AWARENESS,2026-02-09,362,359,1.008357,2,0.552486,0.21,1.160221,0.42,1.0,0,0.42,0.0,0,0.0,0.0,0,0.0,0,0,0,0,0,0,0.0,0,0.0,0,0,0,,,,,unknown,CS
[ALC] Capivalley - Últimos dias,120240006022760087,OUTCOME_AWARENESS,2026-02-09,218438,176890,1.23488,341,0.156108,0.764766,1.193864,260.785216,178.0,0,1.465085,39.0,0,6.6868,0.0,0,0.0,0,0,0,0,0,0,0.0,0,0.0,0,0,0,2195.0,505.0,262.0,145.0,female,CS
[ALC] Capivalley - Últimos dias,120240006022760087,OUTCOME_AWARENESS,2026-02-09,199406,156893,1.270968,262,0.13139,0.906125,1.19056,237.404748,134.0,0,1.771677,18.0,0,13.189153,0.0,0,0.0,0,0,0,0,0,0,0.0,0,0.0,0,0,0,2128.0,532.0,281.0,180.0,male,CS
[ALC] Capivalley - Últimos dias,120240006022760087,OUTCOME_AWARENESS,2026-02-09,1493,1161,1.28596,4,0.267917,0.452509,1.212348,1.810036,0.0,0,0.0,0.0,0,0.0,0.0,0,0.0,0,0,0,0,0,0,0.0,0,0.0,0,0,0,15.0,3.0,2.0,,unknown,CS
ALC - Narbona novos conteúdos,120240054308210087,OUTCOME_AWARENESS,2026-02-09,74181,67127,1.105084,125,0.168507,0.717095,1.208354,89.63689,91.0,0,0.985021,53.0,0,1.691262,0.0,0,0.0,0,0,0,0,0,0,0.0,0,0.0,0,0,0,287.0,66.0,43.0,28.0,female,CS
ALC - Narbona novos conteúdos,120240054308210087,OUTCOME_AWARENESS,2026-02-09,80194,67065,1.195765,117,0.145896,0.815082,1.189173,95.36455,90.0,0,1.059606,39.0,0,2.445245,0.0,0,0.0,0,0,0,0,0,0,0.0,0,0.0,0,0,0,347.0,101.0,53.0,36.0,male,CS
ALC - Narbona novos conteúdos,120240054308210087,OUTCOME_AWARENESS,2026-02-09,594,520,1.142308,3,0.505051,0.222853,1.125521,0.66856,1.0,0,0.66856,1.0,0,0.66856,0.0,0,0.0,0,0,0,0,0,0,0.0,0,0.0,0,0,0,5.0,3.0,2.0,1.0,unknown,CS
TFG - Narbona Site,120240056012140087,LINK_CLICKS,2026-02-09,107083,56343,1.900556,3934,3.673786,0.161773,5.943185,636.414075,2842.0,0,0.223932,741.0,0,0.858858,0.0,0,0.0,0,0,0,0,0,0,0.0,0,0.0,0,0,0,2117.0,624.0,420.0,294.0,female,CS
TFG - Narbona Site,120240056012140087,LINK_CLICKS,2026-02-09,71499,38827,1.841476,1917,2.681156,0.180526,4.840191,346.068805,1405.0,0,0.246312,334.0,0,1.036134,0.0,0,0.0,0,0,0,0,0,0,0.0,0,0.0,0,0,0,1279.0,242.0,160.0,106.0,male,CS
TFG - Narbona Site,120240056012140087,LINK_CLICKS,2026-02-09,393,223,1.762332,12,3.053435,0.125593,3.834912,1.507121,9.0,0,0.167458,3.0,0,0.502374,0.0,0,0.0,0,0,0,0,0,0,0.0,0,0.0,0,0,0,5.0,2.0,,,unknown,CS
ALC - Narbona novos conteúdos,120240054308210087,OUTCOME_AWARENESS,2026-03-01,38121,27905,1.366099,72,0.188872,0.605833,1.144251,43.62,42.0,0,1.038571,24.0,0,1.8175,1.0,0,43.62,0,0,0,0,0,0,4.0,0,10.905,0,0,0,225.0,62.0,31.0,17.0,female,CS
ALC - Narbona novos conteúdos,120240054308210087,OUTCOME_AWARENESS,2026-03-01,46394,33341,1.3915,79,0.170281,0.678861,1.155968,53.63,48.0,0,1.117292,25.0,0,2.1452,0.0,0,0.0,0,0,0,0,0,0,7.0,0,7.661429,0,0,0,274.0,83.0,52.0,29.0,male,CS
ALC - Narbona novos conteúdos,120240054308210087,OUTCOME_AWARENESS,2026-03-01,343,270,1.27037,0,0.0,0.0,0.991254,0.34,0.0,0,0.0,0.0,0,0.0,0.0,0,0.0,0,0,0,0,0,0,0.0,0,0.0,0,0,0,3.0,1.0,1.0,1.0,unknown,CS
[ALC] Musical K-Pop,120240776590700087,OUTCOME_AWARENESS,2026-03-01,9052,8780,1.03098,22,0.24304,0.471818,1.146708,10.38,14.0,0,0.741429,0.0,0,0.0,0.0,0,0.0,0,0,0,0,0,0,0.0,0,0.0,0,0,0,,,,,female,CS
[ALC] Musical K-Pop,120240776590700087,OUTCOME_AWARENESS,2026-03-01,8500,7967,1.066901,11,0.129412,0.895455,1.158824,9.85,9.0,0,1.094444,0.0,0,0.0,0.0,0,0.0,0,0,0,0,0,0,0.0,0,0.0,0,0,0,,,,,male,CS
[ALC] Musical K-Pop,120240776590700087,OUTCOME_AWARENESS,2026-03-01,53,52,1.019231,0,0.0,0.0,0.943396,0.05,0.0,0,0.0,0.0,0,0.0,0.0,0,0.0,0,0,0,0,0,0,0.0,0,0.0,0,0,0,,,,,unknown,CS
ALC - VOLTA AS AULAS,120240233245310402,OUTCOME_AWARENESS,2026-02-09,52690,48671,1.082575,41,0.077814,1.405854,1.093946,57.64,23.0,0,2.506087,0.0,0,0.0,0.0,0,0.0,0,0,0,0,0,0,0.0,0,0.0,0,0,0,315.0,47.0,20.0,11.0,female,BS
ALC - VOLTA AS AULAS,120240233245310402,OUTCOME_AWARENESS,2026-02-09,36679,31669,1.158199,27,0.073612,1.46963,1.081818,39.68,22.0,0,1.803636,0.0,0,0.0,0.0,0,0.0,0,0,0,0,0,0,0.0,0,0.0,0,0,0,212.0,38.0,18.0,12.0,male,BS
ALC - VOLTA AS AULAS,120240233245310402,OUTCOME_AWARENESS,2026-02-09,250,226,1.106195,0,0.0,0.0,1.12,0.28,0.0,0,0.0,0.0,0,0.0,0.0,0,0.0,0,0,0,0,0,0,0.0,0,0.0,0,0,0,,,,,unknown,BS
ALC - SUMMER,120240233387880402,OUTCOME_AWARENESS,2026-02-09,302633,171224,1.767468,129,0.042626,2.582171,1.100673,333.1,6.0,0,55.516667,0.0,0,0.0,0.0,0,0.0,0,0,0,0,0,0,0.0,0,0.0,0,0,0,16460.0,4174.0,2267.0,1551.0,female,BS
ALC - SUMMER,120240233387880402,OUTCOME_AWARENESS,2026-02-09,317223,180141,1.760971,147,0.04634,2.359524,1.093395,346.85,31.0,0,11.18871,0.0,0,0.0,0.0,0,0.0,0,0,0,0,0,0,0.0,0,0.0,0,0,0,18084.0,3798.0,2105.0,1486.0,male,BS
ALC - SUMMER,120240233387880402,OUTCOME_AWARENESS,2026-02-09,2604,1452,1.793388,0,0.0,0.0,1.132873,2.95,0.0,0,0.0,0.0,0,0.0,0.0,0,0.0,0,0,0,0,0,0,0.0,0,0.0,0,0,0,171.0,29.0,17.0,12.0,unknown,BS
ALC - Semana do Cinema - BS JAN 25,120241101673890402,OUTCOME_AWARENESS,2026-02-09,53019,50711,1.045513,83,0.156548,0.779948,1.220991,64.735701,51.0,0,1.269327,0.0,0,0.0,0.0,0,0.0,0,0,0,0,0,0,0.0,0,0.0,0,0,0,,,,,female,BS
ALC - Semana do Cinema - BS JAN 25,120241101673890402,OUTCOME_AWARENESS,2026-02-09,72047,64235,1.121616,57,0.079115,1.492182,1.18054,85.054352,30.0,0,2.835145,0.0,0,0.0,0.0,0,0.0,0,0,0,0,0,0,0.0,0,0.0,0,0,0,,,,,male,BS
ALC - Semana do Cinema - BS JAN 25,120241101673890402,OUTCOME_AWARENESS,2026-02-09,673,599,1.123539,1,0.148588,0.789948,1.17377,0.789948,1.0,0,0.789948,0.0,0,0.0,0.0,0,0.0,0,0,0,0,0,0,0.0,0,0.0,0,0,0,,,,,unknown,BS
ALC - Inauguração - Shantal,120241101729600402,OUTCOME_AWARENESS,2026-02-09,111844,64741,1.727561,141,0.126068,0.911631,1.149279,128.54,63.0,0,2.040317,0.0,0,0.0,0.0,0,0.0,0,0,0,0,0,0,0.0,0,0.0,0,0,0,205.0,93.0,40.0,31.0,female,BS
ALC - Inauguração - Shantal,120241101729600402,OUTCOME_AWARENESS,2026-02-09,148769,76998,1.932115,116,0.077973,1.48069,1.154542,171.76,35.0,0,4.907429,0.0,0,0.0,0.0,0,0.0,0,0,0,0,0,0,0.0,0,0.0,0,0,0,155.0,59.0,24.0,16.0,male,BS
ALC - Inauguração - Shantal,120241101729600402,OUTCOME_AWARENESS,2026-02-09,1182,584,2.023973,1,0.084602,1.55,1.311337,1.55,0.0,0,0.0,0.0,0,0.0,0.0,0,0.0,0,0,0,0,0,0,0.0,0,0.0,0,0,0,,,,,unknown,BS
ALC - Carnaval Kids,120241264649820402,OUTCOME_AWARENESS,2026-02-09,679527,403418,1.684424,904,0.133034,0.955398,1.271002,863.67984,696.0,0,1.240919,322.0,0,2.682236,0.0,0,0.0,0,0,0,0,0,0,0.0,0,0.0,0,0,0,,,,,female,BS
ALC - Carnaval Kids,120241264649820402,OUTCOME_AWARENESS,2026-02-09,700251,417518,1.677176,794,0.113388,1.113275,1.262319,883.940071,607.0,0,1.456244,246.0,0,3.593252,0.0,0,0.0,0,0,0,0,0,0,0.0,0,0.0,0,0,0,,,,,male,BS
ALC - Carnaval Kids,120241264649820402,OUTCOME_AWARENESS,2026-02-09,5605,3382,1.657303,7,0.124888,1.110013,1.386278,7.770089,3.0,0,2.59003,1.0,0,7.770089,0.0,0,0.0,0,0,0,0,0,0,0.0,0,0.0,0,0,0,,,,,unknown,BS
TRAF - Carnaval,120241501677080402,LINK_CLICKS,2026-02-09,207691,87607,2.370712,2810,1.352971,0.260873,3.529532,733.051992,2400.0,0,0.305438,1147.0,0,0.639104,0.0,0,0.0,0,0,0,0,0,0,0.0,0,0.0,0,0,0,,,,,female,BS
TRAF - Carnaval,120241501677080402,LINK_CLICKS,2026-02-09,79547,38655,2.057871,1017,1.278489,0.259487,3.317509,263.897917,930.0,0,0.283761,364.0,0,0.724994,0.0,0,0.0,0,0,0,0,0,0,0.0,0,0.0,0,0,0,,,,,male,BS
TRAF - Carnaval,120241501677080402,LINK_CLICKS,2026-02-09,886,408,2.171569,12,1.354402,0.254174,3.442541,3.050092,11.0,0,0.277281,6.0,0,0.508349,0.0,0,0.0,0,0,0,0,0,0,0.0,0,0.0,0,0,0,,,,,unknown,BS
ALC - Ghibli Fest,120242067064510402,OUTCOME_AWARENESS,2026-02-09,49924,37202,1.341971,62,0.124189,0.94129,1.168977,58.36,33.0,0,1.768485,8.0,0,7.295,0.0,0,0.0,0,0,0,0,0,0,0.0,0,0.0,0,0,0,,,,,female,BS
ALC - Ghibli Fest,120242067064510402,OUTCOME_AWARENESS,2026-02-09,61503,46213,1.330859,72,0.117067,1.002639,1.173764,72.19,40.0,0,1.80475,4.0,0,18.0475,0.0,0,0.0,0,0,0,0,0,0,0.0,0,0.0,0,0,0,,,,,male,BS
ALC - Ghibli Fest,120242067064510402,OUTCOME_AWARENESS,2026-02-09,580,445,1.303371,2,0.344828,0.41,1.413793,0.82,2.0,0,0.41,0.0,0,0.0,0.0,0,0.0,0,0,0,0,0,0,0.0,0,0.0,0,0,0,,,,,unknown,BS
ALC - Moda Feminina | Verão - AON,120242067169520402,OUTCOME_AWARENESS,2026-02-09,61919,44382,1.395138,47,0.075906,1.57617,1.196402,74.08,30.0,0,2.469333,0.0,0,0.0,0.0,0,0.0,0,0,0,0,0,0,0.0,0,0.0,0,0,0,19.0,5.0,1.0,1.0,female,BS
ALC - Moda Feminina | Verão - AON,120242067169520402,OUTCOME_AWARENESS,2026-02-09,68673,51566,1.33175,42,0.061159,1.972143,1.206151,82.83,25.0,0,3.3132,0.0,0,0.0,0.0,0,0.0,0,0,0,0,0,0,0.0,0,0.0,0,0,0,17.0,4.0,2.0,2.0,male,BS
ALC - Moda Feminina | Verão - AON,120242067169520402,OUTCOME_AWARENESS,2026-02-09,555,439,1.264237,0,0.0,0.0,1.279279,0.71,0.0,0,0.0,0.0,0,0.0,0.0,0,0.0,0,0,0,0,0,0,0.0,0,0.0,0,0,0,,,,,unknown,BS
ALC - Moda Masculina - AON,120242067335900402,OUTCOME_AWARENESS,2026-02-09,48420,34918,1.386677,31,0.064023,1.987913,1.272724,61.625298,23.0,0,2.679361,0.0,0,0.0,0.0,0,0.0,0,0,0,0,0,0,0.0,0,0.0,0,0,0,372.0,73.0,23.0,13.0,female,BS
ALC - Moda Masculina - AON,120242067335900402,OUTCOME_AWARENESS,2026-02-09,56356,40655,1.386201,52,0.092271,1.327014,1.224443,69.004734,35.0,0,1.971564,0.0,0,0.0,0.0,0,0.0,0,0,0,0,0,0,0.0,0,0.0,0,0,0,359.0,67.0,22.0,11.0,male,BS
ALC - Moda Masculina - AON,120242067335900402,OUTCOME_AWARENESS,2026-02-09,278,215,1.293023,0,0.0,0.0,1.510676,0.419968,0.0,0,0.0,0.0,0,0.0,0.0,0,0.0,0,0,0,0,0,0,0.0,0,0.0,0,0,0,1.0,,,,unknown,BS
ALC - Lojas Corredor Zara,120242067408940402,OUTCOME_AWARENESS,2026-02-09,69106,35043,1.972034,73,0.105635,1.119518,1.182601,81.724799,55.0,0,1.485905,1.0,0,81.724799,0.0,0,0.0,0,0,0,0,0,0,0.0,0,0.0,0,0,0,885.0,398.0,165.0,85.0,female,BS
ALC - Lojas Corredor Zara,120242067408940402,OUTCOME_AWARENESS,2026-02-09,63615,34510,1.843379,61,0.095889,1.228282,1.177792,74.925231,43.0,0,1.742447,1.0,0,74.925231,0.0,0,0.0,0,0,0,0,0,0,0.0,0,0.0,0,0,0,706.0,272.0,102.0,54.0,male,BS
ALC - Lojas Corredor Zara,120242067408940402,OUTCOME_AWARENESS,2026-02-09,458,252,1.81746,0,0.0,0.0,1.026136,0.46997,0.0,0,0.0,0.0,0,0.0,0.0,0,0.0,0,0,0,0,0,0,0.0,0,0.0,0,0,0,7.0,4.0,1.0,1.0,unknown,BS
ALC - Ghibli Fest,120242067064510402,OUTCOME_AWARENESS,2026-03-01,26216,24504,1.069866,23,0.087733,1.092609,0.958575,25.13,14.0,0,1.795,0.0,0,0.0,1.0,0,25.13,0,0,0,0,0,0,0.0,0,0.0,0,0,0,,,,,female,BS
ALC - Ghibli Fest,120242067064510402,OUTCOME_AWARENESS,2026-03-01,35520,32617,1.089003,36,0.101351,0.965278,0.978322,34.75,16.0,0,2.171875,0.0,0,0.0,0.0,0,0.0,0,0,0,0,0,0,1.0,0,34.75,0,0,0,,,,,male,BS
ALC - Ghibli Fest,120242067064510402,OUTCOME_AWARENESS,2026-03-01,257,241,1.06639,2,0.77821,0.13,1.011673,0.26,2.0,0,0.13,0.0,0,0.0,0.0,0,0.0,0,0,0,0,0,0,0.0,0,0.0,0,0,0,,,,,unknown,BS
ALC - Moda Feminina | Verão - AON,120242067169520402,OUTCOME_AWARENESS,2026-03-01,140825,90257,1.560267,118,0.083792,1.242584,1.041185,146.624886,75.0,0,1.954998,0.0,0,0.0,0.0,0,0.0,0,0,0,0,0,0,0.0,0,0.0,0,0,0,126.0,32.0,21.0,15.0,female,BS
ALC - Moda Feminina | Verão - AON,120242067169520402,OUTCOME_AWARENESS,2026-03-01,146794,102923,1.426251,95,0.064717,1.604264,1.038224,152.405079,64.0,0,2.381329,0.0,0,0.0,0.0,0,0.0,0,0,0,0,0,0,0.0,0,0.0,0,0,0,101.0,31.0,17.0,14.0,male,BS
ALC - Moda Feminina | Verão - AON,120242067169520402,OUTCOME_AWARENESS,2026-03-01,1062,736,1.442935,0,0.0,0.0,0.99815,1.060035,0.0,0,0.0,0.0,0,0.0,0.0,0,0.0,0,0,0,0,0,0,0.0,0,0.0,0,0,0,1.0,,,,unknown,BS
ALC - Moda Masculina - AON,120242067335900402,OUTCOME_AWARENESS,2026-03-01,95271,65401,1.456721,69,0.072425,1.556935,1.12761,107.428498,49.0,0,2.192418,0.0,0,0.0,1.0,0,107.428498,0,0,0,0,0,0,12.0,0,8.952375,0,0,0,81.0,16.0,6.0,5.0,female,BS
ALC - Moda Masculina - AON,120242067335900402,OUTCOME_AWARENESS,2026-03-01,130047,84220,1.544134,92,0.070744,1.569907,1.110609,144.431426,45.0,0,3.209587,0.0,0,0.0,2.0,0,72.215713,0,0,0,0,0,0,8.0,0,18.053928,0,0,0,66.0,12.0,6.0,4.0,male,BS
ALC - Moda Masculina - AON,120242067335900402,OUTCOME_AWARENESS,2026-03-01,908,599,1.51586,0,0.0,0.0,1.057352,0.960076,0.0,0,0.0,0.0,0,0.0,0.0,0,0.0,0,0,0,0,0,0,0.0,0,0.0,0,0,0,,,,,unknown,BS
ALC - Lojas Corredor Zara,120242067408940402,OUTCOME_AWARENESS,2026-03-01,179931,97029,1.854404,155,0.086144,1.206999,1.039759,187.084828,104.0,0,1.798893,0.0,0,0.0,2.0,0,93.542414,0,0,0,0,0,0,33.0,0,5.669237,0,0,0,1523.0,603.0,252.0,146.0,female,BS
ALC - Lojas Corredor Zara,120242067408940402,OUTCOME_AWARENESS,2026-03-01,196421,111821,1.756566,140,0.071275,1.424322,1.015193,199.405146,94.0,0,2.121331,0.0,0,0.0,3.0,0,66.468382,0,0,0,0,0,0,15.0,0,13.293676,0,0,0,1556.0,555.0,232.0,129.0,male,BS
ALC - Lojas Corredor Zara,120242067408940402,OUTCOME_AWARENESS,2026-03-01,1271,778,1.633676,1,0.078678,1.000026,0.786802,1.000026,1.0,0,1.000026,0.0,0,0.0,0.0,0,0.0,0,0,0,0,0,0,0.0,0,0.0,0,0,0,5.0,1.0,,,unknown,BS
ALC - GASTRONOMIA - BS,120242410811390402,OUTCOME_AWARENESS,2026-03-01,495358,304044,1.629231,492,0.099322,1.27824,1.269575,628.894024,346.0,0,1.817613,0.0,0,0.0,2.0,0,314.447012,0,0,0,0,0,0,37.0,0,16.997136,0,0,0,,,,,female,BS
ALC - GASTRONOMIA - BS,120242410811390402,OUTCOME_AWARENESS,2026-03-01,562974,354512,1.588025,472,0.08384,1.505309,1.262058,710.505844,308.0,0,2.306837,0.0,0,0.0,1.0,0,710.505844,0,0,0,0,0,0,45.0,0,15.789019,0,0,0,,,,,male,BS
ALC - GASTRONOMIA - BS,120242410811390402,OUTCOME_AWARENESS,2026-03-01,4566,2828,1.614569,4,0.087604,1.485033,1.300949,5.940132,4.0,0,1.485033,0.0,0,0.0,0.0,0,0.0,0,0,0,0,0,0,0.0,0,0.0,0,0,0,,,,,unknown,BS
ALC - UNIZUSHI + DULADU,120242554636430402,OUTCOME_AWARENESS,2026-03-01,109017,72633,1.500929,123,0.112826,1.081584,1.220313,133.034813,72.0,0,1.847706,55.0,0,2.418815,0.0,0,0.0,0,0,0,0,0,0,0.0,0,0.0,0,0,0,685.0,145.0,80.0,57.0,female,BS
ALC - UNIZUSHI + DULADU,120242554636430402,OUTCOME_AWARENESS,2026-03-01,118466,79301,1.493878,130,0.109736,1.093424,1.199881,142.145143,75.0,0,1.895269,36.0,0,3.948476,0.0,0,0.0,0,0,0,0,0,0,0.0,0,0.0,0,0,0,853.0,222.0,109.0,65.0,male,BS
ALC - UNIZUSHI + DULADU,120242554636430402,OUTCOME_AWARENESS,2026-03-01,962,693,1.388167,1,0.10395,1.230045,1.278633,1.230045,0.0,0,0.0,0.0,0,0.0,0.0,0,0.0,0,0,0,0,0,0,0.0,0,0.0,0,0,0,6.0,1.0,,,unknown,BS
ALC - Gastronomia — AON,120217368581940157,OUTCOME_AWARENESS,2026-02-09,260299,167903,1.550294,184,0.070688,1.674293,1.183524,308.07,96.0,0,3.209063,0.0,0,0.0,0.0,0,0.0,0,0,0,0,0,0,0.0,0,0.0,0,0,0,1782.0,800.0,232.0,158.0,female,NK
ALC - Gastronomia — AON,120217368581940157,OUTCOME_AWARENESS,2026-02-09,241935,160483,1.507543,177,0.07316,1.617288,1.18321,286.26,108.0,0,2.650556,0.0,0,0.0,0.0,0,0.0,0,0,0,0,0,0,0.0,0,0.0,0,0,0,1660.0,673.0,229.0,139.0,male,NK
ALC - Gastronomia — AON,120217368581940157,OUTCOME_AWARENESS,2026-02-09,1886,1357,1.389831,1,0.053022,2.44,1.293743,2.44,0.0,0,0.0,0.0,0,0.0,0.0,0,0.0,0,0,0,0,0,0,0.0,0,0.0,0,0,0,13.0,3.0,1.0,,unknown,NK
ALC - Arena Super Games,120236945555570157,OUTCOME_AWARENESS,2026-02-09,407775,305772,1.333592,465,0.114033,1.1213,1.278657,521.404539,10.0,0,52.140454,0.0,0,0.0,0.0,0,0.0,0,0,0,0,0,0,0.0,0,0.0,0,0,0,5819.0,2241.0,761.0,490.0,female,NK
ALC - Arena Super Games,120236945555570157,OUTCOME_AWARENESS,2026-02-09,492620,353030,1.395405,691,0.14027,0.900051,1.262505,621.935414,14.0,0,44.423958,0.0,0,0.0,0.0,0,0.0,0,0,0,0,0,0,0.0,0,0.0,0,0,0,10082.0,3510.0,1511.0,924.0,male,NK
ALC - Arena Super Games,120236945555570157,OUTCOME_AWARENESS,2026-02-09,4147,3123,1.32789,6,0.144683,0.901675,1.304569,5.410047,0.0,0,0.0,0.0,0,0.0,0.0,0,0.0,0,0,0,0,0,0,0.0,0,0.0,0,0,0,86.0,35.0,13.0,8.0,unknown,NK
ALC - Cinema - AON,120237502551570157,OUTCOME_AWARENESS,2026-02-09,257976,137216,1.880072,465,0.180249,0.59732,1.076666,277.753991,53.0,0,5.240641,0.0,0,0.0,0.0,0,0.0,0,0,0,0,0,0,0.0,0,0.0,0,0,0,34663.0,12715.0,6699.0,4640.0,female,NK
ALC - Cinema - AON,120237502551570157,OUTCOME_AWARENESS,2026-02-09,384884,183266,2.100139,491,0.127571,0.846672,1.080107,415.715973,61.0,0,6.815016,0.0,0,0.0,0.0,0,0.0,0,0,0,0,0,0,0.0,0,0.0,0,0,0,50793.0,19551.0,10909.0,7788.0,male,NK
ALC - Cinema - AON,120237502551570157,OUTCOME_AWARENESS,2026-02-09,2725,1382,1.97178,2,0.073395,1.275018,0.935793,2.550037,0.0,0,0.0,0.0,0,0.0,0.0,0,0.0,0,0,0,0,0,0,0.0,0,0.0,0,0,0,366.0,126.0,70.0,50.0,unknown,NK
ALC - Coleção Boca Rosa Adidas,120238011056000157,OUTCOME_AWARENESS,2026-02-09,68062,43005,1.582653,68,0.099909,1.281324,1.280156,87.13,37.0,0,2.354865,0.0,0,0.0,0.0,0,0.0,0,0,0,0,0,0,0.0,0,0.0,0,0,0,1225.0,570.0,188.0,108.0,female,NK
ALC - Coleção Boca Rosa Adidas,120238011056000157,OUTCOME_AWARENESS,2026-02-09,39175,25362,1.544634,35,0.089343,1.447143,1.292916,50.65,18.0,0,2.813889,0.0,0,0.0,0.0,0,0.0,0,0,0,0,0,0,0.0,0,0.0,0,0,0,567.0,253.0,98.0,54.0,male,NK
ALC - Coleção Boca Rosa Adidas,120238011056000157,OUTCOME_AWARENESS,2026-02-09,329,213,1.544601,0,0.0,0.0,1.458967,0.48,0.0,0,0.0,0.0,0,0.0,0.0,0,0.0,0,0,0,0,0,0,0.0,0,0.0,0,0,0,4.0,2.0,1.0,,unknown,NK
ALC - Oficinas de Carnaval no Neumarkt Shopping,120238012028540157,OUTCOME_AWARENESS,2026-02-09,43022,27903,1.541841,43,0.099949,1.05292,1.052382,45.275561,29.0,0,1.561226,0.0,0,0.0,0.0,0,0.0,0,0,0,0,0,0,0.0,0,0.0,0,0,0,,,,,female,NK
ALC - Oficinas de Carnaval no Neumarkt Shopping,120238012028540157,OUTCOME_AWARENESS,2026-02-09,53043,35351,1.500467,34,0.064099,1.651015,1.058283,56.134497,15.0,0,3.7423,0.0,0,0.0,0.0,0,0.0,0,0,0,0,0,0,0.0,0,0.0,0,0,0,,,,,male,NK
ALC - Oficinas de Carnaval no Neumarkt Shopping,120238012028540157,OUTCOME_AWARENESS,2026-02-09,440,303,1.452145,0,0.0,0.0,1.340778,0.589942,0.0,0,0.0,0.0,0,0.0,0.0,0,0.0,0,0,0,0,0,0,0.0,0,0.0,0,0,0,,,,,unknown,NK
ENG - Conteúdos - Fev,120238024409700157,OUTCOME_ENGAGEMENT,2026-02-09,62293,26716,2.331674,130,0.208691,2.597538,5.420834,337.68,30.0,0,11.256,0.0,0,0.0,0.0,0,0.0,0,0,0,0,0,0,0.0,0,0.0,0,0,0,12849.0,6933.0,4369.0,3150.0,female,NK
ENG - Conteúdos - Fev,120238024409700157,OUTCOME_ENGAGEMENT,2026-02-09,46223,17502,2.641012,67,0.144949,4.016269,5.821561,269.09,10.0,0,26.909,0.0,0,0.0,0.0,0,0.0,0,0,0,0,0,0,0.0,0,0.0,0,0,0,7673.0,3781.0,2216.0,1581.0,male,NK
ENG - Conteúdos - Fev,120238024409700157,OUTCOME_ENGAGEMENT,2026-02-09,772,284,2.71831,4,0.518135,1.09,5.647668,4.36,0.0,0,0.0,0.0,0,0.0,0.0,0,0.0,0,0,0,0,0,0,0.0,0,0.0,0,0,0,112.0,55.0,32.0,25.0,unknown,NK
ALC - Semana do Cinema,120238152179080157,OUTCOME_AWARENESS,2026-02-09,84467,64082,1.318108,86,0.101815,1.246566,1.26919,107.204638,55.0,0,1.949175,0.0,0,0.0,0.0,0,0.0,0,0,0,0,0,0,0.0,0,0.0,0,0,0,873.0,475.0,99.0,60.0,female,NK
ALC - Semana do Cinema,120238152179080157,OUTCOME_AWARENESS,2026-02-09,72423,57682,1.255556,49,0.067658,1.876029,1.269285,91.925402,26.0,0,3.535592,0.0,0,0.0,0.0,0,0.0,0,0,0,0,0,0,0.0,0,0.0,0,0,0,743.0,341.0,106.0,62.0,male,NK
ALC - Semana do Cinema,120238152179080157,OUTCOME_AWARENESS,2026-02-09,595,479,1.242171,1,0.168067,0.78996,1.327665,0.78996,0.0,0,0.0,0.0,0,0.0,0.0,0,0.0,0,0,0,0,0,0,0.0,0,0.0,0,0,0,10.0,3.0,2.0,2.0,unknown,NK
ALC- Valentine's Day,120238271108280157,OUTCOME_AWARENESS,2026-02-09,48127,38699,1.243624,45,0.093503,1.495111,1.397968,67.28,33.0,0,2.038788,0.0,0,0.0,0.0,0,0.0,0,0,0,0,0,0,0.0,0,0.0,0,0,0,363.0,65.0,40.0,27.0,female,NK
ALC- Valentine's Day,120238271108280157,OUTCOME_AWARENESS,2026-02-09,22964,19937,1.151828,32,0.139349,1.01375,1.412646,32.44,25.0,0,1.2976,0.0,0,0.0,0.0,0,0.0,0,0,0,0,0,0,0.0,0,0.0,0,0,0,160.0,31.0,22.0,13.0,male,NK
ALC- Valentine's Day,120238271108280157,OUTCOME_AWARENESS,2026-02-09,193,155,1.245161,2,1.036269,0.11,1.139896,0.22,1.0,0,0.22,0.0,0,0.0,0.0,0,0.0,0,0,0,0,0,0,0.0,0,0.0,0,0,0,1.0,1.0,,,unknown,NK
ALC - Moda Feminina,120238480775560157,OUTCOME_AWARENESS,2026-02-09,58303,37721,1.545638,23,0.039449,2.967391,1.170609,68.25,0.0,0,0.0,0.0,0,0.0,0.0,0,0.0,0,0,0,0,0,0,0.0,0,0.0,0,0,0,1096.0,545.0,203.0,116.0,female,NK
ALC - Moda Feminina,120238480775560157,OUTCOME_AWARENESS,2026-02-09,31582,22028,1.433721,19,0.060161,1.991579,1.198151,37.84,1.0,0,37.84,0.0,0,0.0,0.0,0,0.0,0,0,0,0,0,0,0.0,0,0.0,0,0,0,395.0,164.0,53.0,28.0,male,NK
ALC - Moda Feminina,120238480775560157,OUTCOME_AWARENESS,2026-02-09,271,198,1.368687,0,0.0,0.0,1.328413,0.36,0.0,0,0.0,0.0,0,0.0,0.0,0,0.0,0,0,0,0,0,0,0.0,0,0.0,0,0,0,10.0,6.0,4.0,2.0,unknown,NK
ALC - Feira Pet NK,120238544787450157,OUTCOME_AWARENESS,2026-02-09,88321,63848,1.383301,186,0.210595,0.501774,1.056714,93.33,65.0,0,1.435846,0.0,0,0.0,0.0,0,0.0,0,0,0,0,0,0,0.0,0,0.0,0,0,0,,,,,female,NK
ALC - Feira Pet NK,120238544787450157,OUTCOME_AWARENESS,2026-02-09,99557,68601,1.451247,115,0.115512,0.920783,1.063612,105.89,39.0,0,2.715128,0.0,0,0.0,0.0,0,0.0,0,0,0,0,0,0,0.0,0,0.0,0,0,0,,,,,male,NK
ALC - Feira Pet NK,120238544787450157,OUTCOME_AWARENESS,2026-02-09,874,589,1.483871,1,0.114416,0.78,0.892449,0.78,0.0,0,0.0,0.0,0,0.0,0.0,0,0.0,0,0,0,0,0,0,0.0,0,0.0,0,0,0,,,,,unknown,NK
ALC - Promoção Meu Méqui,120238882009230157,OUTCOME_AWARENESS,2026-02-09,8826,8398,1.050965,22,0.249264,0.535455,1.334693,11.78,17.0,0,0.692941,0.0,0,0.0,0.0,0,0.0,0,0,0,0,0,0,0.0,0,0.0,0,0,0,,,,,female,NK
ALC - Promoção Meu Méqui,120238882009230157,OUTCOME_AWARENESS,2026-02-09,6854,6538,1.048333,10,0.1459,0.984,1.435658,9.84,8.0,0,1.23,0.0,0,0.0,0.0,0,0.0,0,0,0,0,0,0,0.0,0,0.0,0,0,0,,,,,male,NK
ALC - Promoção Meu Méqui,120238882009230157,OUTCOME_AWARENESS,2026-02-09,45,43,1.046512,0,0.0,0.0,1.555556,0.07,0.0,0,0.0,0.0,0,0.0,0.0,0,0.0,0,0,0,0,0,0,0.0,0,0.0,0,0,0,,,,,unknown,NK
ALC - Poker NK,120238895400210157,OUTCOME_AWARENESS,2026-02-09,7537,6586,1.144397,28,0.371501,0.364286,1.353324,10.2,0.0,0,0.0,0.0,0,0.0,0.0,0,0.0,0,0,0,0,0,0,0.0,0,0.0,0,0,0,139.0,31.0,11.0,8.0,female,NK
ALC - Poker NK,120238895400210157,OUTCOME_AWARENESS,2026-02-09,19783,15763,1.255028,61,0.308346,0.450656,1.389577,27.49,3.0,0,9.163333,0.0,0,0.0,0.0,0,0.0,0,0,0,0,0,0,0.0,0,0.0,0,0,0,460.0,175.0,91.0,39.0,male,NK
ALC - Poker NK,120238895400210157,OUTCOME_AWARENESS,2026-02-09,65,59,1.101695,0,0.0,0.0,1.384615,0.09,0.0,0,0.0,0.0,0,0.0,0.0,0,0.0,0,0,0,0,0,0,0.0,0,0.0,0,0,0,1.0,,,,unknown,NK
ENG - POKER,120238895417590157,OUTCOME_ENGAGEMENT,2026-02-09,2302,1512,1.522487,67,2.910513,0.299701,8.72285,20.08,0.0,0,0.0,0.0,0,0.0,0.0,0,0.0,0,0,0,0,0,0,0.0,0,0.0,0,0,0,66.0,25.0,18.0,12.0,female,NK
ENG - POKER,120238895417590157,OUTCOME_ENGAGEMENT,2026-02-09,2545,1637,1.554673,42,1.650295,0.541667,8.939096,22.75,1.0,0,22.75,0.0,0,0.0,0.0,0,0.0,0,0,0,0,0,0,0.0,0,0.0,0,0,0,90.0,29.0,16.0,8.0,male,NK
ENG - POKER,120238895417590157,OUTCOME_ENGAGEMENT,2026-02-09,46,28,1.642857,0,0.0,0.0,10.0,0.46,0.0,0,0.0,0.0,0,0.0,0.0,0,0.0,0,0,0,0,0,0,0.0,0,0.0,0,0,0,,,,,unknown,NK
ALC - General Ly,120238922807440157,OUTCOME_AWARENESS,2026-02-09,9523,8596,1.107841,15,0.157513,0.856322,1.348822,12.844835,0.0,0,0.0,0.0,0,0.0,0.0,0,0.0,0,0,0,0,0,0,0.0,0,0.0,0,0,0,77.0,27.0,17.0,9.0,female,NK
ALC - General Ly,120238922807440157,OUTCOME_AWARENESS,2026-02-09,9237,8045,1.148167,8,0.086608,1.490651,1.291026,11.925205,1.0,0,11.925205,0.0,0,0.0,0.0,0,0.0,0,0,0,0,0,0,0.0,0,0.0,0,0,0,57.0,16.0,10.0,7.0,male,NK
ALC - General Ly,120238922807440157,OUTCOME_AWARENESS,2026-02-09,85,72,1.180556,0,0.0,0.0,1.175998,0.09996,0.0,0,0.0,0.0,0,0.0,0.0,0,0.0,0,0,0,0,0,0,0.0,0,0.0,0,0,0,1.0,,,,unknown,NK
ALC - Exposição Telomar,120238922924330157,OUTCOME_AWARENESS,2026-02-09,9089,8963,1.014058,0,0.0,0.0,1.400594,12.73,0.0,0,0.0,0.0,0,0.0,0.0,0,0.0,0,0,0,0,0,0,0.0,0,0.0,0,0,0,71.0,22.0,14.0,9.0,female,NK
ALC - Exposição Telomar,120238922924330157,OUTCOME_AWARENESS,2026-02-09,8897,8706,1.021939,1,0.01124,11.53,1.295942,11.53,0.0,0,0.0,0.0,0,0.0,0.0,0,0.0,0,0,0,0,0,0,0.0,0,0.0,0,0,0,82.0,19.0,9.0,8.0,male,NK
ALC - Exposição Telomar,120238922924330157,OUTCOME_AWARENESS,2026-02-09,73,72,1.013889,0,0.0,0.0,1.232877,0.09,0.0,0,0.0,0.0,0,0.0,0.0,0,0.0,0,0,0,0,0,0,0.0,0,0.0,0,0,0,2.0,,,,unknown,NK
ALC - Legueiros,120238935282320157,OUTCOME_AWARENESS,2026-02-09,24482,22773,1.075045,33,0.134793,0.91303,1.2307,30.13,24.0,0,1.255417,0.0,0,0.0,0.0,0,0.0,0,0,0,0,0,0,0.0,0,0.0,0,0,0,,,,,female,NK
ALC - Legueiros,120238935282320157,OUTCOME_AWARENESS,2026-02-09,28820,25841,1.115282,22,0.076336,1.604545,1.224844,35.3,9.0,0,3.922222,0.0,0,0.0,0.0,0,0.0,0,0,0,0,0,0,0.0,0,0.0,0,0,0,,,,,male,NK
ALC - Legueiros,120238935282320157,OUTCOME_AWARENESS,2026-02-09,212,200,1.06,1,0.471698,0.22,1.037736,0.22,0.0,0,0.0,0.0,0,0.0,0.0,0,0.0,0,0,0,0,0,0,0.0,0,0.0,0,0,0,,,,,unknown,NK
ALC - Gastronomia — AON,120217368581940157,OUTCOME_AWARENESS,2026-03-01,129659,117848,1.100222,97,0.074812,1.517165,1.135016,147.165053,67.0,0,2.196493,0.0,0,0.0,0.0,0,0.0,0,0,0,0,0,0,0.0,0,0.0,0,0,0,780.0,310.0,107.0,66.0,female,NK
ALC - Gastronomia — AON,120217368581940157,OUTCOME_AWARENESS,2026-03-01,125023,109233,1.144553,93,0.074386,1.537257,1.143509,142.964908,58.0,0,2.464912,0.0,0,0.0,0.0,0,0.0,0,0,0,0,0,0,0.0,0,0.0,0,0,0,754.0,296.0,130.0,73.0,male,NK
ALC - Gastronomia — AON,120217368581940157,OUTCOME_AWARENESS,2026-03-01,966,884,1.09276,0,0.0,0.0,1.180165,1.140039,0.0,0,0.0,0.0,0,0.0,0.0,0,0.0,0,0,0,0,0,0,0.0,0,0.0,0,0,0,7.0,3.0,2.0,1.0,unknown,NK
ALC - Cinema - AON,120237502551570157,OUTCOME_AWARENESS,2026-03-01,115581,78670,1.469188,224,0.193803,0.536853,1.04044,120.255114,31.0,0,3.879197,8.0,0,15.031889,0.0,0,0.0,0,0,0,0,0,0,0.0,0,0.0,0,0,0,31335.0,12610.0,7096.0,5190.0,female,NK
ALC - Cinema - AON,120237502551570157,OUTCOME_AWARENESS,2026-03-01,190484,120664,1.578632,273,0.143319,0.720164,1.032132,196.604709,39.0,0,5.041146,12.0,0,16.383726,0.0,0,0.0,0,0,0,0,0,0,0.0,0,0.0,0,0,0,44576.0,18608.0,11006.0,8277.0,male,NK
ALC - Cinema - AON,120237502551570157,OUTCOME_AWARENESS,2026-03-01,1160,767,1.512386,1,0.086207,1.410177,1.21567,1.410177,0.0,0,0.0,0.0,0,0.0,0.0,0,0.0,0,0,0,0,0,0,0.0,0,0.0,0,0,0,274.0,113.0,58.0,43.0,unknown,NK
ALC - Moda Feminina,120238480775560157,OUTCOME_AWARENESS,2026-03-01,45567,31820,1.432024,16,0.035113,3.236875,1.136568,51.79,0.0,0,0.0,0.0,0,0.0,0.0,0,0.0,0,0,0,0,0,0,0.0,0,0.0,0,0,0,841.0,399.0,154.0,90.0,female,NK
ALC - Moda Feminina,120238480775560157,OUTCOME_AWARENESS,2026-03-01,30432,21968,1.385288,8,0.026288,4.21625,1.108373,33.73,0.0,0,0.0,0.0,0,0.0,0.0,0,0.0,0,0,0,0,0,0,0.0,0,0.0,0,0,0,365.0,131.0,37.0,28.0,male,NK
ALC - Moda Feminina,120238480775560157,OUTCOME_AWARENESS,2026-03-01,236,186,1.268817,0,0.0,0.0,0.932203,0.22,0.0,0,0.0,0.0,0,0.0,0.0,0,0.0,0,0,0,0,0,0,0.0,0,0.0,0,0,0,5.0,3.0,,,unknown,NK
ALC - Promoção Meu Méqui,120238882009230157,OUTCOME_AWARENESS,2026-03-01,30552,22660,1.348279,64,0.209479,0.539063,1.129222,34.5,52.0,0,0.663462,0.0,0,0.0,0.0,0,0.0,0,0,0,0,0,0,0.0,0,0.0,0,0,0,,,,,female,NK
ALC - Promoção Meu Méqui,120238882009230157,OUTCOME_AWARENESS,2026-03-01,23892,17267,1.38368,38,0.159049,0.717368,1.140968,27.26,31.0,0,0.879355,0.0,0,0.0,0.0,0,0.0,0,0,0,0,0,0,0.0,0,0.0,0,0,0,,,,,male,NK
ALC - Promoção Meu Méqui,120238882009230157,OUTCOME_AWARENESS,2026-03-01,173,132,1.310606,0,0.0,0.0,0.867052,0.15,0.0,0,0.0,0.0,0,0.0,0.0,0,0.0,0,0,0,0,0,0,0.0,0,0.0,0,0,0,,,,,unknown,NK
ALC - Poker NK,120238895400210157,OUTCOME_AWARENESS,2026-03-01,13009,10490,1.240133,30,0.23061,0.483,1.113844,14.49,1.0,0,14.49,0.0,0,0.0,0.0,0,0.0,0,0,0,0,0,0,0.0,0,0.0,0,0,0,215.0,71.0,30.0,12.0,female,NK
ALC - Poker NK,120238895400210157,OUTCOME_AWARENESS,2026-03-01,19118,15212,1.256771,34,0.177843,0.604118,1.07438,20.54,1.0,0,20.54,0.0,0,0.0,0.0,0,0.0,0,0,0,0,0,0,0.0,0,0.0,0,0,0,409.0,144.0,69.0,35.0,male,NK
ALC - Poker NK,120238895400210157,OUTCOME_AWARENESS,2026-03-01,148,117,1.264957,0,0.0,0.0,0.743243,0.11,0.0,0,0.0,0.0,0,0.0,0.0,0,0.0,0,0,0,0,0,0,0.0,0,0.0,0,0,0,,,,,unknown,NK
ENG - POKER,120238895417590157,OUTCOME_ENGAGEMENT,2026-03-01,3167,2147,1.475082,43,1.357752,0.426258,5.787528,18.329101,1.0,0,18.329101,0.0,0,0.0,0.0,0,0.0,0,0,0,0,0,0,0.0,0,0.0,0,0,0,108.0,41.0,27.0,18.0,female,NK
ENG - POKER,120238895417590157,OUTCOME_ENGAGEMENT,2026-03-01,3678,2285,1.609628,41,1.114736,0.527091,5.875674,21.61073,0.0,0,0.0,0.0,0,0.0,0.0,0,0.0,0,0,0,0,0,0,0.0,0,0.0,0,0,0,93.0,39.0,25.0,15.0,male,NK
ENG - POKER,120238895417590157,OUTCOME_ENGAGEMENT,2026-03-01,60,39,1.538462,1,1.666667,0.340169,5.669482,0.340169,0.0,0,0.0,0.0,0,0.0,0.0,0,0.0,0,0,0,0,0,0,0.0,0,0.0,0,0,0,,,,,unknown,NK
ALC - General Ly,120238922807440157,OUTCOME_AWARENESS,2026-03-01,42969,29103,1.476446,69,0.160581,0.69992,1.123937,48.294451,2.0,0,24.147226,0.0,0,0.0,0.0,0,0.0,0,0,0,0,0,0,0.0,0,0.0,0,0,0,357.0,106.0,67.0,38.0,female,NK
ALC - General Ly,120238922807440157,OUTCOME_AWARENESS,2026-03-01,54581,32922,1.657888,59,0.108096,1.011619,1.093522,59.685501,6.0,0,9.947583,0.0,0,0.0,0.0,0,0.0,0,0,0,0,0,0,0.0,0,0.0,0,0,0,319.0,74.0,45.0,23.0,male,NK
ALC - General Ly,120238922807440157,OUTCOME_AWARENESS,2026-03-01,414,257,1.610895,0,0.0,0.0,1.256154,0.520048,0.0,0,0.0,0.0,0,0.0,0.0,0,0.0,0,0,0,0,0,0,0.0,0,0.0,0,0,0,4.0,2.0,,,unknown,NK
ALC - Exposição Telomar,120238922924330157,OUTCOME_AWARENESS,2026-03-01,37767,26556,1.422164,15,0.039717,2.812667,1.117113,42.19,1.0,0,42.19,0.0,0,0.0,0.0,0,0.0,0,0,0,0,0,0,0.0,0,0.0,0,0,0,379.0,116.0,49.0,37.0,female,NK
ALC - Exposição Telomar,120238922924330157,OUTCOME_AWARENESS,2026-03-01,45564,31873,1.429549,11,0.024142,4.548182,1.098016,50.03,0.0,0,0.0,0.0,0,0.0,0.0,0,0.0,0,0,0,0,0,0,0.0,0,0.0,0,0,0,476.0,150.0,89.0,62.0,male,NK
ALC - Exposição Telomar,120238922924330157,OUTCOME_AWARENESS,2026-03-01,287,213,1.347418,0,0.0,0.0,0.905923,0.26,0.0,0,0.0,0.0,0,0.0,0.0,0,0.0,0,0,0,0,0,0,0.0,0,0.0,0,0,0,3.0,1.0,,,unknown,NK
ALC - Legueiros,120238935282320157,OUTCOME_AWARENESS,2026-03-01,273722,165685,1.652063,274,0.100102,1.190247,1.191456,326.127757,172.0,0,1.896092,0.0,0,0.0,0.0,0,0.0,0,0,0,0,0,0,0.0,0,0.0,0,0,0,,,,,female,NK
ALC - Legueiros,120238935282320157,OUTCOME_AWARENESS,2026-03-01,342264,195856,1.747529,303,0.088528,1.337763,1.184297,405.34207,153.0,0,2.649295,1.0,0,405.34207,0.0,0,0.0,0,0,0,0,0,0,0.0,0,0.0,0,0,0,,,,,male,NK
ALC - Legueiros,120238935282320157,OUTCOME_AWARENESS,2026-03-01,2572,1491,1.725017,1,0.03888,3.170173,1.232571,3.170173,0.0,0,0.0,0.0,0,0.0,0.0,0,0.0,0,0,0,0,0,0,0.0,0,0.0,0,0,0,,,,,unknown,NK
ALC - Semana do Consumidor,120239316518760157,OUTCOME_AWARENESS,2026-03-01,110163,96196,1.145193,78,0.070804,1.934301,1.369566,150.875456,39.0,0,3.868601,0.0,0,0.0,0.0,0,0.0,0,0,0,0,0,0,0.0,0,0.0,0,0,0,538.0,103.0,58.0,43.0,female,NK
ALC - Semana do Consumidor,120239316518760157,OUTCOME_AWARENESS,2026-03-01,91092,80380,1.133267,104,0.11417,1.198313,1.368117,124.624507,37.0,0,3.36823,0.0,0,0.0,0.0,0,0.0,0,0,0,0,0,0,0.0,0,0.0,0,0,0,396.0,87.0,40.0,26.0,male,NK
ALC - Semana do Consumidor,120239316518760157,OUTCOME_AWARENESS,2026-03-01,696,609,1.142857,0,0.0,0.0,1.494307,1.040038,0.0,0,0.0,0.0,0,0.0,0.0,0,0.0,0,0,0,0,0,0,0.0,0,0.0,0,0,0,4.0,,,,unknown,NK
ALC - Páscoa,120239362078700157,OUTCOME_AWARENESS,2026-03-01,2446,2349,1.041294,4,0.163532,0.775,1.267375,3.1,0.0,0,0.0,0.0,0,0.0,0.0,0,0.0,0,0,0,0,0,0,0.0,0,0.0,0,0,0,26.0,8.0,3.0,3.0,female,NK
ALC - Páscoa,120239362078700157,OUTCOME_AWARENESS,2026-03-01,2179,2105,1.035154,1,0.045893,2.75,1.262047,2.75,0.0,0,0.0,0.0,0,0.0,0.0,0,0.0,0,0,0,0,0,0,0.0,0,0.0,0,0,0,10.0,4.0,2.0,1.0,male,NK
ALC - Páscoa,120239362078700157,OUTCOME_AWARENESS,2026-03-01,9,9,1.0,0,0.0,0.0,0.0,0.0,0.0,0,0.0,0.0,0,0.0,0.0,0,0.0,0,0,0,0,0,0,0.0,0,0.0,0,0,0,,,,,unknown,NK
ALC | Moda Feminina,120218457714640075,OUTCOME_AWARENESS,2026-02-09,150253,111837,1.3435,152,0.101163,1.271316,1.286097,193.24,106.0,0,1.823019,13.0,0,14.864615,0.0,0,0.0,0,0,0,0,0,0,0.0,0,0.0,0,0,0,2663.0,1022.0,548.0,383.0,female,NR
ALC | Moda Feminina,120218457714640075,OUTCOME_AWARENESS,2026-02-09,100135,79277,1.263103,75,0.074899,1.686667,1.263295,126.5,57.0,0,2.219298,6.0,0,21.083333,0.0,0,0.0,0,0,0,0,0,0,0.0,0,0.0,0,0,0,1178.0,456.0,228.0,159.0,male,NR
ALC | Moda Feminina,120218457714640075,OUTCOME_AWARENESS,2026-02-09,866,687,1.260553,3,0.34642,0.39,1.351039,1.17,2.0,0,0.585,0.0,0,0.0,0.0,0,0.0,0,0,0,0,0,0,0.0,0,0.0,0,0,0,13.0,6.0,3.0,1.0,unknown,NR
ALC | Moda masculina,120218468471470075,OUTCOME_AWARENESS,2026-02-09,131061,95428,1.373402,136,0.103768,1.223124,1.269217,166.344875,102.0,0,1.630832,0.0,0,0.0,0.0,0,0.0,0,0,0,0,0,0,0.0,0,0.0,0,0,0,4476.0,1551.0,860.0,615.0,female,NR
ALC | Moda masculina,120218468471470075,OUTCOME_AWARENESS,2026-02-09,121111,90742,1.334674,124,0.102385,1.266332,1.296539,157.025162,88.0,0,1.784377,0.0,0,0.0,0.0,0,0.0,0,0,0,0,0,0,0.0,0,0.0,0,0,0,4176.0,1502.0,855.0,576.0,male,NR
ALC | Moda masculina,120218468471470075,OUTCOME_AWARENESS,2026-02-09,892,721,1.237171,0,0.0,0.0,1.33404,1.189963,0.0,0,0.0,0.0,0,0.0,0.0,0,0.0,0,0,0,0,0,0,0.0,0,0.0,0,0,0,18.0,8.0,5.0,4.0,unknown,NR
ALC - Lojas - Inauguração/ Gastronomia,120218470856850075,OUTCOME_AWARENESS,2026-02-09,187879,139729,1.344596,240,0.127742,1.068667,1.365134,256.48,166.0,0,1.54506,2.0,0,128.24,0.0,0,0.0,0,0,0,0,0,0,0.0,0,0.0,0,0,0,2153.0,758.0,391.0,210.0,female,NR
ALC - Lojas - Inauguração/ Gastronomia,120218470856850075,OUTCOME_AWARENESS,2026-02-09,173654,123186,1.409689,171,0.098472,1.403333,1.381886,239.97,122.0,0,1.966967,1.0,0,239.97,0.0,0,0.0,0,0,0,0,0,0,0.0,0,0.0,0,0,0,1624.0,541.0,279.0,167.0,male,NR
ALC - Lojas - Inauguração/ Gastronomia,120218470856850075,OUTCOME_AWARENESS,2026-02-09,1385,1071,1.293184,1,0.072202,1.9,1.371841,1.9,0.0,0,0.0,0.0,0,0.0,0.0,0,0.0,0,0,0,0,0,0,0.0,0,0.0,0,0,0,12.0,2.0,,,unknown,NR
ALC - Wow Park,120238243719230075,OUTCOME_AWARENESS,2026-02-09,211686,128295,1.649994,335,0.158253,0.851147,1.346968,285.134265,233.0,0,1.223752,3.0,0,95.044755,0.0,0,0.0,0,0,0,0,0,0,0.0,0,0.0,0,0,0,1034.0,288.0,146.0,96.0,female,NR
ALC - Wow Park,120238243719230075,OUTCOME_AWARENESS,2026-02-09,155009,100834,1.537269,208,0.134186,1.011662,1.357507,210.425768,148.0,0,1.421796,0.0,0,0.0,0.0,0,0.0,0,0,0,0,0,0,0.0,0,0.0,0,0,0,835.0,234.0,125.0,86.0,male,NR
ALC - Wow Park,120238243719230075,OUTCOME_AWARENESS,2026-02-09,1271,876,1.450913,2,0.157356,0.829983,1.306032,1.659967,2.0,0,0.829983,0.0,0,0.0,0.0,0,0.0,0,0,0,0,0,0,0.0,0,0.0,0,0,0,3.0,1.0,1.0,,unknown,NR
ALC - PISTA DE PATINAÇAO,120238346134830075,OUTCOME_AWARENESS,2026-02-09,442470,177388,2.494363,562,0.127014,0.995284,1.264153,559.349607,315.0,0,1.775713,1.0,0,559.349607,0.0,0,0.0,0,0,0,0,0,0,0.0,0,0.0,0,0,0,4606.0,2298.0,878.0,509.0,female,NR
ALC - PISTA DE PATINAÇAO,120238346134830075,OUTCOME_AWARENESS,2026-02-09,407978,175392,2.326092,384,0.094123,1.336251,1.257716,513.120466,243.0,0,2.111607,2.0,0,256.560233,0.0,0,0.0,0,0,0,0,0,0,0.0,0,0.0,0,0,0,3860.0,1750.0,654.0,396.0,male,NR
ALC - PISTA DE PATINAÇAO,120238346134830075,OUTCOME_AWARENESS,2026-02-09,3308,1554,2.1287,2,0.060459,1.969963,1.19103,3.939927,1.0,0,3.939927,0.0,0,0.0,0.0,0,0.0,0,0,0,0,0,0,0.0,0,0.0,0,0,0,32.0,12.0,4.0,3.0,unknown,NR
ALC - Inauguração Freddo Gelateria,120238539202460075,OUTCOME_AWARENESS,2026-02-09,177960,96771,1.838981,319,0.179254,0.660847,1.184594,210.810328,106.0,0,1.988777,0.0,0,0.0,0.0,0,0.0,0,0,0,0,0,0,0.0,0,0.0,0,0,0,1809.0,460.0,284.0,211.0,female,NR
ALC - Inauguração Freddo Gelateria,120238539202460075,OUTCOME_AWARENESS,2026-02-09,186748,95291,1.959765,264,0.141367,0.845189,1.194817,223.129763,94.0,0,2.373721,0.0,0,0.0,0.0,0,0.0,0,0,0,0,0,0,0.0,0,0.0,0,0,0,2014.0,489.0,266.0,172.0,male,NR
ALC - Inauguração Freddo Gelateria,120238539202460075,OUTCOME_AWARENESS,2026-02-09,1559,846,1.84279,2,0.128287,0.989955,1.269987,1.979909,1.0,0,1.979909,0.0,0,0.0,0.0,0,0.0,0,0,0,0,0,0,0.0,0,0.0,0,0,0,21.0,4.0,3.0,,unknown,NR
ALC - Dragões,120238712803660075,OUTCOME_AWARENESS,2026-02-09,226107,134412,1.682194,555,0.245459,0.506658,1.243637,281.195067,121.0,0,2.323926,58.0,0,4.848191,0.0,0,0.0,0,0,0,0,0,0,0.0,0,0.0,0,0,0,2484.0,932.0,421.0,243.0,female,NR
ALC - Dragões,120238712803660075,OUTCOME_AWARENESS,2026-02-09,218225,127371,1.713302,401,0.183755,0.677518,1.244976,271.684895,62.0,0,4.382014,28.0,0,9.703032,0.0,0,0.0,0,0,0,0,0,0,0.0,0,0.0,0,0,0,2121.0,744.0,361.0,189.0,male,NR
ALC - Dragões,120238712803660075,OUTCOME_AWARENESS,2026-02-09,1673,1034,1.617988,11,0.657501,0.190003,1.249275,2.090038,2.0,0,1.045019,2.0,0,1.045019,0.0,0,0.0,0,0,0,0,0,0,0.0,0,0.0,0,0,0,24.0,10.0,6.0,4.0,unknown,NR
ALC - Bailinho de Carnaval,120238985339690075,OUTCOME_AWARENESS,2026-02-09,97277,78543,1.238519,127,0.130555,1.058301,1.381664,134.404168,91.0,0,1.476969,28.0,0,4.800149,0.0,0,0.0,0,0,0,0,0,0,0.0,0,0.0,0,0,0,649.0,270.0,62.0,43.0,female,NR
ALC - Bailinho de Carnaval,120238985339690075,OUTCOME_AWARENESS,2026-02-09,69963,57025,1.226883,62,0.088618,1.535901,1.361089,95.225868,51.0,0,1.867174,15.0,0,6.348391,0.0,0,0.0,0,0,0,0,0,0,0.0,0,0.0,0,0,0,391.0,149.0,41.0,20.0,male,NR
ALC - Bailinho de Carnaval,120238985339690075,OUTCOME_AWARENESS,2026-02-09,619,515,1.201942,1,0.161551,0.829964,1.340814,0.829964,1.0,0,0.829964,0.0,0,0.0,0.0,0,0.0,0,0,0,0,0,0,0.0,0,0.0,0,0,0,3.0,,,,unknown,NR
ALC - Semana do Cinema Jan 25,120238985527080075,OUTCOME_AWARENESS,2026-02-09,32172,30428,1.057316,80,0.248663,0.517436,1.286675,41.394895,60.0,0,0.689915,28.0,0,1.478389,0.0,0,0.0,0,0,0,0,0,0,0.0,0,0.0,0,0,0,,,,,female,NR
ALC - Semana do Cinema Jan 25,120238985527080075,OUTCOME_AWARENESS,2026-02-09,30873,29957,1.030577,52,0.168432,0.756061,1.273448,39.315151,44.0,0,0.893526,14.0,0,2.808225,0.0,0,0.0,0,0,0,0,0,0,0.0,0,0.0,0,0,0,,,,,male,NR
ALC - Semana do Cinema Jan 25,120238985527080075,OUTCOME_AWARENESS,2026-02-09,311,302,1.029801,0,0.0,0.0,1.189564,0.369954,0.0,0,0.0,0.0,0,0.0,0.0,0,0.0,0,0,0,0,0,0,0.0,0,0.0,0,0,0,,,,,unknown,NR
ALC - Brasileirisse,120239236381150075,OUTCOME_AWARENESS,2026-02-09,89424,52870,1.691394,112,0.125246,0.986786,1.23591,110.52,72.0,0,1.535,28.0,0,3.947143,0.0,0,0.0,0,0,0,0,0,0,0.0,0,0.0,0,0,0,647.0,185.0,99.0,56.0,female,NR
ALC - Brasileirisse,120239236381150075,OUTCOME_AWARENESS,2026-02-09,71156,42443,1.676507,79,0.111024,1.122658,1.246416,88.69,60.0,0,1.478167,22.0,0,4.031364,0.0,0,0.0,0,0,0,0,0,0,0.0,0,0.0,0,0,0,548.0,191.0,91.0,50.0,male,NR
ALC - Brasileirisse,120239236381150075,OUTCOME_AWARENESS,2026-02-09,572,369,1.550136,0,0.0,0.0,1.381119,0.79,0.0,0,0.0,0.0,0,0.0,0.0,0,0.0,0,0,0,0,0,0,0.0,0,0.0,0,0,0,2.0,,,,unknown,NR
ALC - Feira de adoção pet,120239353688880075,OUTCOME_AWARENESS,2026-02-09,20622,15594,1.322432,19,0.092135,1.272632,1.172534,24.18,14.0,0,1.727143,0.0,0,0.0,0.0,0,0.0,0,0,0,0,0,0,0.0,0,0.0,0,0,0,,,,,female,NR
ALC - Feira de adoção pet,120239353688880075,OUTCOME_AWARENESS,2026-02-09,20269,16326,1.241517,23,0.113474,1.043478,1.184074,24.0,12.0,0,2.0,0.0,0,0.0,0.0,0,0.0,0,0,0,0,0,0,0.0,0,0.0,0,0,0,,,,,male,NR
ALC - Feira de adoção pet,120239353688880075,OUTCOME_AWARENESS,2026-02-09,182,143,1.272727,1,0.549451,0.19,1.043956,0.19,0.0,0,0.0,0.0,0,0.0,0.0,0,0.0,0,0,0,0,0,0,0.0,0,0.0,0,0,0,,,,,unknown,NR
ALC - Oficina de RPG,120239356883300075,OUTCOME_AWARENESS,2026-02-09,76227,58393,1.305413,105,0.137746,0.969238,1.335091,101.77,85.0,0,1.197294,0.0,0,0.0,0.0,0,0.0,0,0,0,0,0,0,0.0,0,0.0,0,0,0,,,,,female,NR
ALC - Oficina de RPG,120239356883300075,OUTCOME_AWARENESS,2026-02-09,70894,52850,1.341419,103,0.145287,0.945631,1.373882,97.4,78.0,0,1.248718,0.0,0,0.0,0.0,0,0.0,0,0,0,0,0,0,0.0,0,0.0,0,0,0,,,,,male,NR
ALC - Oficina de RPG,120239356883300075,OUTCOME_AWARENESS,2026-02-09,502,387,1.297158,1,0.199203,0.7,1.394422,0.7,1.0,0,0.7,0.0,0,0.0,0.0,0,0.0,0,0,0,0,0,0,0.0,0,0.0,0,0,0,,,,,unknown,NR
ALC - Aventura Congelante,120239402846960075,OUTCOME_AWARENESS,2026-02-09,96244,60606,1.588028,217,0.225469,0.501705,1.131187,108.87,98.0,0,1.110918,1.0,0,108.87,0.0,0,0.0,0,0,0,0,0,0,0.0,0,0.0,0,0,0,8551.0,3217.0,1529.0,928.0,female,NR
ALC - Aventura Congelante,120239402846960075,OUTCOME_AWARENESS,2026-02-09,124647,72823,1.711643,176,0.141199,0.792898,1.119562,139.55,60.0,0,2.325833,0.0,0,0.0,0.0,0,0.0,0,0,0,0,0,0,0.0,0,0.0,0,0,0,14556.0,5273.0,2395.0,1405.0,male,NR
ALC - Aventura Congelante,120239402846960075,OUTCOME_AWARENESS,2026-02-09,1083,661,1.638427,2,0.184672,0.57,1.052632,1.14,2.0,0,0.57,0.0,0,0.0,0.0,0,0.0,0,0,0,0,0,0,0.0,0,0.0,0,0,0,137.0,56.0,30.0,22.0,unknown,NR
ALC - Encerramento Carnval,120239714623330075,OUTCOME_AWARENESS,2026-02-09,51769,37670,1.374277,10,0.019317,6.057,1.170005,60.57,0.0,0,0.0,0.0,0,0.0,0.0,0,0.0,0,0,0,0,0,0,0.0,0,0.0,0,0,0,377.0,60.0,38.0,18.0,female,NR
ALC - Encerramento Carnval,120239714623330075,OUTCOME_AWARENESS,2026-02-09,40710,30676,1.327096,8,0.019651,6.0775,1.194301,48.62,0.0,0,0.0,0.0,0,0.0,0.0,0,0.0,0,0,0,0,0,0,0.0,0,0.0,0,0,0,263.0,56.0,26.0,17.0,male,NR
ALC - Encerramento Carnval,120239714623330075,OUTCOME_AWARENESS,2026-02-09,318,256,1.242188,0,0.0,0.0,0.81761,0.26,0.0,0,0.0,0.0,0,0.0,0.0,0,0.0,0,0,0,0,0,0,0.0,0,0.0,0,0,0,1.0,,,,unknown,NR
ALC - Volksfriends,120239716062130075,OUTCOME_AWARENESS,2026-02-09,118945,81416,1.460954,177,0.148808,0.808249,1.202741,143.06,123.0,0,1.163089,0.0,0,0.0,0.0,0,0.0,0,0,0,0,0,0,0.0,0,0.0,0,0,0,,,,,female,NR
ALC - Volksfriends,120239716062130075,OUTCOME_AWARENESS,2026-02-09,128842,89600,1.437969,179,0.13893,0.871508,1.210785,156.0,130.0,0,1.2,0.0,0,0.0,0.0,0,0.0,0,0,0,0,0,0,0.0,0,0.0,0,0,0,,,,,male,NR
ALC - Volksfriends,120239716062130075,OUTCOME_AWARENESS,2026-02-09,883,611,1.445172,2,0.226501,0.455,1.030578,0.91,1.0,0,0.91,0.0,0,0.0,0.0,0,0.0,0,0,0,0,0,0,0.0,0,0.0,0,0,0,,,,,unknown,NR
ALC - Norte Cafe,120239888343150075,OUTCOME_AWARENESS,2026-02-09,29040,21636,1.342207,21,0.072314,1.764762,1.276171,37.06,17.0,0,2.18,0.0,0,0.0,0.0,0,0.0,0,0,0,0,0,0,0.0,0,0.0,0,0,0,463.0,217.0,61.0,37.0,female,NR
ALC - Norte Cafe,120239888343150075,OUTCOME_AWARENESS,2026-02-09,32351,24121,1.341196,19,0.058731,2.237368,1.314024,42.51,10.0,0,4.251,0.0,0,0.0,0.0,0,0.0,0,0,0,0,0,0,0.0,0,0.0,0,0,0,490.0,219.0,71.0,51.0,male,NR
ALC - Norte Cafe,120239888343150075,OUTCOME_AWARENESS,2026-02-09,261,196,1.331633,0,0.0,0.0,1.570881,0.41,0.0,0,0.0,0.0,0,0.0,0.0,0,0.0,0,0,0,0,0,0,0.0,0,0.0,0,0,0,3.0,1.0,1.0,,unknown,NR
ALC - Filme Todo mundo em Panico,120239890360550075,OUTCOME_AWARENESS,2026-02-09,3,3,1.0,0,0.0,0.0,0.0,0.0,0.0,0,0.0,0.0,0,0.0,0.0,0,0.0,0,0,0,0,0,0,0.0,0,0.0,0,0,0,,,,,female,NR
ALC - Filme Todo mundo em Panico,120239890360550075,OUTCOME_AWARENESS,2026-02-09,1,1,1.0,0,0.0,0.0,0.0,0.0,0.0,0,0.0,0.0,0,0.0,0.0,0,0.0,0,0,0,0,0,0,0.0,0,0.0,0,0,0,,,,,male,NR
ALC - Todo mundo em panico,120239954131620075,OUTCOME_AWARENESS,2026-02-09,38109,29276,1.301715,12,0.031489,4.4325,1.395733,53.19,5.0,0,10.638,2.0,0,26.595,0.0,0,0.0,0,0,0,0,0,0,0.0,0,0.0,0,0,0,421.0,209.0,75.0,58.0,female,NR
ALC - Todo mundo em panico,120239954131620075,OUTCOME_AWARENESS,2026-02-09,38498,28809,1.336319,24,0.062341,2.27625,1.419035,54.63,6.0,0,9.105,2.0,0,27.315,0.0,0,0.0,0,0,0,0,0,0,0.0,0,0.0,0,0,0,547.0,242.0,110.0,75.0,male,NR
ALC - Todo mundo em panico,120239954131620075,OUTCOME_AWARENESS,2026-02-09,267,221,1.208145,0,0.0,0.0,1.722846,0.46,0.0,0,0.0,0.0,0,0.0,0.0,0,0.0,0,0,0,0,0,0,0.0,0,0.0,0,0,0,9.0,5.0,3.0,2.0,unknown,NR
ALC- Massinha Play-Doh,120240047519830075,OUTCOME_AWARENESS,2026-02-09,34921,34921,1.0,8,0.022909,6.66875,1.527734,53.35,0.0,0,0.0,0.0,0,0.0,0.0,0,0.0,0,0,0,0,0,0,0.0,0,0.0,0,0,0,846.0,327.0,201.0,94.0,female,NR
ALC- Massinha Play-Doh,120240047519830075,OUTCOME_AWARENESS,2026-02-09,29324,27805,1.05463,10,0.034102,4.628,1.578229,46.28,0.0,0,0.0,0.0,0,0.0,0.0,0,0.0,0,0,0,0,0,0,0.0,0,0.0,0,0,0,667.0,261.0,157.0,84.0,male,NR
ALC- Massinha Play-Doh,120240047519830075,OUTCOME_AWARENESS,2026-02-09,209,205,1.019512,0,0.0,0.0,1.770335,0.37,0.0,0,0.0,0.0,0,0.0,0.0,0,0.0,0,0,0,0,0,0,0.0,0,0.0,0,0,0,2.0,1.0,1.0,,unknown,NR
ALC | Moda Feminina,120218457714640075,OUTCOME_AWARENESS,2026-03-01,170432,145785,1.169064,207,0.121456,1.044493,1.2686,216.21,116.0,0,1.863879,26.0,0,8.315769,1.0,0,216.21,0,0,0,0,0,0,7.0,0,30.887143,0,0,0,5551.0,2222.0,1217.0,826.0,female,NR
ALC | Moda Feminina,120218457714640075,OUTCOME_AWARENESS,2026-03-01,124847,107395,1.162503,138,0.110535,1.147319,1.268192,158.33,74.0,0,2.139595,13.0,0,12.179231,0.0,0,0.0,0,0,0,0,0,0,6.0,0,26.388333,0,0,0,3611.0,1298.0,580.0,369.0,male,NR
ALC | Moda Feminina,120218457714640075,OUTCOME_AWARENESS,2026-03-01,996,929,1.072121,0,0.0,0.0,1.134538,1.13,0.0,0,0.0,0.0,0,0.0,0.0,0,0.0,0,0,0,0,0,0,0.0,0,0.0,0,0,0,32.0,10.0,7.0,3.0,unknown,NR
ALC | Moda masculina,120218468471470075,OUTCOME_AWARENESS,2026-03-01,129055,115098,1.121262,126,0.097633,1.304683,1.273798,164.39,89.0,0,1.847079,0.0,0,0.0,0.0,0,0.0,0,0,0,0,0,0,0.0,0,0.0,0,0,0,6359.0,2267.0,1228.0,837.0,female,NR
ALC | Moda masculina,120218468471470075,OUTCOME_AWARENESS,2026-03-01,119515,106079,1.12666,112,0.093712,1.351696,1.266703,151.39,80.0,0,1.892375,0.0,0,0.0,0.0,0,0.0,0,0,0,0,0,0,0.0,0,0.0,0,0,0,6591.0,2414.0,1349.0,911.0,male,NR
ALC | Moda masculina,120218468471470075,OUTCOME_AWARENESS,2026-03-01,874,806,1.084367,1,0.114416,1.1,1.258581,1.1,0.0,0,0.0,0.0,0,0.0,0.0,0,0.0,0,0,0,0,0,0,0.0,0,0.0,0,0,0,33.0,14.0,12.0,7.0,unknown,NR
ALC - Lojas - Inauguração/ Gastronomia,120218470856850075,OUTCOME_AWARENESS,2026-03-01,241614,207795,1.162752,269,0.111335,1.199405,1.335353,322.64,195.0,0,1.654564,0.0,0,0.0,0.0,0,0.0,0,0,0,0,0,0,1.0,0,322.64,0,0,0,1847.0,498.0,264.0,167.0,female,NR
ALC - Lojas - Inauguração/ Gastronomia,120218470856850075,OUTCOME_AWARENESS,2026-03-01,218830,187017,1.170108,205,0.09368,1.442927,1.351734,295.8,146.0,0,2.026027,0.0,0,0.0,0.0,0,0.0,0,0,0,0,0,0,1.0,0,295.8,0,0,0,1598.0,447.0,233.0,144.0,male,NR
ALC - Lojas - Inauguração/ Gastronomia,120218470856850075,OUTCOME_AWARENESS,2026-03-01,1788,1604,1.114713,3,0.167785,0.783333,1.314318,2.35,1.0,0,2.35,0.0,0,0.0,0.0,0,0.0,0,0,0,0,0,0,0.0,0,0.0,0,0,0,12.0,2.0,1.0,,unknown,NR
ALC - Wow Park,120238243719230075,OUTCOME_AWARENESS,2026-03-01,45611,42927,1.062525,76,0.166626,0.761579,1.268992,57.88,52.0,0,1.113077,0.0,0,0.0,0.0,0,0.0,0,0,0,0,0,0,0.0,0,0.0,0,0,0,437.0,113.0,49.0,25.0,female,NR
ALC - Wow Park,120238243719230075,OUTCOME_AWARENESS,2026-03-01,39764,37642,1.056373,50,0.125742,1.013,1.273765,50.65,32.0,0,1.582813,0.0,0,0.0,0.0,0,0.0,0,0,0,0,0,0,0.0,0,0.0,0,0,0,414.0,102.0,57.0,34.0,male,NR
ALC - Wow Park,120238243719230075,OUTCOME_AWARENESS,2026-03-01,285,285,1.0,0,0.0,0.0,1.473684,0.42,0.0,0,0.0,0.0,0,0.0,0.0,0,0.0,0,0,0,0,0,0,0.0,0,0.0,0,0,0,2.0,1.0,1.0,1.0,unknown,NR
ALC - PISTA DE PATINAÇAO,120238346134830075,OUTCOME_AWARENESS,2026-03-01,99224,81030,1.224534,127,0.127993,0.928976,1.189027,117.98,83.0,0,1.421446,0.0,0,0.0,0.0,0,0.0,0,0,0,0,0,0,0.0,0,0.0,0,0,0,1756.0,801.0,273.0,174.0,female,NR
ALC - PISTA DE PATINAÇAO,120238346134830075,OUTCOME_AWARENESS,2026-03-01,88353,70156,1.259379,94,0.106391,1.117128,1.188528,105.01,72.0,0,1.458472,0.0,0,0.0,0.0,0,0.0,0,0,0,0,0,0,0.0,0,0.0,0,0,0,1416.0,596.0,206.0,119.0,male,NR
ALC - PISTA DE PATINAÇAO,120238346134830075,OUTCOME_AWARENESS,2026-03-01,645,520,1.240385,0,0.0,0.0,1.224806,0.79,0.0,0,0.0,0.0,0,0.0,0.0,0,0.0,0,0,0,0,0,0,0.0,0,0.0,0,0,0,14.0,4.0,2.0,1.0,unknown,NR
ALC - Todo mundo em panico,120239954131620075,OUTCOME_AWARENESS,2026-03-01,260680,167036,1.560622,365,0.140018,1.029233,1.441116,375.67,206.0,0,1.823641,150.0,0,2.504467,0.0,0,0.0,0,0,0,0,0,0,0.0,0,0.0,0,0,0,4119.0,1606.0,967.0,652.0,female,NR
ALC - Todo mundo em panico,120239954131620075,OUTCOME_AWARENESS,2026-03-01,317503,191188,1.660685,354,0.111495,1.287712,1.435734,455.85,207.0,0,2.202174,127.0,0,3.58937,0.0,0,0.0,0,0,0,0,0,0,0.0,0,0.0,0,0,0,6670.0,2661.0,1621.0,988.0,male,NR
ALC - Todo mundo em panico,120239954131620075,OUTCOME_AWARENESS,2026-03-01,2285,1485,1.538721,3,0.131291,1.116667,1.466083,3.35,3.0,0,1.116667,1.0,0,3.35,0.0,0,0.0,0,0,0,0,0,0,0.0,0,0.0,0,0,0,33.0,9.0,6.0,5.0,unknown,NR
ALC - Coelho Flock,120240253340710075,OUTCOME_AWARENESS,2026-03-01,125122,79060,1.582621,149,0.119084,1.093423,1.302089,162.92,125.0,0,1.30336,1.0,0,162.92,0.0,0,0.0,0,0,0,0,0,0,0.0,0,0.0,0,0,0,,,,,female,NR
ALC - Coelho Flock,120240253340710075,OUTCOME_AWARENESS,2026-03-01,98649,64899,1.520039,105,0.106438,1.205143,1.28273,126.54,88.0,0,1.437955,0.0,0,0.0,0.0,0,0.0,0,0,0,0,0,0,0.0,0,0.0,0,0,0,,,,,male,NR
ALC - Coelho Flock,120240253340710075,OUTCOME_AWARENESS,2026-03-01,919,607,1.514003,1,0.108814,1.35,1.468988,1.35,1.0,0,1.35,0.0,0,0.0,0.0,0,0.0,0,0,0,0,0,0,0.0,0,0.0,0,0,0,,,,,unknown,NR
ALC - Pet Day - Corrida Pet,120240504098140075,OUTCOME_AWARENESS,2026-03-01,44653,42382,1.053584,68,0.152285,0.895441,1.363626,60.89,60.0,0,1.014833,1.0,0,60.89,0.0,0,0.0,0,0,0,0,0,0,0.0,0,0.0,0,0,0,,,,,female,NR
ALC - Pet Day - Corrida Pet,120240504098140075,OUTCOME_AWARENESS,2026-03-01,39225,37513,1.045638,62,0.158062,0.841774,1.330529,52.19,48.0,0,1.087292,0.0,0,0.0,0.0,0,0.0,0,0,0,0,0,0,1.0,0,52.19,0,0,0,,,,,male,NR
ALC - Pet Day - Corrida Pet,120240504098140075,OUTCOME_AWARENESS,2026-03-01,330,308,1.071429,0,0.0,0.0,1.393939,0.46,0.0,0,0.0,0.0,0,0.0,0.0,0,0.0,0,0,0,0,0,0,0.0,0,0.0,0,0,0,,,,,unknown,NR
ALC - Pokemon,120240557522400075,OUTCOME_AWARENESS,2026-03-01,5355,5355,1.0,8,0.149393,0.94625,1.413632,7.57,4.0,0,1.8925,0.0,0,0.0,0.0,0,0.0,0,0,0,0,0,0,0.0,0,0.0,0,0,0,73.0,42.0,14.0,10.0,female,NR
ALC - Pokemon,120240557522400075,OUTCOME_AWARENESS,2026-03-01,5366,5300,1.012453,4,0.074543,2.03,1.513231,8.12,4.0,0,2.03,0.0,0,0.0,0.0,0,0.0,0,0,0,0,0,0,0.0,0,0.0,0,0,0,96.0,41.0,7.0,6.0,male,NR
ALC - Pokemon,120240557522400075,OUTCOME_AWARENESS,2026-03-01,35,34,1.029412,0,0.0,0.0,1.714286,0.06,0.0,0,0.0,0.0,0,0.0,0.0,0,0.0,0,0,0,0,0,0,0.0,0,0.0,0,0,0,,,,,unknown,NR
ALC - Páscoa Cacau Show,120240557649330075,OUTCOME_AWARENESS,2026-03-01,2357,2294,1.027463,3,0.12728,1.043333,1.327959,3.13,0.0,0,0.0,0.0,0,0.0,0.0,0,0.0,0,0,0,0,0,0,0.0,0,0.0,0,0,0,80.0,26.0,20.0,10.0,female,NR
ALC - Páscoa Cacau Show,120240557649330075,OUTCOME_AWARENESS,2026-03-01,1798,1798,1.0,1,0.055617,2.23,1.240267,2.23,0.0,0,0.0,0.0,0,0.0,0.0,0,0.0,0,0,0,0,0,0,0.0,0,0.0,0,0,0,21.0,9.0,5.0,2.0,male,NR
ALC - Páscoa Cacau Show,120240557649330075,OUTCOME_AWARENESS,2026-03-01,13,13,1.0,0,0.0,0.0,0.769231,0.01,0.0,0,0.0,0.0,0,0.0,0.0,0,0.0,0,0,0,0,0,0,0.0,0,0.0,0,0,0,,,,,unknown,NR
ALC - MODA,120242232300500260,OUTCOME_AWARENESS,2026-02-09,294329,193985,1.517277,332,0.112799,1.088312,1.227605,361.319615,213.0,0,1.696336,0.0,0,0.0,0.0,0,0.0,0,0,0,0,0,0,0.0,0,0.0,0,0,0,443.0,161.0,91.0,65.0,female,GS
ALC - MODA,120242232300500260,OUTCOME_AWARENESS,2026-02-09,269929,175426,1.538706,263,0.097433,1.261371,1.228992,331.740465,175.0,0,1.89566,0.0,0,0.0,0.0,0,0.0,0,0,0,0,0,0,0.0,0,0.0,0,0,0,417.0,144.0,87.0,55.0,male,GS
ALC - MODA,120242232300500260,OUTCOME_AWARENESS,2026-02-09,2215,1560,1.419872,3,0.13544,0.92664,1.255043,2.77992,3.0,0,0.92664,0.0,0,0.0,0.0,0,0.0,0,0,0,0,0,0,0.0,0,0.0,0,0,0,1.0,1.0,1.0,1.0,unknown,GS
ALC - CORRIDA SHOPPING,120243392123360260,OUTCOME_AWARENESS,2026-02-09,215434,126369,1.704801,273,0.126721,0.940677,1.192034,256.804718,194.0,0,1.323736,0.0,0,0.0,0.0,0,0.0,0,0,0,0,0,0,0.0,0,0.0,0,0,0,2148.0,587.0,307.0,153.0,female,GS
ALC - CORRIDA SHOPPING,120243392123360260,OUTCOME_AWARENESS,2026-02-09,189854,106121,1.789033,185,0.097443,1.229704,1.198265,227.495321,133.0,0,1.710491,0.0,0,0.0,0.0,0,0.0,0,0,0,0,0,0,0.0,0,0.0,0,0,0,2292.0,750.0,389.0,183.0,male,GS
ALC - CORRIDA SHOPPING,120243392123360260,OUTCOME_AWARENESS,2026-02-09,1575,906,1.738411,3,0.190476,0.623321,1.187277,1.869962,2.0,0,0.934981,0.0,0,0.0,0.0,0,0.0,0,0,0,0,0,0,0.0,0,0.0,0,0,0,23.0,10.0,7.0,3.0,unknown,GS
ALC - Exposição Legueiros,120243666484080260,OUTCOME_AWARENESS,2026-02-09,0,0,0.0,0,0.0,0.0,0.0,0.0,0.0,0,0.0,0.0,0,0.0,0.0,0,0.0,0,0,0,0,0,0,0.0,0,0.0,0,0,0,,,,,male,GS
ALC - Bailinho de carnaval e carnapet,120244043225990260,OUTCOME_AWARENESS,2026-02-09,0,0,0.0,0,0.0,0.0,0.0,0.0,0.0,0,0.0,0.0,0,0.0,0.0,0,0.0,0,0,0,0,0,0,0.0,0,0.0,0,0,0,,,,,male,GS
ALC - Semana do Cinema,120244043525950260,OUTCOME_AWARENESS,2026-02-09,74870,66335,1.128665,178,0.237745,0.549411,1.3062,97.795185,126.0,0,0.776152,2.0,0,48.897592,0.0,0,0.0,0,0,0,0,0,0,0.0,0,0.0,0,0,0,1291.0,526.0,302.0,230.0,female,GS
ALC - Semana do Cinema,120244043525950260,OUTCOME_AWARENESS,2026-02-09,78163,67707,1.15443,119,0.152246,0.877436,1.33586,104.414859,81.0,0,1.289072,1.0,0,104.414859,0.0,0,0.0,0,0,0,0,0,0,0.0,0,0.0,0,0,0,1470.0,574.0,282.0,201.0,male,GS
ALC - Semana do Cinema,120244043525950260,OUTCOME_AWARENESS,2026-02-09,691,599,1.153589,1,0.144718,0.889956,1.287925,0.889956,1.0,0,0.889956,0.0,0,0.0,0.0,0,0.0,0,0,0,0,0,0,0.0,0,0.0,0,0,0,25.0,8.0,6.0,4.0,unknown,GS
ALC - Retail Experience,120244288353810260,OUTCOME_AWARENESS,2026-02-09,38328,21935,1.747344,42,0.10958,1.017857,1.115373,42.75,32.0,0,1.335938,1.0,0,42.75,0.0,0,0.0,0,0,0,0,0,0,0.0,0,0.0,0,0,0,,,,,female,GS
ALC - Retail Experience,120244288353810260,OUTCOME_AWARENESS,2026-02-09,34712,21286,1.630743,44,0.126757,0.872955,1.106534,38.41,36.0,0,1.066944,0.0,0,0.0,0.0,0,0.0,0,0,0,0,0,0,0.0,0,0.0,0,0,0,,,,,male,GS
ALC - Retail Experience,120244288353810260,OUTCOME_AWARENESS,2026-02-09,295,171,1.725146,1,0.338983,0.34,1.152542,0.34,1.0,0,0.34,0.0,0,0.0,0.0,0,0.0,0,0,0,0,0,0,0.0,0,0.0,0,0,0,,,,,unknown,GS
ALC - Heroinas do Kpop,120244790251900260,OUTCOME_AWARENESS,2026-02-09,194796,128256,1.518806,412,0.211503,0.666792,1.410287,274.718256,322.0,0,0.853162,155.0,0,1.772376,0.0,0,0.0,0,0,0,0,0,0,0.0,0,0.0,0,0,0,,,,,female,GS
ALC - Heroinas do Kpop,120244790251900260,OUTCOME_AWARENESS,2026-02-09,137845,90317,1.526235,288,0.20893,0.663791,1.386861,191.171828,245.0,0,0.780293,80.0,0,2.389648,0.0,0,0.0,0,0,0,0,0,0,0.0,0,0.0,0,0,0,,,,,male,GS
ALC - Heroinas do Kpop,120244790251900260,OUTCOME_AWARENESS,2026-02-09,1248,852,1.464789,3,0.240385,0.656639,1.578458,1.969916,2.0,0,0.984958,1.0,0,1.969916,0.0,0,0.0,0,0,0,0,0,0,0.0,0,0.0,0,0,0,,,,,unknown,GS
ALC - Benefícios AJFans,120244790529090260,OUTCOME_AWARENESS,2026-02-09,89098,56052,1.58956,78,0.087544,1.503846,1.316528,117.3,61.0,0,1.922951,0.0,0,0.0,0.0,0,0.0,0,0,0,0,0,0,0.0,0,0.0,0,0,0,498.0,298.0,138.0,38.0,female,GS
ALC - Benefícios AJFans,120244790529090260,OUTCOME_AWARENESS,2026-02-09,83615,55101,1.517486,60,0.071757,1.825167,1.309693,109.51,48.0,0,2.281458,0.0,0,0.0,0.0,0,0.0,0,0,0,0,0,0,0.0,0,0.0,0,0,0,624.0,341.0,140.0,67.0,male,GS
ALC - Benefícios AJFans,120244790529090260,OUTCOME_AWARENESS,2026-02-09,807,538,1.5,0,0.0,0.0,1.214374,0.98,0.0,0,0.0,0.0,0,0.0,0.0,0,0.0,0,0,0,0,0,0,0.0,0,0.0,0,0,0,7.0,2.0,2.0,1.0,unknown,GS
ALC - Aniversário Joinville - Atlantida,120245006540330260,OUTCOME_AWARENESS,2026-02-09,245446,229349,1.070186,567,0.231008,0.900988,2.081354,510.86,5.0,0,102.172,0.0,0,0.0,0.0,0,0.0,0,0,0,0,0,0,0.0,0,0.0,0,0,0,4164.0,1068.0,604.0,371.0,female,GS
ALC - Aniversário Joinville - Atlantida,120245006540330260,OUTCOME_AWARENESS,2026-02-09,232845,197169,1.180941,601,0.258112,0.804359,2.076145,483.42,6.0,0,80.57,0.0,0,0.0,0.0,0,0.0,0,0,0,0,0,0,0.0,0,0.0,0,0,0,5807.0,1797.0,985.0,623.0,male,GS
ALC - Aniversário Joinville - Atlantida,120245006540330260,OUTCOME_AWARENESS,2026-02-09,1989,1806,1.101329,4,0.201106,1.0875,2.187029,4.35,0.0,0,0.0,0.0,0,0.0,0.0,0,0.0,0,0,0,0,0,0,0.0,0,0.0,0,0,0,31.0,9.0,4.0,2.0,unknown,GS
ALC - MODA,120242232300500260,OUTCOME_AWARENESS,2026-03-01,43332,41367,1.047502,49,0.11308,0.991429,1.121111,48.58,32.0,0,1.518125,0.0,0,0.0,0.0,0,0.0,0,0,0,0,0,0,0.0,0,0.0,0,0,0,45.0,6.0,4.0,3.0,female,GS
ALC - MODA,120242232300500260,OUTCOME_AWARENESS,2026-03-01,39348,37838,1.039907,35,0.08895,1.264,1.124327,44.24,28.0,0,1.58,0.0,0,0.0,0.0,0,0.0,0,0,0,0,0,0,0.0,0,0.0,0,0,0,41.0,16.0,8.0,4.0,male,GS
ALC - MODA,120242232300500260,OUTCOME_AWARENESS,2026-03-01,289,286,1.01049,0,0.0,0.0,1.349481,0.39,0.0,0,0.0,0.0,0,0.0,0.0,0,0.0,0,0,0,0,0,0,0.0,0,0.0,0,0,0,,,,,unknown,GS
ALC - Heroinas do Kpop,120244790251900260,OUTCOME_AWARENESS,2026-03-01,13273,13273,1.0,34,0.256159,0.505882,1.295864,17.2,26.0,0,0.661538,21.0,0,0.819048,0.0,0,0.0,0,0,0,0,0,0,0.0,0,0.0,0,0,0,,,,,female,GS
ALC - Heroinas do Kpop,120244790251900260,OUTCOME_AWARENESS,2026-03-01,11134,10945,1.017268,20,0.17963,0.7415,1.331956,14.83,18.0,0,0.823889,6.0,0,2.471667,0.0,0,0.0,0,0,0,0,0,0,0.0,0,0.0,0,0,0,,,,,male,GS
ALC - Heroinas do Kpop,120244790251900260,OUTCOME_AWARENESS,2026-03-01,103,102,1.009804,0,0.0,0.0,0.970874,0.1,0.0,0,0.0,0.0,0,0.0,0.0,0,0.0,0,0,0,0,0,0,0.0,0,0.0,0,0,0,,,,,unknown,GS
ALC - Benefícios AJFans,120244790529090260,OUTCOME_AWARENESS,2026-03-01,174002,109018,1.596085,182,0.104597,1.140385,1.192802,207.55,145.0,0,1.431379,0.0,0,0.0,0.0,0,0.0,0,0,0,0,0,0,0.0,0,0.0,0,0,0,1156.0,602.0,278.0,95.0,female,GS
ALC - Benefícios AJFans,120244790529090260,OUTCOME_AWARENESS,2026-03-01,162716,103350,1.574417,139,0.085425,1.388921,1.186484,193.06,112.0,0,1.72375,0.0,0,0.0,0.0,0,0.0,0,0,0,0,0,0,0.0,0,0.0,0,0,0,1239.0,568.0,285.0,131.0,male,GS
ALC - Benefícios AJFans,120244790529090260,OUTCOME_AWARENESS,2026-03-01,1435,931,1.541353,3,0.209059,0.563333,1.1777,1.69,3.0,0,0.563333,0.0,0,0.0,0.0,0,0.0,0,0,0,0,0,0,0.0,0,0.0,0,0,0,14.0,2.0,,,unknown,GS
ALC - Aniversário Joinville - Atlantida,120245006540330260,OUTCOME_AWARENESS,2026-03-01,0,0,0.0,0,0.0,0.0,0.0,0.0,0.0,0,0.0,0.0,0,0.0,0.0,0,0.0,0,0,0,0,0,0,0.0,0,0.0,0,0,0,,,,,male,GS
ALC - Exposição Territórios Internos,120245275376110260,OUTCOME_AWARENESS,2026-03-01,136603,88364,1.545912,86,0.062956,2.049535,1.290308,176.26,1.0,0,176.26,0.0,0,0.0,0.0,0,0.0,0,0,0,0,0,0,0.0,0,0.0,0,0,0,849.0,199.0,110.0,70.0,female,GS
ALC - Exposição Territórios Internos,120245275376110260,OUTCOME_AWARENESS,2026-03-01,157805,91994,1.715384,84,0.05323,2.444524,1.301226,205.34,3.0,0,68.446667,0.0,0,0.0,0.0,0,0.0,0,0,0,0,0,0,0.0,0,0.0,0,0,0,1340.0,365.0,180.0,112.0,male,GS
ALC - Exposição Territórios Internos,120245275376110260,OUTCOME_AWARENESS,2026-03-01,1231,730,1.686301,0,0.0,0.0,1.33225,1.64,0.0,0,0.0,0.0,0,0.0,0.0,0,0.0,0,0,0,0,0,0,0.0,0,0.0,0,0,0,9.0,1.0,1.0,,unknown,GS
ALC - COTTON,120245275442810260,OUTCOME_AWARENESS,2026-03-01,188975,126935,1.488754,193,0.10213,1.294041,1.321603,249.75,2.0,0,124.875,0.0,0,0.0,0.0,0,0.0,0,0,0,0,0,0,0.0,0,0.0,0,0,0,1555.0,585.0,360.0,175.0,female,GS
ALC - COTTON,120245275442810260,OUTCOME_AWARENESS,2026-03-01,120334,80103,1.502241,91,0.075623,1.717473,1.298802,156.29,1.0,0,156.29,0.0,0,0.0,0.0,0,0.0,0,0,0,0,0,0,0.0,0,0.0,0,0,0,792.0,210.0,115.0,77.0,male,GS
ALC - COTTON,120245275442810260,OUTCOME_AWARENESS,2026-03-01,1069,733,1.45839,3,0.280636,0.35,0.982226,1.05,1.0,0,1.05,0.0,0,0.0,0.0,0,0.0,0,0,0,0,0,0,0.0,0,0.0,0,0,0,4.0,1.0,,,unknown,GS
ALC - TODO MUNDO EM PANICO,120245275605620260,OUTCOME_AWARENESS,2026-03-01,207727,138689,1.49779,528,0.25418,0.507917,1.291021,268.18,170.0,0,1.577529,78.0,0,3.438205,0.0,0,0.0,0,0,0,0,0,0,0.0,0,0.0,0,0,0,267.0,108.0,56.0,22.0,female,GS
ALC - TODO MUNDO EM PANICO,120245275605620260,OUTCOME_AWARENESS,2026-03-01,239338,157995,1.514845,641,0.267822,0.489844,1.31191,313.99,207.0,0,1.51686,93.0,0,3.376237,0.0,0,0.0,0,0,0,0,0,0,0.0,0,0.0,0,0,0,469.0,177.0,106.0,51.0,male,GS
ALC - TODO MUNDO EM PANICO,120245275605620260,OUTCOME_AWARENESS,2026-03-01,1817,1238,1.46769,7,0.38525,0.325714,1.254816,2.28,1.0,0,2.28,1.0,0,2.28,0.0,0,0.0,0,0,0,0,0,0,0.0,0,0.0,0,0,0,5.0,2.0,2.0,2.0,unknown,GS
ALC - Últimos eventos do GS,120245278626830260,OUTCOME_AWARENESS,2026-03-01,31365,22702,1.381596,35,0.111589,1.113143,1.242149,38.96,27.0,0,1.442963,0.0,0,0.0,0.0,0,0.0,0,0,0,0,0,0,0.0,0,0.0,0,0,0,89.0,58.0,22.0,6.0,female,GS
ALC - Últimos eventos do GS,120245278626830260,OUTCOME_AWARENESS,2026-03-01,35215,25406,1.38609,31,0.088031,1.391613,1.225046,43.14,24.0,0,1.7975,0.0,0,0.0,0.0,0,0.0,0,0,0,0,0,0,0.0,0,0.0,0,0,0,99.0,63.0,26.0,7.0,male,GS
ALC - Últimos eventos do GS,120245278626830260,OUTCOME_AWARENESS,2026-03-01,314,218,1.440367,0,0.0,0.0,1.242038,0.39,0.0,0,0.0,0.0,0,0.0,0.0,0,0.0,0,0,0,0,0,0,0.0,0,0.0,0,0,0,,,,,unknown,GS
ALC - ANIVERSARIO JOINVILLE GARTEN,120245447327370260,OUTCOME_AWARENESS,2026-03-01,9694,9528,1.017422,10,0.103157,1.292,1.332783,12.92,0.0,0,0.0,0.0,0,0.0,0.0,0,0.0,0,0,0,0,0,0,0.0,0,0.0,0,0,0,,,,,female,GS
ALC - ANIVERSARIO JOINVILLE GARTEN,120245447327370260,OUTCOME_AWARENESS,2026-03-01,11405,11405,1.0,8,0.070145,1.8925,1.327488,15.14,0.0,0,0.0,0.0,0,0.0,0.0,0,0.0,0,0,0,0,0,0,0.0,0,0.0,0,0,0,,,,,male,GS
ALC - ANIVERSARIO JOINVILLE GARTEN,120245447327370260,OUTCOME_AWARENESS,2026-03-01,78,78,1.0,0,0.0,0.0,1.025641,0.08,0.0,0,0.0,0.0,0,0.0,0.0,0,0.0,0,0,0,0,0,0,0.0,0,0.0,0,0,0,,,,,unknown,GS
ALC- SEMANA DO CONSUMIDOR,120245447379270260,OUTCOME_AWARENESS,2026-03-01,62585,59285,1.055663,105,0.167772,1.317619,2.210594,138.35,89.0,0,1.554494,0.0,0,0.0,0.0,0,0.0,0,0,0,0,0,0,0.0,0,0.0,0,0,0,3300.0,1165.0,629.0,438.0,female,GS
ALC- SEMANA DO CONSUMIDOR,120245447379270260,OUTCOME_AWARENESS,2026-03-01,53393,50941,1.048134,68,0.127358,1.75,2.228757,119.0,56.0,0,2.125,0.0,0,0.0,0.0,0,0.0,0,0,0,0,0,0,0.0,0,0.0,0,0,0,3092.0,1120.0,632.0,446.0,male,GS
ALC- SEMANA DO CONSUMIDOR,120245447379270260,OUTCOME_AWARENESS,2026-03-01,461,453,1.01766,1,0.21692,1.05,2.277657,1.05,0.0,0,0.0,0.0,0,0.0,0.0,0,0.0,0,0,0,0,0,0,0.0,0,0.0,0,0,0,19.0,9.0,5.0,3.0,unknown,GS
ALC - Super ZOO,120237697768620225,OUTCOME_AWARENESS,2026-02-09,462155,182002,2.539285,965,0.208804,0.602995,1.25908,581.89,670.0,0,0.868493,333.0,0,1.747417,0.0,0,0.0,0,0,0,0,0,0,0.0,0,0.0,0,0,0,3318.0,721.0,394.0,252.0,female,NS
ALC - Super ZOO,120237697768620225,OUTCOME_AWARENESS,2026-02-09,357488,149176,2.396418,607,0.169796,0.742603,1.260909,450.76,436.0,0,1.033853,170.0,0,2.651529,0.0,0,0.0,0,0,0,0,0,0,0.0,0,0.0,0,0,0,2565.0,670.0,352.0,227.0,male,NS
ALC - Super ZOO,120237697768620225,OUTCOME_AWARENESS,2026-02-09,3168,1442,2.196949,11,0.347222,0.36,1.25,3.96,8.0,0,0.495,6.0,0,0.66,0.0,0,0.0,0,0,0,0,0,0,0.0,0,0.0,0,0,0,26.0,6.0,3.0,3.0,unknown,NS
ALC - FÉRIAS JAN 25,120237769674470225,OUTCOME_AWARENESS,2026-02-09,232853,97036,2.399656,357,0.153316,0.831165,1.274305,296.725815,254.0,0,1.168212,0.0,0,0.0,0.0,0,0.0,0,0,0,0,0,0,0.0,0,0.0,0,0,0,2719.0,696.0,321.0,202.0,female,NS
ALC - FÉRIAS JAN 25,120237769674470225,OUTCOME_AWARENESS,2026-02-09,168776,76661,2.201589,214,0.126795,0.990253,1.255594,211.914153,155.0,0,1.367188,0.0,0,0.0,0.0,0,0.0,0,0,0,0,0,0,0.0,0,0.0,0,0,0,2074.0,657.0,313.0,183.0,male,NS
ALC - FÉRIAS JAN 25,120237769674470225,OUTCOME_AWARENESS,2026-02-09,1339,612,2.187909,2,0.149365,0.810016,1.209882,1.620032,2.0,0,0.810016,0.0,0,0.0,0.0,0,0.0,0,0,0,0,0,0,0.0,0,0.0,0,0,0,23.0,7.0,1.0,1.0,unknown,NS
ALC - VERÃO/LOJAS,120237769884270225,OUTCOME_AWARENESS,2026-02-09,216845,88369,2.453858,290,0.133736,0.907931,1.214231,263.3,192.0,0,1.371354,0.0,0,0.0,0.0,0,0.0,0,0,0,0,0,0,0.0,0,0.0,0,0,0,2771.0,1509.0,870.0,283.0,female,NS
ALC - VERÃO/LOJAS,120237769884270225,OUTCOME_AWARENESS,2026-02-09,133976,59120,2.266171,173,0.129128,0.930867,1.202006,161.04,115.0,0,1.400348,0.0,0,0.0,0.0,0,0.0,0,0,0,0,0,0,0.0,0,0.0,0,0,0,2058.0,1046.0,603.0,238.0,male,NS
ALC - VERÃO/LOJAS,120237769884270225,OUTCOME_AWARENESS,2026-02-09,1080,489,2.208589,1,0.092593,1.44,1.333333,1.44,1.0,0,1.44,0.0,0,0.0,0.0,0,0.0,0,0,0,0,0,0,0.0,0,0.0,0,0,0,15.0,8.0,4.0,2.0,unknown,NS
ALC - ÓCULOS META OAKLEY,120237770000040225,OUTCOME_AWARENESS,2026-02-09,167425,72508,2.309056,215,0.128416,0.986438,1.266741,212.08418,149.0,0,1.423384,0.0,0,0.0,0.0,0,0.0,0,0,0,0,0,0,0.0,0,0.0,0,0,0,984.0,157.0,83.0,40.0,female,NS
ALC - ÓCULOS META OAKLEY,120237770000040225,OUTCOME_AWARENESS,2026-02-09,117767,55087,2.137837,154,0.130767,0.980428,1.282073,150.985856,113.0,0,1.336158,0.0,0,0.0,0.0,0,0.0,0,0,0,0,0,0,0.0,0,0.0,0,0,0,682.0,135.0,64.0,34.0,male,NS
ALC - ÓCULOS META OAKLEY,120237770000040225,OUTCOME_AWARENESS,2026-02-09,1029,486,2.117284,5,0.485909,0.261993,1.273046,1.309964,4.0,0,0.327491,0.0,0,0.0,0.0,0,0.0,0,0,0,0,0,0,0.0,0,0.0,0,0,0,5.0,2.0,,,unknown,NS
ALC - Novidades Cinema GNC,120238216202110225,OUTCOME_AWARENESS,2026-02-09,53354,37706,1.415,95,0.178056,0.690211,1.228961,65.57,72.0,0,0.910694,43.0,0,1.524884,0.0,0,0.0,0,0,0,0,0,0,0.0,0,0.0,0,0,0,71.0,32.0,22.0,16.0,female,NS
ALC - Novidades Cinema GNC,120238216202110225,OUTCOME_AWARENESS,2026-02-09,35103,25263,1.389502,58,0.165228,0.727586,1.202176,42.2,46.0,0,0.917391,14.0,0,3.014286,0.0,0,0.0,0,0,0,0,0,0,0.0,0,0.0,0,0,0,87.0,27.0,19.0,15.0,male,NS
ALC - Novidades Cinema GNC,120238216202110225,OUTCOME_AWARENESS,2026-02-09,339,254,1.334646,0,0.0,0.0,1.533923,0.52,0.0,0,0.0,0.0,0,0.0,0.0,0,0.0,0,0,0,0,0,0,0.0,0,0.0,0,0,0,1.0,,,,unknown,NS
ALC - Vortex,120238216332790225,OUTCOME_AWARENESS,2026-02-09,136722,58734,2.327817,162,0.118489,1.017963,1.20617,164.91,124.0,0,1.329919,0.0,0,0.0,0.0,0,0.0,0,0,0,0,0,0,0.0,0,0.0,0,0,0,,,,,female,NS
ALC - Vortex,120238216332790225,OUTCOME_AWARENESS,2026-02-09,104203,46251,2.252989,114,0.109402,1.082544,1.184323,123.41,88.0,0,1.402386,0.0,0,0.0,0.0,0,0.0,0,0,0,0,0,0,0.0,0,0.0,0,0,0,,,,,male,NS
ALC - Vortex,120238216332790225,OUTCOME_AWARENESS,2026-02-09,955,450,2.122222,1,0.104712,1.27,1.329843,1.27,0.0,0,0.0,0.0,0,0.0,0.0,0,0.0,0,0,0,0,0,0,0.0,0,0.0,0,0,0,,,,,unknown,NS
ALC - Exposição Ambiências,120238497254480225,OUTCOME_AWARENESS,2026-02-09,55585,33284,1.670022,60,0.107943,1.109236,1.19734,66.554148,54.0,0,1.232484,0.0,0,0.0,0.0,0,0.0,0,0,0,0,0,0,0.0,0,0.0,0,0,0,914.0,486.0,87.0,63.0,female,NS
ALC - Exposição Ambiências,120238497254480225,OUTCOME_AWARENESS,2026-02-09,39020,24719,1.578543,43,0.1102,1.088509,1.199536,46.805884,35.0,0,1.337311,0.0,0,0.0,0.0,0,0.0,0,0,0,0,0,0,0.0,0,0.0,0,0,0,762.0,324.0,72.0,47.0,male,NS
ALC - Exposição Ambiências,120238497254480225,OUTCOME_AWARENESS,2026-02-09,270,184,1.467391,0,0.0,0.0,1.37025,0.369967,0.0,0,0.0,0.0,0,0.0,0.0,0,0.0,0,0,0,0,0,0,0.0,0,0.0,0,0,0,2.0,1.0,,,unknown,NS
ALC - A Casa de Gaby,120238749907260225,OUTCOME_AWARENESS,2026-02-09,146954,71872,2.044663,258,0.175565,0.69093,1.213033,178.26,178.0,0,1.001461,1.0,0,178.26,0.0,0,0.0,0,0,0,0,0,0,0.0,0,0.0,0,0,0,79.0,41.0,29.0,2.0,female,NS
ALC - A Casa de Gaby,120238749907260225,OUTCOME_AWARENESS,2026-02-09,97912,51063,1.917474,129,0.131751,0.933721,1.230186,120.45,105.0,0,1.147143,0.0,0,0.0,0.0,0,0.0,0,0,0,0,0,0,0.0,0,0.0,0,0,0,41.0,21.0,13.0,4.0,male,NS
ALC - A Casa de Gaby,120238749907260225,OUTCOME_AWARENESS,2026-02-09,782,400,1.955,0,0.0,0.0,1.585678,1.24,0.0,0,0.0,0.0,0,0.0,0.0,0,0.0,0,0,0,0,0,0,0.0,0,0.0,0,0,0,,,,,unknown,NS
ALC - Exposição Beatles,120239046320590225,OUTCOME_AWARENESS,2026-02-09,86679,48818,1.775554,87,0.10037,1.156667,1.16095,100.63,66.0,0,1.524697,0.0,0,0.0,0.0,0,0.0,0,0,0,0,0,0,0.0,0,0.0,0,0,0,560.0,86.0,44.0,30.0,female,NS
ALC - Exposição Beatles,120239046320590225,OUTCOME_AWARENESS,2026-02-09,72920,41120,1.773346,79,0.108338,1.070127,1.159353,84.54,61.0,0,1.385902,0.0,0,0.0,0.0,0,0.0,0,0,0,0,0,0,0.0,0,0.0,0,0,0,496.0,101.0,57.0,39.0,male,NS
ALC - Exposição Beatles,120239046320590225,OUTCOME_AWARENESS,2026-02-09,576,363,1.586777,2,0.347222,0.35,1.215278,0.7,1.0,0,0.7,0.0,0,0.0,0.0,0,0.0,0,0,0,0,0,0,0.0,0,0.0,0,0,0,5.0,,,,unknown,NS
ALC - CAPIVALLEY,120239368933820225,OUTCOME_AWARENESS,2026-02-09,109900,82357,1.334434,197,0.179254,0.761218,1.364513,149.96,41.0,0,3.657561,0.0,0,0.0,0.0,0,0.0,0,0,0,0,0,0,0.0,0,0.0,0,0,0,15842.0,5759.0,3152.0,2170.0,female,NS
ALC - CAPIVALLEY,120239368933820225,OUTCOME_AWARENESS,2026-02-09,96716,68199,1.418144,119,0.123041,1.094874,1.34714,130.29,38.0,0,3.428684,0.0,0,0.0,0.0,0,0.0,0,0,0,0,0,0,0.0,0,0.0,0,0,0,15823.0,5801.0,3181.0,2135.0,male,NS
ALC - CAPIVALLEY,120239368933820225,OUTCOME_AWARENESS,2026-02-09,730,547,1.334552,1,0.136986,0.85,1.164384,0.85,0.0,0,0.0,0.0,0,0.0,0.0,0,0.0,0,0,0,0,0,0,0.0,0,0.0,0,0,0,115.0,51.0,30.0,20.0,unknown,NS
ALC - Exposição Beatles,120239046320590225,OUTCOME_AWARENESS,2026-03-01,101742,57246,1.777277,72,0.070767,1.62625,1.150852,117.09,54.0,0,2.168333,0.0,0,0.0,0.0,0,0.0,0,0,0,0,0,0,0.0,0,0.0,0,0,0,605.0,101.0,57.0,34.0,female,NS
ALC - Exposição Beatles,120239046320590225,OUTCOME_AWARENESS,2026-03-01,86970,49195,1.767863,77,0.088536,1.302597,1.153271,100.3,61.0,0,1.644262,0.0,0,0.0,0.0,0,0.0,0,0,0,0,0,0,0.0,0,0.0,0,0,0,613.0,147.0,71.0,44.0,male,NS
ALC - Exposição Beatles,120239046320590225,OUTCOME_AWARENESS,2026-03-01,685,419,1.634845,0,0.0,0.0,1.138686,0.78,0.0,0,0.0,0.0,0,0.0,0.0,0,0.0,0,0,0,0,0,0,0.0,0,0.0,0,0,0,2.0,,,,unknown,NS
ALC - CAPIVALLEY,120239368933820225,OUTCOME_AWARENESS,2026-03-01,377943,195961,1.928664,501,0.13256,0.957345,1.269054,479.63,31.0,0,15.471935,0.0,0,0.0,0.0,0,0.0,0,0,0,0,0,0,0.0,0,0.0,0,0,0,51821.0,19023.0,11080.0,7719.0,female,NS
ALC - CAPIVALLEY,120239368933820225,OUTCOME_AWARENESS,2026-03-01,379500,191389,1.982873,308,0.081159,1.560519,1.266509,480.64,12.0,0,40.053333,0.0,0,0.0,0.0,0,0.0,0,0,0,0,0,0,0.0,0,0.0,0,0,0,62011.0,23035.0,13433.0,9212.0,male,NS
ALC - CAPIVALLEY,120239368933820225,OUTCOME_AWARENESS,2026-03-01,2944,1541,1.910448,1,0.033967,3.63,1.233016,3.63,0.0,0,0.0,0.0,0,0.0,0.0,0,0.0,0,0,0,0,0,0,0.0,0,0.0,0,0,0,468.0,206.0,119.0,84.0,unknown,NS
ALC - MISS CRICIUMA,120239593181160225,OUTCOME_AWARENESS,2026-03-01,294887,163012,1.80899,451,0.15294,0.953769,1.458694,430.15,385.0,0,1.117273,204.0,0,2.108578,0.0,0,0.0,0,0,0,0,0,0,0.0,0,0.0,0,0,0,,,,,female,NS
ALC - MISS CRICIUMA,120239593181160225,OUTCOME_AWARENESS,2026-03-01,175482,104298,1.682506,196,0.111692,1.208571,1.349882,236.88,179.0,0,1.323352,97.0,0,2.442062,0.0,0,0.0,0,0,0,0,0,0,0.0,0,0.0,0,0,0,,,,,male,NS
ALC - MISS CRICIUMA,120239593181160225,OUTCOME_AWARENESS,2026-03-01,1523,980,1.554082,3,0.19698,0.76,1.497045,2.28,1.0,0,2.28,0.0,0,0.0,0.0,0,0.0,0,0,0,0,0,0,0.0,0,0.0,0,0,0,,,,,unknown,NS
ALC - PÁSCOA NS,120239593258100225,OUTCOME_AWARENESS,2026-03-01,411710,182093,2.260988,124,0.030118,4.496694,1.354327,557.59,12.0,0,46.465833,1.0,0,557.59,0.0,0,0.0,0,0,0,0,0,0,0.0,0,0.0,0,0,0,2768.0,485.0,256.0,169.0,female,NS
ALC - PÁSCOA NS,120239593258100225,OUTCOME_AWARENESS,2026-03-01,337216,154295,2.185528,113,0.03351,3.975398,1.332143,449.22,8.0,0,56.1525,0.0,0,0.0,0.0,0,0.0,0,0,0,0,0,0,0.0,0,0.0,0,0,0,2316.0,551.0,308.0,191.0,male,NS
ALC - PÁSCOA NS,120239593258100225,OUTCOME_AWARENESS,2026-03-01,2744,1303,2.105909,1,0.036443,3.45,1.257289,3.45,0.0,0,0.0,0.0,0,0.0,0.0,0,0.0,0,0,0,0,0,0,0.0,0,0.0,0,0,0,21.0,7.0,3.0,1.0,unknown,NS
ALC - MUSICAL O ENCANTO DA NATUREZA,120239602331250225,OUTCOME_AWARENESS,2026-03-01,122815,92259,1.331198,208,0.16936,0.800144,1.355128,166.43,152.0,0,1.094934,0.0,0,0.0,0.0,0,0.0,0,0,0,0,0,0,0.0,0,0.0,0,0,0,2259.0,1047.0,212.0,139.0,female,NS
ALC - MUSICAL O ENCANTO DA NATUREZA,120239602331250225,OUTCOME_AWARENESS,2026-03-01,105289,78576,1.339964,130,0.12347,1.105,1.36434,143.65,103.0,0,1.39466,0.0,0,0.0,0.0,0,0.0,0,0,0,0,0,0,0.0,0,0.0,0,0,0,1597.0,748.0,222.0,149.0,male,NS
ALC - MUSICAL O ENCANTO DA NATUREZA,120239602331250225,OUTCOME_AWARENESS,2026-03-01,756,627,1.205742,0,0.0,0.0,1.375661,1.04,0.0,0,0.0,0.0,0,0.0,0.0,0,0.0,0,0,0,0,0,0,0.0,0,0.0,0,0,0,14.0,9.0,4.0,2.0,unknown,NS
