campanha,campanha_id,objetivo,data,impressoes,alcance,frequencia,cliques,ctr,cpc,cpm,custo,link_click,valor_link_click,custo_link_click,landing_page_view,valor_landing_page_view,custo_landing_page_view,lead,valor_lead,custo_lead,purchase,valor_purchase,custo_purchase,add_to_cart,valor_add_to_cart,custo_add_to_cart,initiate_checkout,valor_initiate_checkout,custo_initiate_checkout,complete_registration,valor_complete_registration,custo_complete_registration,post_engagement,valor_post_engagement,custo_post_engagement,post_reaction,valor_post_reaction,custo_post_reaction,page_engagement,valor_page_engagement,custo_page_engagement,offsite_conversion.fb_pixel_purchase,valor_offsite_conversion.fb_pixel_purchase,custo_offsite_conversion.fb_pixel_purchase,offsite_conversion.fb_pixel_lead,valor_offsite_conversion.fb_pixel_lead,custo_offsite_conversion.fb_pixel_lead,offsite_conversion.fb_pixel_view_content,valor_offsite_conversion.fb_pixel_view_content,custo_offsite_conversion.fb_pixel_view_content,video_p25,video_p50,video_p75,video_p100,quality_ranking,engagement_rate_ranking,conversion_rate_ranking,outbound_clicks,device_platform,shopping
ALC - NARBONA,120237232905670087,OUTCOME_AWARENESS,2026-02-11,1571,1180,1.331356,0,0.0,0.0,1.183474,1.859237,0.0,0,0.0,0.0,0,0.0,0.0,0,0.0,0,0,0,0,0,0,0.0,0,0.0,0,0,0,217.0,0,0.008568,1.0,0,0,217.0,0,0.008568,0,0,0,0.0,0,0,0.0,0,0,31.0,17.0,12.0,9.0,,,,0.0,desktop,CS
ALC - NARBONA,120237232905670087,OUTCOME_AWARENESS,2026-02-11,426437,241741,1.764024,509,0.119361,1.000101,1.193731,509.051205,338.0,0,1.506069,53.0,0,9.60474,0.0,0,0.0,0,0,0,0,0,0,0.0,0,0.0,0,0,0,22679.0,0,0.022446,88.0,0,0,22679.0,0,0.022446,0,0,0,0.0,0,0,0.0,0,0,3088.0,933.0,525.0,329.0,,,,338.0,mobile_app,CS
ALC - NARBONA,120237232905670087,OUTCOME_AWARENESS,2026-02-11,972,710,1.369014,0,0.0,0.0,1.110656,1.079557,0.0,0,0.0,0.0,0,0.0,0.0,0,0.0,0,0,0,0,0,0,0.0,0,0.0,0,0,0,109.0,0,0.009904,0.0,0,0,109.0,0,0.009904,0,0,0,0.0,0,0,0.0,0,0,9.0,1.0,,,,,,0.0,mobile_web,CS
ALC - Capivalley,120238793084460087,OUTCOME_AWARENESS,2026-02-11,902,767,1.17601,2,0.221729,0.464983,1.031004,0.929966,1.0,0,0.929966,0.0,0,0.0,0.0,0,0.0,0,0,0,0,0,0,0.0,0,0.0,0,0,0,141.0,0,0.006596,0.0,0,0,141.0,0,0.006596,0,0,0,0.0,0,0,0.0,0,0,15.0,6.0,5.0,3.0,,,,1.0,desktop,CS
ALC - Capivalley,120238793084460087,OUTCOME_AWARENESS,2026-02-11,226316,193265,1.171014,803,0.354814,0.335392,1.190018,269.320062,158.0,0,1.704557,19.0,0,14.17474,0.0,0,0.0,0,0,0,0,0,0,0.0,0,0.0,0,0,0,17152.0,0,0.015702,99.0,0,0,17154.0,0,0.0157,0,0,0,0.0,0,0,0.0,0,0,2364.0,722.0,354.0,189.0,,,,157.0,mobile_app,CS
ALC - Capivalley,120238793084460087,OUTCOME_AWARENESS,2026-02-11,563,478,1.177824,5,0.888099,0.149994,1.3321,0.749972,1.0,0,0.749972,0.0,0,0.0,0.0,0,0.0,0,0,0,0,0,0,0.0,0,0.0,0,0,0,40.0,0,0.018749,0.0,0,0,40.0,0,0.018749,0,0,0,0.0,0,0,0.0,0,0,4.0,1.0,,,,,,1.0,mobile_web,CS
[ALC] Carnaval - 02/02,120239471825400087,OUTCOME_AWARENESS,2026-02-11,357,244,1.463115,0,0.0,0.0,1.456583,0.52,0.0,0,0.0,0.0,0,0.0,0.0,0,0.0,0,0,0,0,0,0,0.0,0,0.0,0,0,0,6.0,0,0.086667,0.0,0,0,6.0,0,0.086667,0,0,0,0.0,0,0,0.0,0,0,3.0,1.0,1.0,,,,,0.0,desktop,CS
[ALC] Carnaval - 02/02,120239471825400087,OUTCOME_AWARENESS,2026-02-11,161899,124043,1.305184,258,0.159359,0.739225,1.178018,190.72,183.0,0,1.042186,21.0,0,9.081905,0.0,0,0.0,0,0,0,0,0,0,0.0,0,0.0,0,0,0,928.0,0,0.205517,21.0,0,0,928.0,0,0.205517,0,0,0,0.0,0,0,0.0,0,0,177.0,62.0,24.0,11.0,,,,183.0,mobile_app,CS
[ALC] Carnaval - 02/02,120239471825400087,OUTCOME_AWARENESS,2026-02-11,440,338,1.301775,2,0.454545,0.23,1.045455,0.46,0.0,0,0.0,0.0,0,0.0,0.0,0,0.0,0,0,0,0,0,0,0.0,0,0.0,0,0,0,1.0,0,0.46,1.0,0,0,1.0,0,0.46,0,0,0,0.0,0,0,0.0,0,0,,,,,,,,0.0,mobile_web,CS
[ALC] Semana do Cinema 2026,120239561692810087,OUTCOME_AWARENESS,2026-02-11,459,407,1.127764,0,0.0,0.0,1.742919,0.8,0.0,0,0.0,0.0,0,0.0,0.0,0,0.0,0,0,0,0,0,0,0.0,0,0.0,0,0,0,0.0,0,0.0,0.0,0,0,0.0,0,0.0,0,0,0,0.0,0,0,0.0,0,0,,,,,,,,0.0,desktop,CS
[ALC] Semana do Cinema 2026,120239561692810087,OUTCOME_AWARENESS,2026-02-11,47663,43569,1.093966,85,0.178335,0.752941,1.342761,64.0,49.0,0,1.306122,8.0,0,8.0,0.0,0,0.0,0,0,0,0,0,0,0.0,0,0.0,0,0,0,65.0,0,0.984615,16.0,0,0,65.0,0,0.984615,0,0,0,0.0,0,0,0.0,0,0,,,,,,,,49.0,mobile_app,CS
[ALC] Semana do Cinema 2026,120239561692810087,OUTCOME_AWARENESS,2026-02-11,167,164,1.018293,0,0.0,0.0,1.137725,0.19,0.0,0,0.0,0.0,0,0.0,0.0,0,0.0,0,0,0,0,0,0,0.0,0,0.0,0,0,0,0.0,0,0.0,0.0,0,0,0.0,0,0.0,0,0,0,0.0,0,0,0.0,0,0,,,,,,,,0.0,mobile_web,CS
[ALC] Eventos Carnaval,120239751838580087,OUTCOME_AWARENESS,2026-02-11,1526,1056,1.445076,4,0.262123,0.422505,1.107482,1.690018,0.0,0,0.0,0.0,0,0.0,0.0,0,0.0,0,0,0,0,0,0,0.0,0,0.0,0,0,0,143.0,0,0.011818,0.0,0,0,143.0,0,0.011818,0,0,0,0.0,0,0,0.0,0,0,18.0,3.0,2.0,2.0,,,,0.0,desktop,CS
[ALC] Eventos Carnaval,120239751838580087,OUTCOME_AWARENESS,2026-02-11,770514,535213,1.43964,1277,0.165734,0.721339,1.195501,921.149966,917.0,0,1.004526,135.0,0,6.823333,0.0,0,0.0,0,0,0,0,0,0,0.0,0,0.0,0,0,0,13855.0,0,0.066485,99.0,0,0,13855.0,0,0.066485,0,0,0,0.0,0,0,0.0,0,0,1419.0,330.0,184.0,131.0,,,,909.0,mobile_app,CS
[ALC] Eventos Carnaval,120239751838580087,OUTCOME_AWARENESS,2026-02-11,1357,1074,1.263501,5,0.36846,0.286003,1.053807,1.430015,1.0,0,1.430015,0.0,0,0.0,0.0,0,0.0,0,0,0,0,0,0,0.0,0,0.0,0,0,0,7.0,0,0.204288,1.0,0,0,7.0,0,0.204288,0,0,0,0.0,0,0,0.0,0,0,,,,,,,,1.0,mobile_web,CS
[ALC] Eventos de Carnaval,120239828976910087,OUTCOME_ENGAGEMENT,2026-02-11,353,326,1.082822,0,0.0,0.0,2.634561,0.93,0.0,0,0.0,0.0,0,0.0,0.0,0,0.0,0,0,0,0,0,0,0.0,0,0.0,0,0,0,130.0,0,0.007154,0.0,0,0,130.0,0,0.007154,0,0,0,0.0,0,0,0.0,0,0,54.0,28.0,20.0,13.0,,,,0.0,desktop,CS
[ALC] Eventos de Carnaval,120239828976910087,OUTCOME_ENGAGEMENT,2026-02-11,178169,126587,1.407483,1160,0.651067,0.601474,3.916001,697.71,576.0,0,1.211302,149.0,0,4.682617,0.0,0,0.0,0,0,0,0,0,0,0.0,0,0.0,0,0,0,79779.0,0,0.008746,1144.0,0,0,79779.0,0,0.008746,0,0,0,0.0,0,0,0.0,0,0,30273.0,12847.0,8029.0,4431.0,,,,567.0,mobile_app,CS
[ALC] Eventos de Carnaval,120239828976910087,OUTCOME_ENGAGEMENT,2026-02-11,219,188,1.164894,0,0.0,0.0,1.643836,0.36,0.0,0,0.0,0.0,0,0.0,0.0,0,0.0,0,0,0,0,0,0,0.0,0,0.0,0,0,0,84.0,0,0.004286,1.0,0,0,84.0,0,0.004286,0,0,0,0.0,0,0,0.0,0,0,24.0,9.0,6.0,3.0,,,,0.0,mobile_web,CS
[ALC] Musical das capivaras,120239893660110087,OUTCOME_AWARENESS,2026-02-11,170,156,1.089744,0,0.0,0.0,1.588235,0.27,0.0,0,0.0,0.0,0,0.0,0.0,0,0.0,0,0,0,0,0,0,0.0,0,0.0,0,0,0,0.0,0,0.0,0.0,0,0,0.0,0,0.0,0,0,0,0.0,0,0,0.0,0,0,,,,,,,,0.0,desktop,CS
[ALC] Musical das capivaras,120239893660110087,OUTCOME_AWARENESS,2026-02-11,266234,257516,1.033854,511,0.191936,0.586164,1.125063,299.53,394.0,0,0.760228,59.0,0,5.07678,0.0,0,0.0,0,0,0,0,0,0,0.0,0,0.0,0,0,0,435.0,0,0.688575,15.0,0,0,435.0,0,0.688575,0,0,0,0.0,0,0,0.0,0,0,,,,,,,,394.0,mobile_app,CS
[ALC] Musical das capivaras,120239893660110087,OUTCOME_AWARENESS,2026-02-11,219,216,1.013889,0,0.0,0.0,0.913242,0.2,0.0,0,0.0,0.0,0,0.0,0.0,0,0.0,0,0,0,0,0,0,0.0,0,0.0,0,0,0,0.0,0,0.0,0.0,0,0,0.0,0,0.0,0,0,0,0.0,0,0,0.0,0,0,,,,,,,,0.0,mobile_web,CS
[ALC] Carnapet Continente Shopping,120239915880680087,OUTCOME_AWARENESS,2026-02-11,181,163,1.110429,2,1.104972,0.095,1.049724,0.19,0.0,0,0.0,0.0,0,0.0,0.0,0,0.0,0,0,0,0,0,0,0.0,0,0.0,0,0,0,1.0,0,0.19,1.0,0,0,1.0,0,0.19,0,0,0,0.0,0,0,0.0,0,0,,,,,,,,0.0,desktop,CS
[ALC] Carnapet Continente Shopping,120239915880680087,OUTCOME_AWARENESS,2026-02-11,127077,122998,1.033163,243,0.191223,0.615391,1.176767,149.54,199.0,0,0.751457,30.0,0,4.984667,0.0,0,0.0,0,0,0,0,0,0,0.0,0,0.0,0,0,0,223.0,0,0.670583,17.0,0,0,223.0,0,0.670583,0,0,0,0.0,0,0,0.0,0,0,,,,,,,,199.0,mobile_app,CS
[ALC] Carnapet Continente Shopping,120239915880680087,OUTCOME_AWARENESS,2026-02-11,180,178,1.011236,0,0.0,0.0,1.277778,0.23,0.0,0,0.0,0.0,0,0.0,0.0,0,0.0,0,0,0,0,0,0,0.0,0,0.0,0,0,0,0.0,0,0.0,0.0,0,0,0.0,0,0.0,0,0,0,0.0,0,0,0.0,0,0,,,,,,,,0.0,mobile_web,CS
[ALC] Capivalley - Últimos dias,120240006022760087,OUTCOME_AWARENESS,2026-02-11,1029,920,1.118478,3,0.291545,0.396675,1.156486,1.190024,0.0,0,0.0,0.0,0,0.0,0.0,0,0.0,0,0,0,0,0,0,0.0,0,0.0,0,0,0,149.0,0,0.007987,1.0,0,0,149.0,0,0.007987,0,0,0,0.0,0,0,0.0,0,0,41.0,16.0,7.0,7.0,,,,0.0,desktop,CS
[ALC] Capivalley - Últimos dias,120240006022760087,OUTCOME_AWARENESS,2026-02-11,417738,326301,1.280223,601,0.14387,0.828968,1.192637,498.209964,312.0,0,1.596827,57.0,0,8.740526,0.0,0,0.0,0,0,0,0,0,0,0.0,0,0.0,0,0,0,19652.0,0,0.025352,37.0,0,0,19653.0,0,0.02535,0,0,0,0.0,0,0,0.0,0,0,4292.0,1022.0,538.0,318.0,,,,311.0,mobile_app,CS
[ALC] Capivalley - Últimos dias,120240006022760087,OUTCOME_AWARENESS,2026-02-11,570,497,1.146881,3,0.526316,0.200004,1.052653,0.600012,0.0,0,0.0,0.0,0,0.0,0.0,0,0.0,0,0,0,0,0,0,0.0,0,0.0,0,0,0,34.0,0,0.017647,0.0,0,0,34.0,0,0.017647,0,0,0,0.0,0,0,0.0,0,0,5.0,2.0,,,,,,0.0,mobile_web,CS
ALC - Narbona novos conteúdos,120240054308210087,OUTCOME_AWARENESS,2026-02-11,181,159,1.138365,1,0.552486,0.159656,0.882078,0.159656,0.0,0,0.0,0.0,0,0.0,0.0,0,0.0,0,0,0,0,0,0,0.0,0,0.0,0,0,0,18.0,0,0.00887,1.0,0,0,18.0,0,0.00887,0,0,0,0.0,0,0,0.0,0,0,8.0,5.0,5.0,4.0,,,,0.0,desktop,CS
ALC - Narbona novos conteúdos,120240054308210087,OUTCOME_AWARENESS,2026-02-11,154427,130172,1.18633,244,0.158003,0.758775,1.198891,185.141139,182.0,0,1.017259,93.0,0,1.990765,0.0,0,0.0,0,0,0,0,0,0,0.0,0,0.0,0,0,0,3437.0,0,0.053867,12.0,0,0,3437.0,0,0.053867,0,0,0,0.0,0,0,0.0,0,0,631.0,165.0,93.0,61.0,,,,182.0,mobile_app,CS
ALC - Narbona novos conteúdos,120240054308210087,OUTCOME_AWARENESS,2026-02-11,361,309,1.168285,0,0.0,0.0,1.022727,0.369205,0.0,0,0.0,0.0,0,0.0,0.0,0,0.0,0,0,0,0,0,0,0.0,0,0.0,0,0,0,4.0,0,0.092301,0.0,0,0,4.0,0,0.092301,0,0,0,0.0,0,0,0.0,0,0,,,,,,,,0.0,mobile_web,CS
TFG - Narbona Site,120240056012140087,LINK_CLICKS,2026-02-11,238,107,2.224299,6,2.521008,0.164685,4.151732,0.988112,3.0,0,0.329371,3.0,0,0.329371,0.0,0,0.0,0,0,0,0,0,0,0.0,0,0.0,0,0,0,14.0,0,0.070579,1.0,0,0,14.0,0,0.070579,0,0,0,0.0,0,0,0.0,0,0,8.0,8.0,8.0,7.0,,,,3.0,desktop,CS
TFG - Narbona Site,120240056012140087,LINK_CLICKS,2026-02-11,178513,96094,1.857691,5853,3.278753,0.167803,5.50186,982.153509,4250.0,0,0.231095,1074.0,0,0.914482,0.0,0,0.0,0,0,0,0,0,0,0.0,0,0.0,0,0,0,13754.0,0,0.071409,187.0,0,0,13755.0,0,0.071403,0,0,0,0.0,0,0,0.0,0,0,3393.0,860.0,572.0,393.0,,,,4249.0,mobile_app,CS
TFG - Narbona Site,120240056012140087,LINK_CLICKS,2026-02-11,224,151,1.483444,4,1.785714,0.212095,3.787407,0.848379,3.0,0,0.282793,1.0,0,0.848379,0.0,0,0.0,0,0,0,0,0,0,0.0,0,0.0,0,0,0,3.0,0,0.282793,0.0,0,0,3.0,0,0.282793,0,0,0,0.0,0,0,0.0,0,0,,,,,,,,3.0,mobile_web,CS
ALC - Narbona novos conteúdos,120240054308210087,OUTCOME_AWARENESS,2026-03-01,235,182,1.291209,1,0.425532,0.320023,1.3618,0.320023,0.0,0,0.0,0.0,0,0.0,0.0,0,0.0,0,0,0,0,0,0,0.0,0,0.0,0,0,0,23.0,0,0.013914,1.0,0,0,23.0,0,0.013914,0,0,0,0.0,0,0,0.0,0,0,5.0,,,,,,,0.0,desktop,CS
ALC - Narbona novos conteúdos,120240054308210087,OUTCOME_AWARENESS,2026-03-01,118513,81971,1.445792,212,0.178883,0.651038,1.164598,138.019955,121.0,0,1.140661,61.0,0,2.262622,1.0,0,138.019955,0,0,0,0,0,0,12.0,0,11.501663,0,0,0,4049.0,0,0.034087,26.0,0,0,4049.0,0,0.034087,0,0,0,1.0,0,0,63.0,0,0,708.0,200.0,115.0,64.0,,,,120.0,mobile_app,CS
ALC - Narbona novos conteúdos,120240054308210087,OUTCOME_AWARENESS,2026-03-01,288,228,1.263158,2,0.694444,0.150011,1.041742,0.300022,0.0,0,0.0,0.0,0,0.0,0.0,0,0.0,0,0,0,0,0,0,0.0,0,0.0,0,0,0,7.0,0,0.04286,0.0,0,0,7.0,0,0.04286,0,0,0,0.0,0,0,0.0,0,0,,,,,,,,0.0,mobile_web,CS
ALC - Narbona novos conteúdos,120240054308210087,OUTCOME_AWARENESS,2026-03-01,0,0,0.0,0,0.0,0.0,0.0,0.0,0.0,0,0.0,0.0,0,0.0,0.0,0,0.0,0,0,0,0,0,0,0.0,0,0.0,0,0,0,0.0,0,0.0,0.0,0,0,0.0,0,0.0,0,0,0,0.0,0,0,2.0,0,0,,,,,,,,0.0,unknown,CS
[ALC] Musical K-Pop,120240776590700087,OUTCOME_AWARENESS,2026-03-01,158,114,1.385965,0,0.0,0.0,1.392264,0.219978,0.0,0,0.0,0.0,0,0.0,0.0,0,0.0,0,0,0,0,0,0,0.0,0,0.0,0,0,0,0.0,0,0.0,0.0,0,0,0.0,0,0.0,0,0,0,0.0,0,0,0.0,0,0,,,,,,,,0.0,desktop,CS
[ALC] Musical K-Pop,120240776590700087,OUTCOME_AWARENESS,2026-03-01,81372,67164,1.211542,153,0.188025,0.641111,1.205452,98.090034,97.0,0,1.011237,1.0,0,98.090034,0.0,0,0.0,0,0,0,0,0,0,0.0,0,0.0,0,0,0,125.0,0,0.78472,11.0,0,0,125.0,0,0.78472,0,0,0,0.0,0,0,0.0,0,0,,,,,,,,97.0,mobile_app,CS
[ALC] Musical K-Pop,120240776590700087,OUTCOME_AWARENESS,2026-03-01,108,92,1.173913,0,0.0,0.0,1.018415,0.109989,0.0,0,0.0,0.0,0,0.0,0.0,0,0.0,0,0,0,0,0,0,0.0,0,0.0,0,0,0,0.0,0,0.0,0.0,0,0,0.0,0,0.0,0,0,0,0.0,0,0,0.0,0,0,,,,,,,,0.0,mobile_web,CS
ALC - VOLTA AS AULAS,120240233245310402,OUTCOME_AWARENESS,2026-02-11,9,8,1.125,0,0.0,0.0,0.0,0.0,0.0,0,0.0,0.0,0,0.0,0.0,0,0.0,0,0,0,0,0,0,0.0,0,0.0,0,0,0,0.0,0,0.0,0.0,0,0,0.0,0,0.0,0,0,0,0.0,0,0,0.0,0,0,,,,,,,,0.0,desktop,BS
ALC - VOLTA AS AULAS,120240233245310402,OUTCOME_AWARENESS,2026-02-11,33201,32519,1.020972,18,0.054215,1.998333,1.083401,35.97,11.0,0,3.27,0.0,0,0.0,0.0,0,0.0,0,0,0,0,0,0,0.0,0,0.0,0,0,0,544.0,0,0.066121,2.0,0,0,544.0,0,0.066121,0,0,0,0.0,0,0,0.0,0,0,115.0,17.0,7.0,5.0,,,,0.0,mobile_app,BS
ALC - VOLTA AS AULAS,120240233245310402,OUTCOME_AWARENESS,2026-02-11,11,11,1.0,0,0.0,0.0,0.909091,0.01,0.0,0,0.0,0.0,0,0.0,0.0,0,0.0,0,0,0,0,0,0,0.0,0,0.0,0,0,0,0.0,0,0.0,0.0,0,0,0.0,0,0.0,0,0,0,0.0,0,0,0.0,0,0,,,,,,,,0.0,mobile_web,BS
ALC - SUMMER,120240233387880402,OUTCOME_AWARENESS,2026-02-11,1396,844,1.654028,0,0.0,0.0,1.153295,1.61,0.0,0,0.0,0.0,0,0.0,0.0,0,0.0,0,0,0,0,0,0,0.0,0,0.0,0,0,0,12.0,0,0.134167,0.0,0,0,12.0,0,0.134167,0,0,0,0.0,0,0,0.0,0,0,23.0,13.0,10.0,8.0,,,,0.0,desktop,BS
ALC - SUMMER,120240233387880402,OUTCOME_AWARENESS,2026-02-11,542299,323169,1.678066,247,0.045547,2.389069,1.088145,590.1,33.0,0,17.881818,0.0,0,0.0,0.0,0,0.0,0,0,0,0,0,0,0.0,0,0.0,0,0,0,5956.0,0,0.099077,81.0,0,0,5956.0,0,0.099077,0,0,0,0.0,0,0,0.0,0,0,33997.0,7788.0,4254.0,2959.0,,,,3.0,mobile_app,BS
ALC - SUMMER,120240233387880402,OUTCOME_AWARENESS,2026-02-11,153,115,1.330435,0,0.0,0.0,1.111111,0.17,0.0,0,0.0,0.0,0,0.0,0.0,0,0.0,0,0,0,0,0,0,0.0,0,0.0,0,0,0,2.0,0,0.085,0.0,0,0,2.0,0,0.085,0,0,0,0.0,0,0,0.0,0,0,9.0,2.0,1.0,,,,,0.0,mobile_web,BS
ALC - Semana do Cinema - BS JAN 25,120241101673890402,OUTCOME_AWARENESS,2026-02-11,121,104,1.163462,0,0.0,0.0,1.07438,0.13,0.0,0,0.0,0.0,0,0.0,0.0,0,0.0,0,0,0,0,0,0,0.0,0,0.0,0,0,0,0.0,0,0.0,0.0,0,0,0.0,0,0.0,0,0,0,0.0,0,0,0.0,0,0,,,,,,,,0.0,desktop,BS
ALC - Semana do Cinema - BS JAN 25,120241101673890402,OUTCOME_AWARENESS,2026-02-11,24766,24231,1.022079,28,0.113058,1.094286,1.23718,30.64,19.0,0,1.612632,0.0,0,0.0,0.0,0,0.0,0,0,0,0,0,0,0.0,0,0.0,0,0,0,22.0,0,1.392727,3.0,0,0,22.0,0,1.392727,0,0,0,0.0,0,0,0.0,0,0,,,,,,,,6.0,mobile_app,BS
ALC - Semana do Cinema - BS JAN 25,120241101673890402,OUTCOME_AWARENESS,2026-02-11,47,45,1.044444,1,2.12766,0.08,1.702128,0.08,0.0,0,0.0,0.0,0,0.0,0.0,0,0.0,0,0,0,0,0,0,0.0,0,0.0,0,0,0,0.0,0,0.0,0.0,0,0,0.0,0,0.0,0,0,0,0.0,0,0,0.0,0,0,,,,,,,,0.0,mobile_web,BS
ALC - Inauguração - Shantal,120241101729600402,OUTCOME_AWARENESS,2026-02-11,569,455,1.250549,0,0.0,0.0,0.773286,0.44,0.0,0,0.0,0.0,0,0.0,0.0,0,0.0,0,0,0,0,0,0,0.0,0,0.0,0,0,0,0.0,0,0.0,0.0,0,0,0.0,0,0.0,0,0,0,0.0,0,0,0.0,0,0,,,,,,,,0.0,desktop,BS
ALC - Inauguração - Shantal,120241101729600402,OUTCOME_AWARENESS,2026-02-11,212218,124946,1.698478,218,0.102725,1.112339,1.142646,242.49,86.0,0,2.819651,0.0,0,0.0,0.0,0,0.0,0,0,0,0,0,0,0.0,0,0.0,0,0,0,715.0,0,0.339147,47.0,0,0,715.0,0,0.339147,0,0,0,0.0,0,0,0.0,0,0,338.0,140.0,58.0,44.0,,,,22.0,mobile_app,BS
ALC - Inauguração - Shantal,120241101729600402,OUTCOME_AWARENESS,2026-02-11,298,249,1.196787,0,0.0,0.0,1.006711,0.3,0.0,0,0.0,0.0,0,0.0,0.0,0,0.0,0,0,0,0,0,0,0.0,0,0.0,0,0,0,0.0,0,0.0,0.0,0,0,0.0,0,0.0,0,0,0,0.0,0,0,0.0,0,0,,,,,,,,0.0,mobile_web,BS
ALC - Carnaval Kids,120241264649820402,OUTCOME_AWARENESS,2026-02-11,2796,1984,1.409274,2,0.071531,1.760022,1.258957,3.520044,0.0,0,0.0,0.0,0,0.0,0.0,0,0.0,0,0,0,0,0,0,0.0,0,0.0,0,0,0,1.0,0,3.520044,1.0,0,0,1.0,0,3.520044,0,0,0,0.0,0,0,0.0,0,0,,,,,,,,0.0,desktop,BS
ALC - Carnaval Kids,120241264649820402,OUTCOME_AWARENESS,2026-02-11,1240845,819709,1.513763,1590,0.128138,0.994585,1.274446,1581.389931,1250.0,0,1.265112,568.0,0,2.784137,0.0,0,0.0,0,0,0,0,0,0,0.0,0,0.0,0,0,0,1349.0,0,1.172268,92.0,0,0,1349.0,0,1.172268,0,0,0,0.0,0,0,0.0,0,0,,,,,,,,1220.0,mobile_app,BS
ALC - Carnaval Kids,120241264649820402,OUTCOME_AWARENESS,2026-02-11,1539,1203,1.279302,8,0.519818,0.242503,1.260575,1.940024,3.0,0,0.646675,1.0,0,1.940024,0.0,0,0.0,0,0,0,0,0,0,0.0,0,0.0,0,0,0,3.0,0,0.646675,0.0,0,0,3.0,0,0.646675,0,0,0,0.0,0,0,0.0,0,0,,,,,,,,3.0,mobile_web,BS
TRAF - Carnaval,120241501677080402,LINK_CLICKS,2026-02-11,114,78,1.461538,0,0.0,0.0,2.456214,0.280008,0.0,0,0.0,0.0,0,0.0,0.0,0,0.0,0,0,0,0,0,0,0.0,0,0.0,0,0,0,1.0,0,0.280008,0.0,0,0,1.0,0,0.280008,0,0,0,0.0,0,0,0.0,0,0,,,,,,,,0.0,desktop,BS
TRAF - Carnaval,120241501677080402,LINK_CLICKS,2026-02-11,287892,126325,2.278979,3838,1.333139,0.260396,3.471441,999.399982,3341.0,0,0.299132,1517.0,0,0.6588,0.0,0,0.0,0,0,0,0,0,0,0.0,0,0.0,0,0,0,3480.0,0,0.287184,119.0,0,0,3483.0,0,0.286937,0,0,0,0.0,0,0,0.0,0,0,,,,,,,,2205.0,mobile_app,BS
TRAF - Carnaval,120241501677080402,LINK_CLICKS,2026-02-11,118,97,1.216495,1,0.847458,0.32001,2.711946,0.32001,0.0,0,0.0,0.0,0,0.0,0.0,0,0.0,0,0,0,0,0,0,0.0,0,0.0,0,0,0,0.0,0,0.0,0.0,0,0,0.0,0,0.0,0,0,0,0.0,0,0,0.0,0,0,,,,,,,,0.0,mobile_web,BS
ALC - Ghibli Fest,120242067064510402,OUTCOME_AWARENESS,2026-02-11,267,224,1.191964,1,0.374532,0.3,1.123596,0.3,0.0,0,0.0,0.0,0,0.0,0.0,0,0.0,0,0,0,0,0,0,0.0,0,0.0,0,0,0,1.0,0,0.3,1.0,0,0,1.0,0,0.3,0,0,0,0.0,0,0,0.0,0,0,,,,,,,,0.0,desktop,BS
ALC - Ghibli Fest,120242067064510402,OUTCOME_AWARENESS,2026-02-11,111368,84394,1.31962,135,0.12122,0.968,1.173407,130.68,75.0,0,1.7424,12.0,0,10.89,0.0,0,0.0,0,0,0,0,0,0,0.0,0,0.0,0,0,0,109.0,0,1.198899,25.0,0,0,109.0,0,1.198899,0,0,0,0.0,0,0,0.0,0,0,,,,,,,,48.0,mobile_app,BS
ALC - Ghibli Fest,120242067064510402,OUTCOME_AWARENESS,2026-02-11,372,293,1.269625,0,0.0,0.0,1.048387,0.39,0.0,0,0.0,0.0,0,0.0,0.0,0,0.0,0,0,0,0,0,0,0.0,0,0.0,0,0,0,0.0,0,0.0,0.0,0,0,0.0,0,0.0,0,0,0,0.0,0,0,0.0,0,0,,,,,,,,0.0,mobile_web,BS
ALC - Moda Feminina | Verão - AON,120242067169520402,OUTCOME_AWARENESS,2026-02-11,170,133,1.278195,0,0.0,0.0,1.294118,0.22,0.0,0,0.0,0.0,0,0.0,0.0,0,0.0,0,0,0,0,0,0,0.0,0,0.0,0,0,0,0.0,0,0.0,0.0,0,0,0.0,0,0.0,0,0,0,0.0,0,0,0.0,0,0,,,,,,,,0.0,desktop,BS
ALC - Moda Feminina | Verão - AON,120242067169520402,OUTCOME_AWARENESS,2026-02-11,130625,96155,1.358484,87,0.066603,1.804598,1.201914,157.0,55.0,0,2.854545,0.0,0,0.0,0.0,0,0.0,0,0,0,0,0,0,0.0,0,0.0,0,0,0,232.0,0,0.676724,17.0,0,0,232.0,0,0.676724,0,0,0,0.0,0,0,0.0,0,0,36.0,9.0,3.0,3.0,,,,8.0,mobile_app,BS
ALC - Moda Feminina | Verão - AON,120242067169520402,OUTCOME_AWARENESS,2026-02-11,352,268,1.313433,2,0.568182,0.2,1.136364,0.4,0.0,0,0.0,0.0,0,0.0,0.0,0,0.0,0,0,0,0,0,0,0.0,0,0.0,0,0,0,0.0,0,0.0,0.0,0,0,0.0,0,0.0,0,0,0,0.0,0,0,0.0,0,0,,,,,,,,0.0,mobile_web,BS
ALC - Moda Masculina - AON,120242067335900402,OUTCOME_AWARENESS,2026-02-11,1,1,1.0,0,0.0,0.0,0.0,0.0,0.0,0,0.0,0.0,0,0.0,0.0,0,0.0,0,0,0,0,0,0,0.0,0,0.0,0,0,0,0.0,0,0.0,0.0,0,0,0.0,0,0.0,0,0,0,0.0,0,0,0.0,0,0,,,,,,,,0.0,desktop,BS
ALC - Moda Masculina - AON,120242067335900402,OUTCOME_AWARENESS,2026-02-11,105050,75830,1.385336,83,0.07901,1.578916,1.247501,131.05,58.0,0,2.259483,0.0,0,0.0,0.0,0,0.0,0,0,0,0,0,0,0.0,0,0.0,0,0,0,3124.0,0,0.041949,10.0,0,0,3124.0,0,0.041949,0,0,0,0.0,0,0,0.0,0,0,732.0,140.0,45.0,24.0,,,,0.0,mobile_app,BS
ALC - Moda Masculina - AON,120242067335900402,OUTCOME_AWARENESS,2026-02-11,2,2,1.0,0,0.0,0.0,0.0,0.0,0.0,0,0.0,0.0,0,0.0,0.0,0,0.0,0,0,0,0,0,0,0.0,0,0.0,0,0,0,0.0,0,0.0,0.0,0,0,0.0,0,0.0,0,0,0,0.0,0,0,0.0,0,0,,,,,,,,0.0,mobile_web,BS
ALC - Moda Masculina - AON,120242067335900402,OUTCOME_AWARENESS,2026-02-11,1,1,1.0,0,0.0,0.0,0.0,0.0,0.0,0,0.0,0.0,0,0.0,0.0,0,0.0,0,0,0,0,0,0,0.0,0,0.0,0,0,0,0.0,0,0.0,0.0,0,0,0.0,0,0.0,0,0,0,0.0,0,0,0.0,0,0,,,,,,,,0.0,unknown,BS
ALC - Lojas Corredor Zara,120242067408940402,OUTCOME_AWARENESS,2026-02-11,133173,69338,1.920635,134,0.100621,1.172537,1.179819,157.12,98.0,0,1.603265,2.0,0,78.56,0.0,0,0.0,0,0,0,0,0,0,0.0,0,0.0,0,0,0,7157.0,0,0.021953,19.0,0,0,7157.0,0,0.021953,0,0,0,0.0,0,0,0.0,0,0,1598.0,674.0,268.0,140.0,,,,0.0,mobile_app,BS
ALC - Lojas Corredor Zara,120242067408940402,OUTCOME_AWARENESS,2026-02-11,6,5,1.2,0,0.0,0.0,0.0,0.0,0.0,0,0.0,0.0,0,0.0,0.0,0,0.0,0,0,0,0,0,0,0.0,0,0.0,0,0,0,0.0,0,0.0,0.0,0,0,0.0,0,0.0,0,0,0,0.0,0,0,0.0,0,0,,,,,,,,0.0,mobile_web,BS
ALC - Ghibli Fest,120242067064510402,OUTCOME_AWARENESS,2026-03-01,163,142,1.147887,0,0.0,0.0,1.226994,0.2,0.0,0,0.0,0.0,0,0.0,0.0,0,0.0,0,0,0,0,0,0,0.0,0,0.0,0,0,0,0.0,0,0.0,0.0,0,0,0.0,0,0.0,0,0,0,0.0,0,0,0.0,0,0,,,,,,,,0.0,desktop,BS
ALC - Ghibli Fest,120242067064510402,OUTCOME_AWARENESS,2026-03-01,61661,57755,1.067631,59,0.095684,1.01339,0.969657,59.79,32.0,0,1.868438,0.0,0,0.0,1.0,0,59.79,0,0,0,0,0,0,1.0,0,59.79,0,0,0,43.0,0,1.390465,11.0,0,0,43.0,0,1.390465,0,0,0,1.0,0,0,15.0,0,0,,,,,,,,8.0,mobile_app,BS
ALC - Ghibli Fest,120242067064510402,OUTCOME_AWARENESS,2026-03-01,169,164,1.030488,2,1.183432,0.075,0.887574,0.15,0.0,0,0.0,0.0,0,0.0,0.0,0,0.0,0,0,0,0,0,0,0.0,0,0.0,0,0,0,0.0,0,0.0,0.0,0,0,0.0,0,0.0,0,0,0,0.0,0,0,0.0,0,0,,,,,,,,0.0,mobile_web,BS
ALC - Moda Feminina | Verão - AON,120242067169520402,OUTCOME_AWARENESS,2026-03-01,348,243,1.432099,0,0.0,0.0,0.919515,0.319991,0.0,0,0.0,0.0,0,0.0,0.0,0,0.0,0,0,0,0,0,0,0.0,0,0.0,0,0,0,0.0,0,0.0,0.0,0,0,0.0,0,0.0,0,0,0,0.0,0,0,0.0,0,0,,,,,,,,0.0,desktop,BS
ALC - Moda Feminina | Verão - AON,120242067169520402,OUTCOME_AWARENESS,2026-03-01,337939,204010,1.656483,241,0.071315,1.490581,1.063003,359.23003,159.0,0,2.259308,0.0,0,0.0,0.0,0,0.0,0,0,0,0,0,0,0.0,0,0.0,0,0,0,1483.0,0,0.242232,40.0,0,0,1483.0,0,0.242232,0,0,0,0.0,0,0,0.0,0,0,281.0,80.0,45.0,33.0,,,,44.0,mobile_app,BS
ALC - Moda Feminina | Verão - AON,120242067169520402,OUTCOME_AWARENESS,2026-03-01,679,461,1.472885,1,0.147275,0.769979,1.133989,0.769979,0.0,0,0.0,0.0,0,0.0,0.0,0,0.0,0,0,0,0,0,0,0.0,0,0.0,0,0,0,0.0,0,0.0,0.0,0,0,0.0,0,0.0,0,0,0,0.0,0,0,0.0,0,0,,,,,,,,0.0,mobile_web,BS
ALC - Moda Masculina - AON,120242067335900402,OUTCOME_AWARENESS,2026-03-01,783,463,1.691145,0,0.0,0.0,1.149502,0.90006,0.0,0,0.0,0.0,0,0.0,0.0,0,0.0,0,0,0,0,0,0,0.0,0,0.0,0,0,0,0.0,0,0.0,0.0,0,0,0.0,0,0.0,0,0,0,0.0,0,0,5.0,0,0,,,,,,,,0.0,desktop,BS
ALC - Moda Masculina - AON,120242067335900402,OUTCOME_AWARENESS,2026-03-01,263259,166322,1.582827,187,0.071033,1.601176,1.137359,299.419905,109.0,0,2.746972,0.0,0,0.0,3.0,0,99.806635,0,0,0,0,0,0,24.0,0,12.475829,0,0,0,856.0,0,0.34979,34.0,0,0,856.0,0,0.34979,0,0,0,3.0,0,0,165.0,0,0,162.0,30.0,12.0,9.0,,,,28.0,mobile_app,BS
ALC - Moda Masculina - AON,120242067335900402,OUTCOME_AWARENESS,2026-03-01,484,303,1.59736,0,0.0,0.0,1.095114,0.530035,0.0,0,0.0,0.0,0,0.0,0.0,0,0.0,0,0,0,0,0,0,0.0,0,0.0,0,0,0,0.0,0,0.0,0.0,0,0,0.0,0,0.0,0,0,0,0.0,0,0,0.0,0,0,,,,,,,,0.0,mobile_web,BS
ALC - Lojas Corredor Zara,120242067408940402,OUTCOME_AWARENESS,2026-03-01,28,25,1.12,0,0.0,0.0,1.785787,0.050002,0.0,0,0.0,0.0,0,0.0,0.0,0,0.0,0,0,0,0,0,0,0.0,0,0.0,0,0,0,0.0,0,0.0,0.0,0,0,0.0,0,0.0,0,0,0,0.0,0,0,0.0,0,0,,,,,,,,0.0,desktop,BS
ALC - Lojas Corredor Zara,120242067408940402,OUTCOME_AWARENESS,2026-03-01,454214,239717,1.894793,378,0.083221,1.291111,1.074472,488.039996,252.0,0,1.936667,0.0,0,0.0,5.0,0,97.607999,0,0,0,0,0,0,53.0,0,9.208302,0,0,0,21542.0,0,0.022655,61.0,0,0,21542.0,0,0.022655,0,0,0,5.0,0,0,230.0,0,0,3611.0,1285.0,552.0,323.0,,,,2.0,mobile_app,BS
ALC - Lojas Corredor Zara,120242067408940402,OUTCOME_AWARENESS,2026-03-01,45,41,1.097561,0,0.0,0.0,0.888925,0.040002,0.0,0,0.0,0.0,0,0.0,0.0,0,0.0,0,0,0,0,0,0,0.0,0,0.0,0,0,0,0.0,0,0.0,0.0,0,0,0.0,0,0.0,0,0,0,0.0,0,0,0.0,0,0,,,,,,,,0.0,mobile_web,BS
ALC - GASTRONOMIA - BS,120242410811390402,OUTCOME_AWARENESS,2026-03-01,2823,1875,1.5056,0,0.0,0.0,1.342543,3.79,0.0,0,0.0,0.0,0,0.0,0.0,0,0.0,0,0,0,0,0,0,3.0,0,1.263333,0,0,0,0.0,0,0.0,0.0,0,0,0.0,0,0.0,0,0,0,0.0,0,0,15.0,0,0,,,,,,,,0.0,desktop,BS
ALC - GASTRONOMIA - BS,120242410811390402,OUTCOME_AWARENESS,2026-03-01,1310691,737263,1.777779,1180,0.090029,1.420186,1.278577,1675.82,806.0,0,2.079181,0.0,0,0.0,3.0,0,558.606667,0,0,0,0,0,0,98.0,0,17.100204,0,0,0,939.0,0,1.784686,124.0,0,0,939.0,0,1.784686,0,0,0,3.0,0,0,556.0,0,0,,,,,,,,193.0,mobile_app,BS
ALC - GASTRONOMIA - BS,120242410811390402,OUTCOME_AWARENESS,2026-03-01,1403,956,1.467573,5,0.356379,0.39,1.389879,1.95,0.0,0,0.0,0.0,0,0.0,0.0,0,0.0,0,0,0,0,0,0,0.0,0,0.0,0,0,0,1.0,0,1.95,1.0,0,0,1.0,0,1.95,0,0,0,0.0,0,0,0.0,0,0,,,,,,,,0.0,mobile_web,BS
ALC - UNIZUSHI + DULADU,120242554636430402,OUTCOME_AWARENESS,2026-03-01,1390,1115,1.246637,0,0.0,0.0,1.28777,1.79,0.0,0,0.0,0.0,0,0.0,0.0,0,0.0,0,0,0,0,0,0,0.0,0,0.0,0,0,0,130.0,0,0.013769,0.0,0,0,130.0,0,0.013769,0,0,0,0.0,0,0,0.0,0,0,21.0,9.0,7.0,5.0,,,,0.0,desktop,BS
ALC - UNIZUSHI + DULADU,120242554636430402,OUTCOME_AWARENESS,2026-03-01,277231,183707,1.509093,308,0.111099,1.108117,1.231103,341.3,170.0,0,2.007647,106.0,0,3.219811,0.0,0,0.0,0,0,0,0,0,0,0.0,0,0.0,0,0,0,11003.0,0,0.031019,36.0,0,0,11003.0,0,0.031019,0,0,0,0.0,0,0,0.0,0,0,1923.0,449.0,227.0,146.0,,,,169.0,mobile_app,BS
ALC - UNIZUSHI + DULADU,120242554636430402,OUTCOME_AWARENESS,2026-03-01,692,552,1.253623,0,0.0,0.0,1.112717,0.77,0.0,0,0.0,0.0,0,0.0,0.0,0,0.0,0,0,0,0,0,0,0.0,0,0.0,0,0,0,33.0,0,0.023333,0.0,0,0,33.0,0,0.023333,0,0,0,0.0,0,0,0.0,0,0,3.0,1.0,1.0,1.0,,,,0.0,mobile_web,BS
ALC - Gastronomia — AON,120217368581940157,OUTCOME_AWARENESS,2026-02-11,499,456,1.094298,0,0.0,0.0,1.002004,0.5,0.0,0,0.0,0.0,0,0.0,0.0,0,0.0,0,0,0,0,0,0,0.0,0,0.0,0,0,0,57.0,0,0.008772,0.0,0,0,57.0,0,0.008772,0,0,0,0.0,0,0,0.0,0,0,27.0,9.0,6.0,3.0,,,,0.0,desktop,NK
ALC - Gastronomia — AON,120217368581940157,OUTCOME_AWARENESS,2026-02-11,454750,308939,1.471973,327,0.071908,1.6437,1.181946,537.49,183.0,0,2.937104,0.0,0,0.0,0.0,0,0.0,0,0,0,0,0,0,0.0,0,0.0,0,0,0,15537.0,0,0.034594,71.0,0,0,15537.0,0,0.034594,0,0,0,0.0,0,0,0.0,0,0,3127.0,1354.0,410.0,260.0,,,,0.0,mobile_app,NK
ALC - Gastronomia — AON,120217368581940157,OUTCOME_AWARENESS,2026-02-11,206,196,1.05102,0,0.0,0.0,0.776699,0.16,0.0,0,0.0,0.0,0,0.0,0.0,0,0.0,0,0,0,0,0,0,0.0,0,0.0,0,0,0,14.0,0,0.011429,0.0,0,0,14.0,0,0.011429,0,0,0,0.0,0,0,0.0,0,0,3.0,1.0,,,,,,0.0,mobile_web,NK
ALC - Arena Super Games,120236945555570157,OUTCOME_AWARENESS,2026-02-11,5603,5032,1.113474,7,0.124933,0.982867,1.227926,6.88007,0.0,0,0.0,0.0,0,0.0,0.0,0,0.0,0,0,0,0,0,0,0.0,0,0.0,0,0,0,894.0,0,0.007696,0.0,0,0,894.0,0,0.007696,0,0,0,0.0,0,0,0.0,0,0,334.0,130.0,87.0,70.0,,,,0.0,desktop,NK
ALC - Arena Super Games,120236945555570157,OUTCOME_AWARENESS,2026-02-11,772306,626860,1.232023,985,0.12754,0.991472,1.264525,976.599907,19.0,0,51.399995,0.0,0,0.0,0.0,0,0.0,0,0,0,0,0,0,0.0,0,0.0,0,0,0,45941.0,0,0.021258,232.0,0,0,45942.0,0,0.021257,0,0,0,0.0,0,0,0.0,0,0,13374.0,4814.0,1842.0,1140.0,,,,9.0,mobile_app,NK
ALC - Arena Super Games,120236945555570157,OUTCOME_AWARENESS,2026-02-11,1725,1547,1.115061,7,0.405797,0.328575,1.333347,2.300023,0.0,0,0.0,0.0,0,0.0,0.0,0,0.0,0,0,0,0,0,0,0.0,0,0.0,0,0,0,113.0,0,0.020354,0.0,0,0,113.0,0,0.020354,0,0,0,0.0,0,0,0.0,0,0,31.0,14.0,9.0,6.0,,,,0.0,mobile_web,NK
ALC - Cinema - AON,120237502551570157,OUTCOME_AWARENESS,2026-02-11,2903,2069,1.403093,2,0.068894,1.630052,1.123012,3.260104,0.0,0,0.0,0.0,0,0.0,0.0,0,0.0,0,0,0,0,0,0,0.0,0,0.0,0,0,0,299.0,0,0.010903,1.0,0,0,299.0,0,0.010903,0,0,0,0.0,0,0,0.0,0,0,702.0,307.0,169.0,127.0,,,,0.0,desktop,NK
ALC - Cinema - AON,120237502551570157,OUTCOME_AWARENESS,2026-02-11,575228,301623,1.907109,869,0.151071,0.715995,1.081658,622.19983,112.0,0,5.555356,0.0,0,0.0,0.0,0,0.0,0,0,0,0,0,0,0.0,0,0.0,0,0,0,29056.0,0,0.021414,241.0,0,0,29057.0,0,0.021413,0,0,0,0.0,0,0,0.0,0,0,79569.0,29918.0,16249.0,11405.0,,,,105.0,mobile_app,NK
ALC - Cinema - AON,120237502551570157,OUTCOME_AWARENESS,2026-02-11,1852,1193,1.552389,6,0.323974,0.346678,1.123146,2.080066,1.0,0,2.080066,0.0,0,0.0,0.0,0,0.0,0,0,0,0,0,0,0.0,0,0.0,0,0,0,110.0,0,0.01891,1.0,0,0,110.0,0,0.01891,0,0,0,0.0,0,0,0.0,0,0,267.0,111.0,59.0,34.0,,,,1.0,mobile_web,NK
ALC - Coleção Boca Rosa Adidas,120238011056000157,OUTCOME_AWARENESS,2026-02-11,87208,61872,1.409491,82,0.094028,1.358902,1.27775,111.43,46.0,0,2.422391,0.0,0,0.0,0.0,0,0.0,0,0,0,0,0,0,0.0,0,0.0,0,0,0,3914.0,0,0.02847,20.0,0,0,3914.0,0,0.02847,0,0,0,0.0,0,0,0.0,0,0,1458.0,657.0,221.0,126.0,,,,0.0,mobile_app,NK
ALC - Oficinas de Carnaval no Neumarkt Shopping,120238012028540157,OUTCOME_AWARENESS,2026-02-11,310,216,1.435185,0,0.0,0.0,0.870968,0.27,0.0,0,0.0,0.0,0,0.0,0.0,0,0.0,0,0,0,0,0,0,0.0,0,0.0,0,0,0,0.0,0,0.0,0.0,0,0,0.0,0,0.0,0,0,0,0.0,0,0,0.0,0,0,,,,,,,,0.0,desktop,NK
ALC - Oficinas de Carnaval no Neumarkt Shopping,120238012028540157,OUTCOME_AWARENESS,2026-02-11,78746,56896,1.384034,62,0.078734,1.332258,1.048942,82.6,35.0,0,2.36,0.0,0,0.0,0.0,0,0.0,0,0,0,0,0,0,0.0,0,0.0,0,0,0,45.0,0,1.835556,10.0,0,0,46.0,0,1.795652,0,0,0,0.0,0,0,0.0,0,0,,,,,,,,14.0,mobile_app,NK
ALC - Oficinas de Carnaval no Neumarkt Shopping,120238012028540157,OUTCOME_AWARENESS,2026-02-11,334,242,1.380165,0,0.0,0.0,1.257485,0.42,0.0,0,0.0,0.0,0,0.0,0.0,0,0.0,0,0,0,0,0,0,0.0,0,0.0,0,0,0,0.0,0,0.0,0.0,0,0,0.0,0,0.0,0,0,0,0.0,0,0,0.0,0,0,,,,,,,,0.0,mobile_web,NK
ENG - Conteúdos - Fev,120238024409700157,OUTCOME_ENGAGEMENT,2026-02-11,85,80,1.0625,0,0.0,0.0,2.235294,0.19,0.0,0,0.0,0.0,0,0.0,0.0,0,0.0,0,0,0,0,0,0,0.0,0,0.0,0,0,0,24.0,0,0.007917,0.0,0,0,24.0,0,0.007917,0,0,0,0.0,0,0,0.0,0,0,35.0,22.0,11.0,9.0,,,,0.0,desktop,NK
ENG - Conteúdos - Fev,120238024409700157,OUTCOME_ENGAGEMENT,2026-02-11,94901,42613,2.227043,179,0.188618,2.945307,5.555368,527.21,40.0,0,13.18025,0.0,0,0.0,0.0,0,0.0,0,0,0,0,0,0,0.0,0,0.0,0,0,0,20518.0,0,0.025695,3891.0,0,0,20518.0,0,0.025695,0,0,0,0.0,0,0,0.0,0,0,19976.0,10471.0,6452.0,4633.0,,,,40.0,mobile_app,NK
ENG - Conteúdos - Fev,120238024409700157,OUTCOME_ENGAGEMENT,2026-02-11,47,41,1.146341,0,0.0,0.0,1.914894,0.09,0.0,0,0.0,0.0,0,0.0,0.0,0,0.0,0,0,0,0,0,0,0.0,0,0.0,0,0,0,9.0,0,0.01,1.0,0,0,9.0,0,0.01,0,0,0,0.0,0,0,0.0,0,0,10.0,7.0,5.0,5.0,,,,0.0,mobile_web,NK
ALC - Semana do Cinema,120238152179080157,OUTCOME_AWARENESS,2026-02-11,17,16,1.0625,0,0.0,0.0,1.176471,0.02,0.0,0,0.0,0.0,0,0.0,0.0,0,0.0,0,0,0,0,0,0,0.0,0,0.0,0,0,0,5.0,0,0.004,0.0,0,0,5.0,0,0.004,0,0,0,0.0,0,0,0.0,0,0,2.0,1.0,1.0,1.0,,,,0.0,desktop,NK
ALC - Semana do Cinema,120238152179080157,OUTCOME_AWARENESS,2026-02-11,15723,15635,1.005628,5,0.031801,4.024,1.279654,20.12,0.0,0,0.0,0.0,0,0.0,0.0,0,0.0,0,0,0,0,0,0,0.0,0,0.0,0,0,0,563.0,0,0.035737,0.0,0,0,563.0,0,0.035737,0,0,0,0.0,0,0,0.0,0,0,195.0,96.0,23.0,17.0,,,,0.0,mobile_app,NK
ALC - Semana do Cinema,120238152179080157,OUTCOME_AWARENESS,2026-02-11,7,7,1.0,0,0.0,0.0,1.428571,0.01,0.0,0,0.0,0.0,0,0.0,0.0,0,0.0,0,0,0,0,0,0,0.0,0,0.0,0,0,0,0.0,0,0.0,0.0,0,0,0.0,0,0.0,0,0,0,0.0,0,0,0.0,0,0,,,,,,,,0.0,mobile_web,NK
ALC- Valentine's Day,120238271108280157,OUTCOME_AWARENESS,2026-02-11,71284,56856,1.253764,79,0.110824,1.265063,1.401998,99.94,59.0,0,1.693898,0.0,0,0.0,0.0,0,0.0,0,0,0,0,0,0,0.0,0,0.0,0,0,0,2929.0,0,0.034121,9.0,0,0,2929.0,0,0.034121,0,0,0,0.0,0,0,0.0,0,0,524.0,97.0,62.0,40.0,,,,0.0,mobile_app,NK
ALC - Moda Feminina,120238480775560157,OUTCOME_AWARENESS,2026-02-11,91,82,1.109756,0,0.0,0.0,0.879121,0.08,0.0,0,0.0,0.0,0,0.0,0.0,0,0.0,0,0,0,0,0,0,0.0,0,0.0,0,0,0,12.0,0,0.006667,0.0,0,0,12.0,0,0.006667,0,0,0,0.0,0,0,0.0,0,0,5.0,1.0,,,,,,0.0,desktop,NK
ALC - Moda Feminina,120238480775560157,OUTCOME_AWARENESS,2026-02-11,90040,59756,1.506794,42,0.046646,2.531667,1.18092,106.33,1.0,0,106.33,0.0,0,0.0,0.0,0,0.0,0,0,0,0,0,0,0.0,0,0.0,0,0,0,3776.0,0,0.028159,20.0,0,0,3776.0,0,0.028159,0,0,0,0.0,0,0,0.0,0,0,1495.0,714.0,260.0,146.0,,,,1.0,mobile_app,NK
ALC - Moda Feminina,120238480775560157,OUTCOME_AWARENESS,2026-02-11,25,25,1.0,0,0.0,0.0,1.6,0.04,0.0,0,0.0,0.0,0,0.0,0.0,0,0.0,0,0,0,0,0,0,0.0,0,0.0,0,0,0,3.0,0,0.013333,0.0,0,0,3.0,0,0.013333,0,0,0,0.0,0,0,0.0,0,0,1.0,,,,,,,0.0,mobile_web,NK
ALC - Feira Pet NK,120238544787450157,OUTCOME_AWARENESS,2026-02-11,724,555,1.304505,4,0.552486,0.18,0.994475,0.72,0.0,0,0.0,0.0,0,0.0,0.0,0,0.0,0,0,0,0,0,0,0.0,0,0.0,0,0,0,1.0,0,0.72,1.0,0,0,1.0,0,0.72,0,0,0,0.0,0,0,0.0,0,0,,,,,,,,0.0,desktop,NK
ALC - Feira Pet NK,120238544787450157,OUTCOME_AWARENESS,2026-02-11,187706,129464,1.44987,296,0.157693,0.672399,1.060328,199.03,104.0,0,1.91375,0.0,0,0.0,0.0,0,0.0,0,0,0,0,0,0,0.0,0,0.0,0,0,0,149.0,0,1.335772,40.0,0,0,149.0,0,1.335772,0,0,0,0.0,0,0,0.0,0,0,,,,,,,,73.0,mobile_app,NK
ALC - Feira Pet NK,120238544787450157,OUTCOME_AWARENESS,2026-02-11,322,269,1.197026,2,0.621118,0.125,0.776398,0.25,0.0,0,0.0,0.0,0,0.0,0.0,0,0.0,0,0,0,0,0,0,0.0,0,0.0,0,0,0,0.0,0,0.0,0.0,0,0,0.0,0,0.0,0,0,0,0.0,0,0,0.0,0,0,,,,,,,,0.0,mobile_web,NK
ALC - Promoção Meu Méqui,120238882009230157,OUTCOME_AWARENESS,2026-02-11,12,12,1.0,0,0.0,0.0,1.666667,0.02,0.0,0,0.0,0.0,0,0.0,0.0,0,0.0,0,0,0,0,0,0,0.0,0,0.0,0,0,0,0.0,0,0.0,0.0,0,0,0.0,0,0.0,0,0,0,0.0,0,0,0.0,0,0,,,,,,,,0.0,desktop,NK
ALC - Promoção Meu Méqui,120238882009230157,OUTCOME_AWARENESS,2026-02-11,15698,15091,1.040223,32,0.203848,0.676875,1.379794,21.66,25.0,0,0.8664,0.0,0,0.0,0.0,0,0.0,0,0,0,0,0,0,0.0,0,0.0,0,0,0,27.0,0,0.802222,0.0,0,0,27.0,0,0.802222,0,0,0,0.0,0,0,0.0,0,0,,,,,,,,7.0,mobile_app,NK
ALC - Promoção Meu Méqui,120238882009230157,OUTCOME_AWARENESS,2026-02-11,15,15,1.0,0,0.0,0.0,0.666667,0.01,0.0,0,0.0,0.0,0,0.0,0.0,0,0.0,0,0,0,0,0,0,0.0,0,0.0,0,0,0,0.0,0,0.0,0.0,0,0,0.0,0,0.0,0,0,0,0.0,0,0,0.0,0,0,,,,,,,,0.0,mobile_web,NK
ALC - Poker NK,120238895400210157,OUTCOME_AWARENESS,2026-02-11,72,61,1.180328,0,0.0,0.0,0.833333,0.06,0.0,0,0.0,0.0,0,0.0,0.0,0,0.0,0,0,0,0,0,0,0.0,0,0.0,0,0,0,12.0,0,0.005,0.0,0,0,12.0,0,0.005,0,0,0,0.0,0,0,0.0,0,0,2.0,,,,,,,0.0,desktop,NK
ALC - Poker NK,120238895400210157,OUTCOME_AWARENESS,2026-02-11,27273,22365,1.21945,89,0.32633,0.423146,1.380853,37.66,3.0,0,12.553333,0.0,0,0.0,0.0,0,0.0,0,0,0,0,0,0,0.0,0,0.0,0,0,0,2586.0,0,0.014563,4.0,0,0,2587.0,0,0.014557,0,0,0,0.0,0,0,0.0,0,0,598.0,206.0,102.0,47.0,,,,3.0,mobile_app,NK
ALC - Poker NK,120238895400210157,OUTCOME_AWARENESS,2026-02-11,40,38,1.052632,0,0.0,0.0,1.5,0.06,0.0,0,0.0,0.0,0,0.0,0.0,0,0.0,0,0,0,0,0,0,0.0,0,0.0,0,0,0,2.0,0,0.03,0.0,0,0,2.0,0,0.03,0,0,0,0.0,0,0,0.0,0,0,,,,,,,,0.0,mobile_web,NK
ENG - POKER,120238895417590157,OUTCOME_ENGAGEMENT,2026-02-11,8,7,1.142857,0,0.0,0.0,2.5,0.02,0.0,0,0.0,0.0,0,0.0,0.0,0,0.0,0,0,0,0,0,0,0.0,0,0.0,0,0,0,0.0,0,0.0,0.0,0,0,0.0,0,0.0,0,0,0,0.0,0,0,0.0,0,0,,,,,,,,0.0,desktop,NK
ENG - POKER,120238895417590157,OUTCOME_ENGAGEMENT,2026-02-11,4884,3217,1.518185,109,2.231777,0.396881,8.857494,43.26,1.0,0,43.26,0.0,0,0.0,0.0,0,0.0,0,0,0,0,0,0,0.0,0,0.0,0,0,0,1000.0,0,0.04326,382.0,0,0,1000.0,0,0.04326,0,0,0,0.0,0,0,0.0,0,0,156.0,54.0,34.0,20.0,,,,0.0,mobile_app,NK
ENG - POKER,120238895417590157,OUTCOME_ENGAGEMENT,2026-02-11,1,1,1.0,0,0.0,0.0,10.0,0.01,0.0,0,0.0,0.0,0,0.0,0.0,0,0.0,0,0,0,0,0,0,0.0,0,0.0,0,0,0,0.0,0,0.0,0.0,0,0,0.0,0,0.0,0,0,0,0.0,0,0,0.0,0,0,,,,,,,,0.0,mobile_web,NK
ALC - General Ly,120238922807440157,OUTCOME_AWARENESS,2026-02-11,35,34,1.029412,0,0.0,0.0,0.856798,0.029988,0.0,0,0.0,0.0,0,0.0,0.0,0,0.0,0,0,0,0,0,0,0.0,0,0.0,0,0,0,4.0,0,0.007497,0.0,0,0,4.0,0,0.007497,0,0,0,0.0,0,0,0.0,0,0,,,,,,,,0.0,desktop,NK
ALC - General Ly,120238922807440157,OUTCOME_AWARENESS,2026-02-11,18788,16512,1.137839,23,0.122419,1.079566,1.321589,24.830016,1.0,0,24.830016,0.0,0,0.0,0.0,0,0.0,0,0,0,0,0,0,0.0,0,0.0,0,0,0,1575.0,0,0.015765,4.0,0,0,1575.0,0,0.015765,0,0,0,0.0,0,0,0.0,0,0,135.0,43.0,27.0,16.0,,,,0.0,mobile_app,NK
ALC - General Ly,120238922807440157,OUTCOME_AWARENESS,2026-02-11,22,21,1.047619,0,0.0,0.0,0.454363,0.009996,0.0,0,0.0,0.0,0,0.0,0.0,0,0.0,0,0,0,0,0,0,0.0,0,0.0,0,0,0,1.0,0,0.009996,0.0,0,0,1.0,0,0.009996,0,0,0,0.0,0,0,0.0,0,0,,,,,,,,0.0,mobile_web,NK
ALC - Exposição Telomar,120238922924330157,OUTCOME_AWARENESS,2026-02-11,14,14,1.0,0,0.0,0.0,0.714286,0.01,0.0,0,0.0,0.0,0,0.0,0.0,0,0.0,0,0,0,0,0,0,0.0,0,0.0,0,0,0,1.0,0,0.01,0.0,0,0,1.0,0,0.01,0,0,0,0.0,0,0,0.0,0,0,1.0,1.0,,,,,,0.0,desktop,NK
ALC - Exposição Telomar,120238922924330157,OUTCOME_AWARENESS,2026-02-11,18035,18035,1.0,1,0.005545,24.32,1.348489,24.32,0.0,0,0.0,0.0,0,0.0,0.0,0,0.0,0,0,0,0,0,0,0.0,0,0.0,0,0,0,751.0,0,0.032383,1.0,0,0,751.0,0,0.032383,0,0,0,0.0,0,0,0.0,0,0,154.0,40.0,23.0,17.0,,,,0.0,mobile_app,NK
ALC - Exposição Telomar,120238922924330157,OUTCOME_AWARENESS,2026-02-11,10,10,1.0,0,0.0,0.0,2.0,0.02,0.0,0,0.0,0.0,0,0.0,0.0,0,0.0,0,0,0,0,0,0,0.0,0,0.0,0,0,0,0.0,0,0.0,0.0,0,0,0.0,0,0.0,0,0,0,0.0,0,0,0.0,0,0,,,,,,,,0.0,mobile_web,NK
ALC - Legueiros,120238935282320157,OUTCOME_AWARENESS,2026-02-11,161,138,1.166667,0,0.0,0.0,1.180124,0.19,0.0,0,0.0,0.0,0,0.0,0.0,0,0.0,0,0,0,0,0,0,0.0,0,0.0,0,0,0,0.0,0,0.0,0.0,0,0,0.0,0,0.0,0,0,0,0.0,0,0,0.0,0,0,,,,,,,,0.0,desktop,NK
ALC - Legueiros,120238935282320157,OUTCOME_AWARENESS,2026-02-11,53103,49102,1.081483,56,0.105455,1.163571,1.227049,65.16,33.0,0,1.974545,0.0,0,0.0,0.0,0,0.0,0,0,0,0,0,0,0.0,0,0.0,0,0,0,38.0,0,1.714737,4.0,0,0,38.0,0,1.714737,0,0,0,0.0,0,0,0.0,0,0,,,,,,,,19.0,mobile_app,NK
ALC - Legueiros,120238935282320157,OUTCOME_AWARENESS,2026-02-11,250,235,1.06383,0,0.0,0.0,1.2,0.3,0.0,0,0.0,0.0,0,0.0,0.0,0,0.0,0,0,0,0,0,0,0.0,0,0.0,0,0,0,0.0,0,0.0,0.0,0,0,0.0,0,0.0,0,0,0,0.0,0,0,0.0,0,0,,,,,,,,0.0,mobile_web,NK
ALC - Gastronomia — AON,120217368581940157,OUTCOME_AWARENESS,2026-03-01,96,95,1.010526,0,0.0,0.0,1.35421,0.130004,0.0,0,0.0,0.0,0,0.0,0.0,0,0.0,0,0,0,0,0,0,0.0,0,0.0,0,0,0,19.0,0,0.006842,0.0,0,0,19.0,0,0.006842,0,0,0,0.0,0,0,0.0,0,0,5.0,2.0,2.0,2.0,,,,0.0,desktop,NK
ALC - Gastronomia — AON,120217368581940157,OUTCOME_AWARENESS,2026-03-01,270193,236568,1.142137,202,0.074761,1.536832,1.148956,310.439994,130.0,0,2.388,0.0,0,0.0,0.0,0,0.0,0,0,0,0,0,0,0.0,0,0.0,0,0,0,9704.0,0,0.031991,37.0,0,0,9704.0,0,0.031991,0,0,0,0.0,0,0,0.0,0,0,1617.0,632.0,250.0,146.0,,,,0.0,mobile_app,NK
ALC - Gastronomia — AON,120217368581940157,OUTCOME_AWARENESS,2026-03-01,66,66,1.0,0,0.0,0.0,0.90912,0.060002,0.0,0,0.0,0.0,0,0.0,0.0,0,0.0,0,0,0,0,0,0,0.0,0,0.0,0,0,0,5.0,0,0.012,0.0,0,0,5.0,0,0.012,0,0,0,0.0,0,0,0.0,0,0,2.0,,,,,,,0.0,mobile_web,NK
ALC - Cinema - AON,120237502551570157,OUTCOME_AWARENESS,2026-03-01,3151,2602,1.210992,5,0.15868,0.660098,1.047442,3.300488,0.0,0,0.0,0.0,0,0.0,0.0,0,0.0,0,0,0,0,0,0,0.0,0,0.0,0,0,0,409.0,0,0.00807,0.0,0,0,409.0,0,0.00807,0,0,0,0.0,0,0,0.0,0,0,923.0,413.0,224.0,147.0,,,,0.0,desktop,NK
ALC - Cinema - AON,120237502551570157,OUTCOME_AWARENESS,2026-03-01,319824,203237,1.57365,518,0.161964,0.643319,1.041946,333.239316,71.0,0,4.693512,21.0,0,15.868539,0.0,0,0.0,0,0,0,0,0,0,0.0,0,0.0,0,0,0,32126.0,0,0.010373,187.0,0,0,32128.0,0,0.010372,0,0,0,0.0,0,0,0.0,0,0,79001.0,32429.0,18848.0,14059.0,,,,68.0,mobile_app,NK
ALC - Cinema - AON,120237502551570157,OUTCOME_AWARENESS,2026-03-01,1298,950,1.366316,0,0.0,0.0,1.0171,1.320195,0.0,0,0.0,0.0,0,0.0,0.0,0,0.0,0,0,0,0,0,0,0.0,0,0.0,0,0,0,120.0,0,0.011002,0.0,0,0,120.0,0,0.011002,0,0,0,0.0,0,0,0.0,0,0,281.0,123.0,58.0,36.0,,,,0.0,mobile_web,NK
ALC - Moda Feminina,120238480775560157,OUTCOME_AWARENESS,2026-03-01,81,79,1.025316,0,0.0,0.0,1.234568,0.1,0.0,0,0.0,0.0,0,0.0,0.0,0,0.0,0,0,0,0,0,0,0.0,0,0.0,0,0,0,8.0,0,0.0125,0.0,0,0,8.0,0,0.0125,0,0,0,0.0,0,0,0.0,0,0,5.0,,,,,,,0.0,desktop,NK
ALC - Moda Feminina,120238480775560157,OUTCOME_AWARENESS,2026-03-01,88815,59050,1.504064,26,0.029274,3.928846,1.150144,102.15,0.0,0,0.0,0.0,0,0.0,0.0,0,0.0,0,0,0,0,0,0,0.0,0,0.0,0,0,0,3655.0,0,0.027948,28.0,0,0,3655.0,0,0.027948,0,0,0,0.0,0,0,0.0,0,0,1417.0,651.0,240.0,141.0,,,,0.0,mobile_app,NK
ALC - Moda Feminina,120238480775560157,OUTCOME_AWARENESS,2026-03-01,50,47,1.06383,0,0.0,0.0,1.4,0.07,0.0,0,0.0,0.0,0,0.0,0.0,0,0.0,0,0,0,0,0,0,0.0,0,0.0,0,0,0,4.0,0,0.0175,0.0,0,0,4.0,0,0.0175,0,0,0,0.0,0,0,0.0,0,0,,,,,,,,0.0,mobile_web,NK
ALC - Promoção Meu Méqui,120238882009230157,OUTCOME_AWARENESS,2026-03-01,182,173,1.052023,0,0.0,0.0,0.989011,0.18,0.0,0,0.0,0.0,0,0.0,0.0,0,0.0,0,0,0,0,0,0,0.0,0,0.0,0,0,0,0.0,0,0.0,0.0,0,0,0.0,0,0.0,0,0,0,0.0,0,0,0.0,0,0,,,,,,,,0.0,desktop,NK
ALC - Promoção Meu Méqui,120238882009230157,OUTCOME_AWARENESS,2026-03-01,54378,40342,1.347925,102,0.187576,0.604608,1.134098,61.67,83.0,0,0.743012,0.0,0,0.0,0.0,0,0.0,0,0,0,0,0,0,0.0,0,0.0,0,0,0,86.0,0,0.717093,2.0,0,0,86.0,0,0.717093,0,0,0,0.0,0,0,0.0,0,0,,,,,,,,26.0,mobile_app,NK
ALC - Promoção Meu Méqui,120238882009230157,OUTCOME_AWARENESS,2026-03-01,57,54,1.055556,0,0.0,0.0,1.052632,0.06,0.0,0,0.0,0.0,0,0.0,0.0,0,0.0,0,0,0,0,0,0,0.0,0,0.0,0,0,0,0.0,0,0.0,0.0,0,0,0.0,0,0.0,0,0,0,0.0,0,0,0.0,0,0,,,,,,,,0.0,mobile_web,NK
ALC - Poker NK,120238895400210157,OUTCOME_AWARENESS,2026-03-01,111,105,1.057143,0,0.0,0.0,1.261261,0.14,0.0,0,0.0,0.0,0,0.0,0.0,0,0.0,0,0,0,0,0,0,0.0,0,0.0,0,0,0,14.0,0,0.01,0.0,0,0,14.0,0,0.01,0,0,0,0.0,0,0,0.0,0,0,2.0,2.0,1.0,,,,,0.0,desktop,NK
ALC - Poker NK,120238895400210157,OUTCOME_AWARENESS,2026-03-01,32104,25470,1.260463,64,0.199352,0.545313,1.087092,34.9,2.0,0,17.45,0.0,0,0.0,0.0,0,0.0,0,0,0,0,0,0,0.0,0,0.0,0,0,0,2461.0,0,0.014181,6.0,0,0,2461.0,0,0.014181,0,0,0,0.0,0,0,0.0,0,0,619.0,212.0,97.0,46.0,,,,0.0,mobile_app,NK
ALC - Poker NK,120238895400210157,OUTCOME_AWARENESS,2026-03-01,60,58,1.034483,0,0.0,0.0,1.666667,0.1,0.0,0,0.0,0.0,0,0.0,0.0,0,0.0,0,0,0,0,0,0,0.0,0,0.0,0,0,0,4.0,0,0.025,0.0,0,0,4.0,0,0.025,0,0,0,0.0,0,0,0.0,0,0,3.0,1.0,1.0,1.0,,,,0.0,mobile_web,NK
ENG - POKER,120238895417590157,OUTCOME_ENGAGEMENT,2026-03-01,11,11,1.0,0,0.0,0.0,1.819085,0.02001,0.0,0,0.0,0.0,0,0.0,0.0,0,0.0,0,0,0,0,0,0,0.0,0,0.0,0,0,0,4.0,0,0.005002,0.0,0,0,4.0,0,0.005002,0,0,0,0.0,0,0,0.0,0,0,1.0,,,,,,,0.0,desktop,NK
ENG - POKER,120238895417590157,OUTCOME_ENGAGEMENT,2026-03-01,6891,4474,1.540232,85,1.233493,0.473647,5.842402,40.25999,1.0,0,40.25999,0.0,0,0.0,0.0,0,0.0,0,0,0,0,0,0,0.0,0,0.0,0,0,0,1038.0,0,0.038786,319.0,0,0,1038.0,0,0.038786,0,0,0,0.0,0,0,0.0,0,0,200.0,80.0,52.0,33.0,,,,0.0,mobile_app,NK
ENG - POKER,120238895417590157,OUTCOME_ENGAGEMENT,2026-03-01,3,3,1.0,0,0.0,0.0,0.0,0.0,0.0,0,0.0,0.0,0,0.0,0.0,0,0.0,0,0,0,0,0,0,0.0,0,0.0,0,0,0,0.0,0,0.0,0.0,0,0,0.0,0,0.0,0,0,0,0.0,0,0,0.0,0,0,,,,,,,,0.0,mobile_web,NK
ALC - General Ly,120238922807440157,OUTCOME_AWARENESS,2026-03-01,420,306,1.372549,0,0.0,0.0,0.928643,0.39003,0.0,0,0.0,0.0,0,0.0,0.0,0,0.0,0,0,0,0,0,0,0.0,0,0.0,0,0,0,52.0,0,0.007501,0.0,0,0,52.0,0,0.007501,0,0,0,0.0,0,0,0.0,0,0,6.0,2.0,2.0,,,,,0.0,desktop,NK
ALC - General Ly,120238922807440157,OUTCOME_AWARENESS,2026-03-01,113732,69836,1.628558,148,0.13013,0.871486,1.134069,128.979954,8.0,0,16.122494,0.0,0,0.0,0.0,0,0.0,0,0,0,0,0,0,0.0,0,0.0,0,0,0,9628.0,0,0.013396,25.0,0,0,9628.0,0,0.013396,0,0,0,0.0,0,0,0.0,0,0,793.0,205.0,122.0,68.0,,,,1.0,mobile_app,NK
ALC - General Ly,120238922807440157,OUTCOME_AWARENESS,2026-03-01,153,131,1.167939,0,0.0,0.0,1.30729,0.200015,0.0,0,0.0,0.0,0,0.0,0.0,0,0.0,0,0,0,0,0,0,0.0,0,0.0,0,0,0,12.0,0,0.016668,0.0,0,0,12.0,0,0.016668,0,0,0,0.0,0,0,0.0,0,0,1.0,1.0,,,,,,0.0,mobile_web,NK
ALC - Exposição Telomar,120238922924330157,OUTCOME_AWARENESS,2026-03-01,452,414,1.091787,0,0.0,0.0,0.90708,0.41,0.0,0,0.0,0.0,0,0.0,0.0,0,0.0,0,0,0,0,0,0,0.0,0,0.0,0,0,0,31.0,0,0.013226,0.0,0,0,31.0,0,0.013226,0,0,0,0.0,0,0,0.0,0,0,10.0,4.0,4.0,4.0,,,,0.0,desktop,NK
ALC - Exposição Telomar,120238922924330157,OUTCOME_AWARENESS,2026-03-01,97034,66068,1.468699,30,0.030917,3.663,1.13249,109.89,1.0,0,109.89,0.0,0,0.0,0.0,0,0.0,0,0,0,0,0,0,0.0,0,0.0,0,0,0,4512.0,0,0.024355,15.0,0,0,4512.0,0,0.024355,0,0,0,0.0,0,0,0.0,0,0,970.0,292.0,148.0,107.0,,,,1.0,mobile_app,NK
ALC - Exposição Telomar,120238922924330157,OUTCOME_AWARENESS,2026-03-01,95,89,1.067416,0,0.0,0.0,1.473684,0.14,0.0,0,0.0,0.0,0,0.0,0.0,0,0.0,0,0,0,0,0,0,0.0,0,0.0,0,0,0,10.0,0,0.014,0.0,0,0,10.0,0,0.014,0,0,0,0.0,0,0,0.0,0,0,1.0,,,,,,,0.0,mobile_web,NK
ALC - Legueiros,120238935282320157,OUTCOME_AWARENESS,2026-03-01,3456,2133,1.620253,0,0.0,0.0,1.241395,4.29026,0.0,0,0.0,0.0,0,0.0,0.0,0,0.0,0,0,0,0,0,0,0.0,0,0.0,0,0,0,0.0,0,0.0,0.0,0,0,0.0,0,0.0,0,0,0,0.0,0,0,0.0,0,0,,,,,,,,0.0,desktop,NK
ALC - Legueiros,120238935282320157,OUTCOME_AWARENESS,2026-03-01,678958,376483,1.803423,648,0.09544,1.266327,1.208587,820.579657,382.0,0,2.148114,1.0,0,820.579657,0.0,0,0.0,0,0,0,0,0,0,0.0,0,0.0,0,0,0,847.0,0,0.968807,81.0,0,0,847.0,0,0.968807,0,0,0,0.0,0,0,0.0,0,0,39.0,12.0,6.0,5.0,,,,101.0,mobile_app,NK
ALC - Legueiros,120238935282320157,OUTCOME_AWARENESS,2026-03-01,1216,782,1.554987,2,0.164474,0.685041,1.126713,1.370083,0.0,0,0.0,0.0,0,0.0,0.0,0,0.0,0,0,0,0,0,0,0.0,0,0.0,0,0,0,0.0,0,0.0,0.0,0,0,0.0,0,0.0,0,0,0,0.0,0,0,0.0,0,0,,,,,,,,0.0,mobile_web,NK
ALC - Semana do Consumidor,120239316518760157,OUTCOME_AWARENESS,2026-03-01,370,341,1.085044,0,0.0,0.0,1.270249,0.469992,0.0,0,0.0,0.0,0,0.0,0.0,0,0.0,0,0,0,0,0,0,0.0,0,0.0,0,0,0,66.0,0,0.007121,0.0,0,0,66.0,0,0.007121,0,0,0,0.0,0,0,0.0,0,0,4.0,1.0,,,,,,0.0,desktop,NK
ALC - Semana do Consumidor,120239316518760157,OUTCOME_AWARENESS,2026-03-01,424483,284934,1.489759,338,0.079626,1.773166,1.411906,599.330012,76.0,0,7.885921,0.0,0,0.0,0.0,0,0.0,0,0,0,0,0,0,0.0,0,0.0,0,0,0,17406.0,0,0.034432,84.0,0,0,17406.0,0,0.034432,0,0,0,0.0,0,0,0.0,0,0,1979.0,424.0,224.0,146.0,,,,75.0,mobile_app,NK
ALC - Semana do Consumidor,120239316518760157,OUTCOME_AWARENESS,2026-03-01,203,191,1.062827,1,0.492611,0.269996,1.330027,0.269996,0.0,0,0.0,0.0,0,0.0,0.0,0,0.0,0,0,0,0,0,0,0.0,0,0.0,0,0,0,24.0,0,0.01125,0.0,0,0,24.0,0,0.01125,0,0,0,0.0,0,0,0.0,0,0,1.0,,,,,,,0.0,mobile_web,NK
ALC - Páscoa,120239362078700157,OUTCOME_AWARENESS,2026-03-01,29,27,1.074074,0,0.0,0.0,0.0,0.0,0.0,0,0.0,0.0,0,0.0,0.0,0,0.0,0,0,0,0,0,0,0.0,0,0.0,0,0,0,5.0,0,0.0,0.0,0,0,5.0,0,0.0,0,0,0,0.0,0,0,0.0,0,0,,,,,,,,0.0,desktop,NK
ALC - Páscoa,120239362078700157,OUTCOME_AWARENESS,2026-03-01,22754,18494,1.230345,27,0.11866,1.092593,1.296475,29.5,0.0,0,0.0,0.0,0,0.0,0.0,0,0.0,0,0,0,0,0,0,0.0,0,0.0,0,0,0,1385.0,0,0.0213,8.0,0,0,1385.0,0,0.0213,0,0,0,0.0,0,0,0.0,0,0,143.0,50.0,25.0,15.0,,,,0.0,mobile_app,NK
ALC - Páscoa,120239362078700157,OUTCOME_AWARENESS,2026-03-01,7,7,1.0,0,0.0,0.0,0.0,0.0,0.0,0,0.0,0.0,0,0.0,0.0,0,0.0,0,0,0,0,0,0,0.0,0,0.0,0,0,0,3.0,0,0.0,0.0,0,0,3.0,0,0.0,0,0,0,0.0,0,0,0.0,0,0,,,,,,,,0.0,mobile_web,NK
ALC - Agenda de março,120239404690950157,OUTCOME_AWARENESS,2026-03-01,5875,5761,1.019788,7,0.119149,1.115714,1.329362,7.81,6.0,0,1.301667,0.0,0,0.0,0.0,0,0.0,0,0,0,0,0,0,0.0,0,0.0,0,0,0,6.0,0,1.301667,0.0,0,0,6.0,0,1.301667,0,0,0,0.0,0,0,0.0,0,0,,,,,,,,0.0,mobile_app,NK
ALC | Moda Feminina,120218457714640075,OUTCOME_AWARENESS,2026-02-11,77,77,1.0,0,0.0,0.0,1.168831,0.09,0.0,0,0.0,0.0,0,0.0,0.0,0,0.0,0,0,0,0,0,0,0.0,0,0.0,0,0,0,7.0,0,0.012857,0.0,0,0,7.0,0,0.012857,0,0,0,0.0,0,0,0.0,0,0,6.0,5.0,2.0,1.0,,,,0.0,desktop,NR
ALC | Moda Feminina,120218457714640075,OUTCOME_AWARENESS,2026-02-11,236126,186062,1.269072,215,0.091053,1.404093,1.27847,301.88,154.0,0,1.96026,17.0,0,17.757647,0.0,0,0.0,0,0,0,0,0,0,0.0,0,0.0,0,0,0,9153.0,0,0.032982,20.0,0,0,9153.0,0,0.032982,0,0,0,0.0,0,0,0.0,0,0,3589.0,1375.0,718.0,504.0,,,,45.0,mobile_app,NR
ALC | Moda Feminina,120218457714640075,OUTCOME_AWARENESS,2026-02-11,77,75,1.026667,0,0.0,0.0,0.649351,0.05,0.0,0,0.0,0.0,0,0.0,0.0,0,0.0,0,0,0,0,0,0,0.0,0,0.0,0,0,0,5.0,0,0.01,0.0,0,0,5.0,0,0.01,0,0,0,0.0,0,0,0.0,0,0,5.0,2.0,2.0,2.0,,,,0.0,mobile_web,NR
ALC | Moda masculina,120218468471470075,OUTCOME_AWARENESS,2026-02-11,18,18,1.0,0,0.0,0.0,3.333333,0.06,0.0,0,0.0,0.0,0,0.0,0.0,0,0.0,0,0,0,0,0,0,0.0,0,0.0,0,0,0,5.0,0,0.012,0.0,0,0,5.0,0,0.012,0,0,0,0.0,0,0,0.0,0,0,6.0,3.0,2.0,2.0,,,,0.0,desktop,NR
ALC | Moda masculina,120218468471470075,OUTCOME_AWARENESS,2026-02-11,238146,175746,1.355058,243,0.102038,1.257778,1.283414,305.64,178.0,0,1.717079,0.0,0,0.0,0.0,0,0.0,0,0,0,0,0,0,0.0,0,0.0,0,0,0,5675.0,0,0.053857,23.0,0,0,5675.0,0,0.053857,0,0,0,0.0,0,0,0.0,0,0,8448.0,2979.0,1679.0,1167.0,,,,23.0,mobile_app,NR
ALC | Moda masculina,120218468471470075,OUTCOME_AWARENESS,2026-02-11,16,16,1.0,0,0.0,0.0,1.25,0.02,0.0,0,0.0,0.0,0,0.0,0.0,0,0.0,0,0,0,0,0,0,0.0,0,0.0,0,0,0,0.0,0,0.0,0.0,0,0,0.0,0,0.0,0,0,0,0.0,0,0,0.0,0,0,,,,,,,,0.0,mobile_web,NR
ALC - Lojas - Inauguração/ Gastronomia,120218470856850075,OUTCOME_AWARENESS,2026-02-11,347521,254585,1.365049,393,0.113087,1.217379,1.376694,478.43,275.0,0,1.739745,1.0,0,478.43,0.0,0,0.0,0,0,0,0,0,0,0.0,0,0.0,0,0,0,16901.0,0,0.028308,76.0,0,0,16901.0,0,0.028308,0,0,0,0.0,0,0,0.0,0,0,3722.0,1282.0,660.0,370.0,,,,13.0,mobile_app,NR
ALC - Wow Park,120238243719230075,OUTCOME_AWARENESS,2026-02-11,332536,223100,1.490524,492,0.147954,0.911484,1.348576,448.45,341.0,0,1.315103,3.0,0,149.483333,0.0,0,0.0,0,0,0,0,0,0,0.0,0,0.0,0,0,0,7823.0,0,0.057325,47.0,0,0,7823.0,0,0.057325,0,0,0,0.0,0,0,0.0,0,0,1779.0,484.0,251.0,165.0,,,,1.0,mobile_app,NR
ALC - PISTA DE PATINAÇAO,120238346134830075,OUTCOME_AWARENESS,2026-02-11,771694,336001,2.296702,864,0.111961,1.12316,1.257506,970.41,506.0,0,1.917806,3.0,0,323.47,0.0,0,0.0,0,0,0,0,0,0,0.0,0,0.0,0,0,0,30163.0,0,0.032172,127.0,0,0,30163.0,0,0.032172,0,0,0,0.0,0,0,0.0,0,0,7768.0,3763.0,1404.0,821.0,,,,0.0,mobile_app,NR
ALC - Inauguração Freddo Gelateria,120238539202460075,OUTCOME_AWARENESS,2026-02-11,555,366,1.516393,0,0.0,0.0,1.225225,0.68,0.0,0,0.0,0.0,0,0.0,0.0,0,0.0,0,0,0,0,0,0,0.0,0,0.0,0,0,0,51.0,0,0.013333,0.0,0,0,51.0,0,0.013333,0,0,0,0.0,0,0,0.0,0,0,14.0,1.0,1.0,1.0,,,,0.0,desktop,NR
ALC - Inauguração Freddo Gelateria,120238539202460075,OUTCOME_AWARENESS,2026-02-11,318345,175166,1.81739,507,0.159261,0.740454,1.179255,375.41,157.0,0,2.391147,0.0,0,0.0,0.0,0,0.0,0,0,0,0,0,0,0.0,0,0.0,0,0,0,23313.0,0,0.016103,81.0,0,0,23313.0,0,0.016103,0,0,0,0.0,0,0,0.0,0,0,3625.0,907.0,522.0,366.0,,,,0.0,mobile_app,NR
ALC - Inauguração Freddo Gelateria,120238539202460075,OUTCOME_AWARENESS,2026-02-11,233,184,1.266304,1,0.429185,0.21,0.901288,0.21,0.0,0,0.0,0.0,0,0.0,0.0,0,0.0,0,0,0,0,0,0,0.0,0,0.0,0,0,0,23.0,0,0.00913,0.0,0,0,23.0,0,0.00913,0,0,0,0.0,0,0,0.0,0,0,2.0,1.0,,,,,,0.0,mobile_web,NR
ALC - Dragões,120238712803660075,OUTCOME_AWARENESS,2026-02-11,562,475,1.183158,1,0.177936,0.64,1.13879,0.64,0.0,0,0.0,0.0,0,0.0,0.0,0,0.0,0,0,0,0,0,0,0.0,0,0.0,0,0,0,65.0,0,0.009846,0.0,0,0,65.0,0,0.009846,0,0,0,0.0,0,0,0.0,0,0,8.0,3.0,2.0,2.0,,,,0.0,desktop,NR
ALC - Dragões,120238712803660075,OUTCOME_AWARENESS,2026-02-11,360932,236891,1.523621,760,0.210566,0.587329,1.236715,446.37,153.0,0,2.917451,71.0,0,6.286901,0.0,0,0.0,0,0,0,0,0,0,0.0,0,0.0,0,0,0,25206.0,0,0.017709,184.0,0,0,25206.0,0,0.017709,0,0,0,0.0,0,0,0.0,0,0,3950.0,1481.0,682.0,380.0,,,,143.0,mobile_app,NR
ALC - Dragões,120238712803660075,OUTCOME_AWARENESS,2026-02-11,410,343,1.195335,0,0.0,0.0,1.0,0.41,0.0,0,0.0,0.0,0,0.0,0.0,0,0.0,0,0,0,0,0,0,0.0,0,0.0,0,0,0,47.0,0,0.008723,1.0,0,0,47.0,0,0.008723,0,0,0,0.0,0,0,0.0,0,0,7.0,3.0,1.0,1.0,,,,0.0,mobile_web,NR
ALC - Bailinho de Carnaval,120238985339690075,OUTCOME_AWARENESS,2026-02-11,125,121,1.033058,0,0.0,0.0,1.199912,0.149989,0.0,0,0.0,0.0,0,0.0,0.0,0,0.0,0,0,0,0,0,0,0.0,0,0.0,0,0,0,4.0,0,0.037497,0.0,0,0,4.0,0,0.037497,0,0,0,0.0,0,0,0.0,0,0,,,,,,,,0.0,desktop,NR
ALC - Bailinho de Carnaval,120238985339690075,OUTCOME_AWARENESS,2026-02-11,97888,84403,1.159769,111,0.113395,1.220631,1.384133,135.490017,87.0,0,1.557357,27.0,0,5.018149,0.0,0,0.0,0,0,0,0,0,0,0.0,0,0.0,0,0,0,1188.0,0,0.114049,9.0,0,0,1188.0,0,0.114049,0,0,0,0.0,0,0,0.0,0,0,273.0,94.0,32.0,18.0,,,,81.0,mobile_app,NR
ALC - Bailinho de Carnaval,120238985339690075,OUTCOME_AWARENESS,2026-02-11,49,48,1.020833,0,0.0,0.0,1.632533,0.079994,0.0,0,0.0,0.0,0,0.0,0.0,0,0.0,0,0,0,0,0,0,0.0,0,0.0,0,0,0,3.0,0,0.026665,0.0,0,0,3.0,0,0.026665,0,0,0,0.0,0,0,0.0,0,0,,,,,,,,0.0,mobile_web,NR
ALC - Semana do Cinema Jan 25,120238985527080075,OUTCOME_AWARENESS,2026-02-11,14,14,1.0,0,0.0,0.0,1.428571,0.02,0.0,0,0.0,0.0,0,0.0,0.0,0,0.0,0,0,0,0,0,0,0.0,0,0.0,0,0,0,0.0,0,0.0,0.0,0,0,0.0,0,0.0,0,0,0,0.0,0,0,0.0,0,0,,,,,,,,0.0,desktop,NR
ALC - Semana do Cinema Jan 25,120238985527080075,OUTCOME_AWARENESS,2026-02-11,5731,5564,1.030014,9,0.157041,0.84,1.319142,7.56,5.0,0,1.512,2.0,0,3.78,0.0,0,0.0,0,0,0,0,0,0,0.0,0,0.0,0,0,0,6.0,0,1.26,1.0,0,0,6.0,0,1.26,0,0,0,0.0,0,0,0.0,0,0,,,,,,,,5.0,mobile_app,NR
ALC - Semana do Cinema Jan 25,120238985527080075,OUTCOME_AWARENESS,2026-02-11,4,4,1.0,0,0.0,0.0,2.5,0.01,0.0,0,0.0,0.0,0,0.0,0.0,0,0.0,0,0,0,0,0,0,0.0,0,0.0,0,0,0,0.0,0,0.0,0.0,0,0,0.0,0,0.0,0,0,0,0.0,0,0,0.0,0,0,,,,,,,,0.0,mobile_web,NR
ALC - Brasileirisse,120239236381150075,OUTCOME_AWARENESS,2026-02-11,402,342,1.175439,0,0.0,0.0,0.995025,0.4,0.0,0,0.0,0.0,0,0.0,0.0,0,0.0,0,0,0,0,0,0,0.0,0,0.0,0,0,0,54.0,0,0.007407,0.0,0,0,54.0,0,0.007407,0,0,0,0.0,0,0,0.0,0,0,10.0,5.0,2.0,2.0,,,,0.0,desktop,NR
ALC - Brasileirisse,120239236381150075,OUTCOME_AWARENESS,2026-02-11,144683,90239,1.603331,171,0.118189,1.048655,1.239399,179.32,119.0,0,1.506891,46.0,0,3.898261,0.0,0,0.0,0,0,0,0,0,0,0.0,0,0.0,0,0,0,6620.0,0,0.027088,31.0,0,0,6620.0,0,0.027088,0,0,0,0.0,0,0,0.0,0,0,1059.0,329.0,170.0,95.0,,,,119.0,mobile_app,NR
ALC - Brasileirisse,120239236381150075,OUTCOME_AWARENESS,2026-02-11,245,208,1.177885,1,0.408163,0.17,0.693878,0.17,0.0,0,0.0,0.0,0,0.0,0.0,0,0.0,0,0,0,0,0,0,0.0,0,0.0,0,0,0,19.0,0,0.008947,0.0,0,0,19.0,0,0.008947,0,0,0,0.0,0,0,0.0,0,0,3.0,2.0,2.0,1.0,,,,0.0,mobile_web,NR
ALC - Feira de adoção pet,120239353688880075,OUTCOME_AWARENESS,2026-02-11,41073,31581,1.30056,43,0.104692,1.124884,1.177659,48.37,26.0,0,1.860385,0.0,0,0.0,0.0,0,0.0,0,0,0,0,0,0,0.0,0,0.0,0,0,0,37.0,0,1.307297,10.0,0,0,37.0,0,1.307297,0,0,0,0.0,0,0,0.0,0,0,,,,,,,,1.0,mobile_app,NR
ALC - Oficina de RPG,120239356883300075,OUTCOME_AWARENESS,2026-02-11,194,186,1.043011,0,0.0,0.0,1.134021,0.22,0.0,0,0.0,0.0,0,0.0,0.0,0,0.0,0,0,0,0,0,0,0.0,0,0.0,0,0,0,0.0,0,0.0,0.0,0,0,0.0,0,0.0,0,0,0,0.0,0,0,0.0,0,0,,,,,,,,0.0,desktop,NR
ALC - Oficina de RPG,120239356883300075,OUTCOME_AWARENESS,2026-02-11,147391,110649,1.332059,209,0.1418,0.95512,1.354357,199.62,164.0,0,1.217195,0.0,0,0.0,0.0,0,0.0,0,0,0,0,0,0,0.0,0,0.0,0,0,0,171.0,0,1.167368,5.0,0,0,171.0,0,1.167368,0,0,0,0.0,0,0,0.0,0,0,,,,,,,,164.0,mobile_app,NR
ALC - Oficina de RPG,120239356883300075,OUTCOME_AWARENESS,2026-02-11,38,37,1.027027,0,0.0,0.0,0.789474,0.03,0.0,0,0.0,0.0,0,0.0,0.0,0,0.0,0,0,0,0,0,0,0.0,0,0.0,0,0,0,0.0,0,0.0,0.0,0,0,0.0,0,0.0,0,0,0,0.0,0,0,0.0,0,0,,,,,,,,0.0,mobile_web,NR
ALC - Aventura Congelante,120239402846960075,OUTCOME_AWARENESS,2026-02-11,1437,1011,1.421365,1,0.069589,1.64,1.141267,1.64,0.0,0,0.0,0.0,0,0.0,0.0,0,0.0,0,0,0,0,0,0,0.0,0,0.0,0,0,0,253.0,0,0.006482,0.0,0,0,253.0,0,0.006482,0,0,0,0.0,0,0,0.0,0,0,319.0,142.0,75.0,47.0,,,,0.0,desktop,NR
ALC - Aventura Congelante,120239402846960075,OUTCOME_AWARENESS,2026-02-11,220179,133306,1.651681,391,0.177583,0.632992,1.124085,247.5,158.0,0,1.566456,1.0,0,247.5,0.0,0,0.0,0,0,0,0,0,0,0.0,0,0.0,0,0,0,17925.0,0,0.013808,83.0,0,0,17925.0,0,0.013808,0,0,0,0.0,0,0,0.0,0,0,22923.0,8404.0,3879.0,2308.0,,,,158.0,mobile_app,NR
ALC - Aventura Congelante,120239402846960075,OUTCOME_AWARENESS,2026-02-11,358,261,1.371648,3,0.837989,0.14,1.173184,0.42,2.0,0,0.21,0.0,0,0.0,0.0,0,0.0,0,0,0,0,0,0,0.0,0,0.0,0,0,0,3.0,0,0.14,0.0,0,0,3.0,0,0.14,0,0,0,0.0,0,0,0.0,0,0,2.0,,,,,,,2.0,mobile_web,NR
ALC - Encerramento Carnval,120239714623330075,OUTCOME_AWARENESS,2026-02-11,87,83,1.048193,0,0.0,0.0,0.91954,0.08,0.0,0,0.0,0.0,0,0.0,0.0,0,0.0,0,0,0,0,0,0,0.0,0,0.0,0,0,0,9.0,0,0.008889,0.0,0,0,9.0,0,0.008889,0,0,0,0.0,0,0,0.0,0,0,,,,,,,,0.0,desktop,NR
ALC - Encerramento Carnval,120239714623330075,OUTCOME_AWARENESS,2026-02-11,92649,68549,1.351573,18,0.019428,6.072778,1.179829,109.31,0.0,0,0.0,0.0,0,0.0,0.0,0,0.0,0,0,0,0,0,0,0.0,0,0.0,0,0,0,2856.0,0,0.038274,14.0,0,0,2856.0,0,0.038274,0,0,0,0.0,0,0,0.0,0,0,638.0,115.0,63.0,34.0,,,,0.0,mobile_app,NR
ALC - Encerramento Carnval,120239714623330075,OUTCOME_AWARENESS,2026-02-11,61,61,1.0,0,0.0,0.0,0.983607,0.06,0.0,0,0.0,0.0,0,0.0,0.0,0,0.0,0,0,0,0,0,0,0.0,0,0.0,0,0,0,9.0,0,0.006667,0.0,0,0,9.0,0,0.006667,0,0,0,0.0,0,0,0.0,0,0,3.0,1.0,1.0,1.0,,,,0.0,mobile_web,NR
ALC - Volksfriends,120239716062130075,OUTCOME_AWARENESS,2026-02-11,248670,169572,1.466457,358,0.143966,0.837905,1.206298,299.97,254.0,0,1.180984,0.0,0,0.0,0.0,0,0.0,0,0,0,0,0,0,0.0,0,0.0,0,0,0,296.0,0,1.013412,36.0,0,0,296.0,0,1.013412,0,0,0,0.0,0,0,0.0,0,0,,,,,,,,0.0,mobile_app,NR
ALC - Norte Cafe,120239888343150075,OUTCOME_AWARENESS,2026-02-11,61652,45991,1.340523,40,0.06488,1.9995,1.297282,79.98,27.0,0,2.962222,0.0,0,0.0,0.0,0,0.0,0,0,0,0,0,0,0.0,0,0.0,0,0,0,2069.0,0,0.038656,7.0,0,0,2069.0,0,0.038656,0,0,0,0.0,0,0,0.0,0,0,956.0,437.0,133.0,88.0,,,,0.0,mobile_app,NR
ALC - Filme Todo mundo em Panico,120239890360550075,OUTCOME_AWARENESS,2026-02-11,4,4,1.0,0,0.0,0.0,0.0,0.0,0.0,0,0.0,0.0,0,0.0,0.0,0,0.0,0,0,0,0,0,0,0.0,0,0.0,0,0,0,0.0,0,0.0,0.0,0,0,0.0,0,0.0,0,0,0,0.0,0,0,0.0,0,0,,,,,,,,0.0,mobile_app,NR
ALC - Todo mundo em panico,120239954131620075,OUTCOME_AWARENESS,2026-02-11,227,210,1.080952,0,0.0,0.0,1.365639,0.31,0.0,0,0.0,0.0,0,0.0,0.0,0,0.0,0,0,0,0,0,0,0.0,0,0.0,0,0,0,27.0,0,0.011481,0.0,0,0,27.0,0,0.011481,0,0,0,0.0,0,0,0.0,0,0,11.0,7.0,5.0,3.0,,,,0.0,desktop,NR
ALC - Todo mundo em panico,120239954131620075,OUTCOME_AWARENESS,2026-02-11,76500,58193,1.314591,36,0.047059,2.992778,1.408366,107.74,11.0,0,9.794545,4.0,0,26.935,0.0,0,0.0,0,0,0,0,0,0,0.0,0,0.0,0,0,0,2709.0,0,0.039771,15.0,0,0,2709.0,0,0.039771,0,0,0,0.0,0,0,0.0,0,0,963.0,449.0,183.0,132.0,,,,10.0,mobile_app,NR
ALC - Todo mundo em panico,120239954131620075,OUTCOME_AWARENESS,2026-02-11,147,143,1.027972,0,0.0,0.0,1.564626,0.23,0.0,0,0.0,0.0,0,0.0,0.0,0,0.0,0,0,0,0,0,0,0.0,0,0.0,0,0,0,22.0,0,0.010455,0.0,0,0,22.0,0,0.010455,0,0,0,0.0,0,0,0.0,0,0,3.0,,,,,,,0.0,mobile_web,NR
ALC- Massinha Play-Doh,120240047519830075,OUTCOME_AWARENESS,2026-02-11,29,29,1.0,0,0.0,0.0,0.689655,0.02,0.0,0,0.0,0.0,0,0.0,0.0,0,0.0,0,0,0,0,0,0,0.0,0,0.0,0,0,0,2.0,0,0.01,0.0,0,0,2.0,0,0.01,0,0,0,0.0,0,0,0.0,0,0,,,,,,,,0.0,desktop,NR
ALC- Massinha Play-Doh,120240047519830075,OUTCOME_AWARENESS,2026-02-11,64407,60896,1.057656,18,0.027947,5.553333,1.552005,99.96,0.0,0,0.0,0.0,0,0.0,0.0,0,0.0,0,0,0,0,0,0,0.0,0,0.0,0,0,0,2583.0,0,0.038699,8.0,0,0,2583.0,0,0.038699,0,0,0,0.0,0,0,0.0,0,0,1512.0,589.0,359.0,178.0,,,,0.0,mobile_app,NR
ALC- Massinha Play-Doh,120240047519830075,OUTCOME_AWARENESS,2026-02-11,18,18,1.0,0,0.0,0.0,1.111111,0.02,0.0,0,0.0,0.0,0,0.0,0.0,0,0.0,0,0,0,0,0,0,0.0,0,0.0,0,0,0,3.0,0,0.006667,0.0,0,0,3.0,0,0.006667,0,0,0,0.0,0,0,0.0,0,0,3.0,,,,,,,0.0,mobile_web,NR
ALC | Moda Feminina,120218457714640075,OUTCOME_AWARENESS,2026-03-01,319,310,1.029032,1,0.31348,0.40004,1.254043,0.40004,1.0,0,0.40004,0.0,0,0.0,0.0,0,0.0,0,0,0,0,0,0,0.0,0,0.0,0,0,0,37.0,0,0.010812,0.0,0,0,37.0,0,0.010812,0,0,0,0.0,0,0,0.0,0,0,34.0,7.0,7.0,4.0,,,,1.0,desktop,NR
ALC | Moda Feminina,120218457714640075,OUTCOME_AWARENESS,2026-03-01,316891,259208,1.222536,366,0.115497,1.102295,1.273119,403.439924,199.0,0,2.027336,41.0,0,9.839998,1.0,0,403.439924,0,0,0,0,0,0,13.0,0,31.03384,0,0,0,14777.0,0,0.027302,87.0,0,0,14777.0,0,0.027302,0,0,0,1.0,0,0,56.0,0,0,10140.0,3883.0,1995.0,1323.0,,,,89.0,mobile_app,NR
ALC | Moda Feminina,120218457714640075,OUTCOME_AWARENESS,2026-03-01,318,284,1.119718,1,0.314465,0.370037,1.163637,0.370037,0.0,0,0.0,0.0,0,0.0,0.0,0,0.0,0,0,0,0,0,0,0.0,0,0.0,0,0,0,27.0,0,0.013705,0.0,0,0,27.0,0,0.013705,0,0,0,0.0,0,0,1.0,0,0,30.0,7.0,3.0,2.0,,,,0.0,mobile_web,NR
ALC | Moda masculina,120218468471470075,OUTCOME_AWARENESS,2026-03-01,20,19,1.052632,0,0.0,0.0,1.000089,0.020002,0.0,0,0.0,0.0,0,0.0,0.0,0,0.0,0,0,0,0,0,0,0.0,0,0.0,0,0,0,2.0,0,0.010001,0.0,0,0,2.0,0,0.010001,0,0,0,0.0,0,0,0.0,0,0,6.0,2.0,2.0,1.0,,,,0.0,desktop,NR
ALC | Moda masculina,120218468471470075,OUTCOME_AWARENESS,2026-03-01,264335,232886,1.13504,252,0.095334,1.33631,1.273952,336.749997,175.0,0,1.924286,0.0,0,0.0,0.0,0,0.0,0,0,0,0,0,0,0.0,0,0.0,0,0,0,9028.0,0,0.037301,28.0,0,0,9028.0,0,0.037301,0,0,0,0.0,0,0,0.0,0,0,14174.0,5066.0,2787.0,1898.0,,,,16.0,mobile_app,NR
ALC | Moda masculina,120218468471470075,OUTCOME_AWARENESS,2026-03-01,27,27,1.0,0,0.0,0.0,0.370403,0.010001,0.0,0,0.0,0.0,0,0.0,0.0,0,0.0,0,0,0,0,0,0,0.0,0,0.0,0,0,0,4.0,0,0.0025,0.0,0,0,4.0,0,0.0025,0,0,0,0.0,0,0,0.0,0,0,4.0,2.0,,,,,,0.0,mobile_web,NR
ALC - Lojas - Inauguração/ Gastronomia,120218470856850075,OUTCOME_AWARENESS,2026-03-01,53,52,1.019231,0,0.0,0.0,1.132111,0.060002,0.0,0,0.0,0.0,0,0.0,0.0,0,0.0,0,0,0,0,0,0,0.0,0,0.0,0,0,0,2.0,0,0.030001,0.0,0,0,2.0,0,0.030001,0,0,0,0.0,0,0,0.0,0,0,,,,,,,,0.0,desktop,NR
ALC - Lojas - Inauguração/ Gastronomia,120218470856850075,OUTCOME_AWARENESS,2026-03-01,471910,410451,1.149735,481,0.101926,1.319335,1.344748,634.599996,346.0,0,1.834104,0.0,0,0.0,0.0,0,0.0,0,0,0,0,0,0,2.0,0,317.299998,0,0,0,20619.0,0,0.030777,82.0,0,0,20619.0,0,0.030777,0,0,0,0.0,0,0,12.0,0,0,3576.0,1001.0,523.0,329.0,,,,10.0,mobile_app,NR
ALC - Lojas - Inauguração/ Gastronomia,120218470856850075,OUTCOME_AWARENESS,2026-03-01,51,51,1.0,0,0.0,0.0,1.372592,0.070002,0.0,0,0.0,0.0,0,0.0,0.0,0,0.0,0,0,0,0,0,0,0.0,0,0.0,0,0,0,4.0,0,0.017501,0.0,0,0,4.0,0,0.017501,0,0,0,0.0,0,0,0.0,0,0,,,,,,,,0.0,mobile_web,NR
ALC - Wow Park,120238243719230075,OUTCOME_AWARENESS,2026-03-01,85660,80395,1.065489,126,0.147093,0.864683,1.271889,108.95,84.0,0,1.297024,0.0,0,0.0,0.0,0,0.0,0,0,0,0,0,0,0.0,0,0.0,0,0,0,4165.0,0,0.026158,24.0,0,0,4165.0,0,0.026158,0,0,0,0.0,0,0,0.0,0,0,853.0,216.0,107.0,60.0,,,,0.0,mobile_app,NR
ALC - PISTA DE PATINAÇAO,120238346134830075,OUTCOME_AWARENESS,2026-03-01,188222,151937,1.238816,221,0.117415,1.012579,1.188915,223.78,155.0,0,1.443742,0.0,0,0.0,0.0,0,0.0,0,0,0,0,0,0,0.0,0,0.0,0,0,0,9155.0,0,0.024443,39.0,0,0,9155.0,0,0.024443,0,0,0,0.0,0,0,0.0,0,0,3186.0,1401.0,481.0,294.0,,,,0.0,mobile_app,NR
ALC - Todo mundo em panico,120239954131620075,OUTCOME_AWARENESS,2026-03-01,1036,820,1.263415,1,0.096525,1.370114,1.322503,1.370114,0.0,0,0.0,0.0,0,0.0,0.0,0,0.0,0,0,0,0,0,0,0.0,0,0.0,0,0,0,156.0,0,0.008783,0.0,0,0,156.0,0,0.008783,0,0,0,0.0,0,0,0.0,0,0,42.0,17.0,13.0,11.0,,,,0.0,desktop,NR
ALC - Todo mundo em panico,120239954131620075,OUTCOME_AWARENESS,2026-03-01,585721,362242,1.616933,724,0.123608,1.163784,1.438534,842.5798,416.0,0,2.025432,278.0,0,3.030863,0.0,0,0.0,0,0,0,0,0,0,0.0,0,0.0,0,0,0,48845.0,0,0.01725,581.0,0,0,48845.0,0,0.01725,0,0,0,0.0,0,0,0.0,0,0,10819.0,4277.0,2590.0,1644.0,,,,415.0,mobile_app,NR
ALC - Todo mundo em panico,120239954131620075,OUTCOME_AWARENESS,2026-03-01,859,634,1.35489,0,0.0,0.0,1.222453,1.050087,0.0,0,0.0,0.0,0,0.0,0.0,0,0.0,0,0,0,0,0,0,0.0,0,0.0,0,0,0,119.0,0,0.008824,0.0,0,0,119.0,0,0.008824,0,0,0,0.0,0,0,0.0,0,0,41.0,14.0,8.0,3.0,,,,0.0,mobile_web,NR
ALC - Coelho Flock,120240253340710075,OUTCOME_AWARENESS,2026-03-01,472,433,1.090069,0,0.0,0.0,1.250083,0.590039,0.0,0,0.0,0.0,0,0.0,0.0,0,0.0,0,0,0,0,0,0,0.0,0,0.0,0,0,0,0.0,0,0.0,0.0,0,0,0.0,0,0.0,0,0,0,0.0,0,0,0.0,0,0,,,,,,,,0.0,desktop,NR
ALC - Coelho Flock,120240253340710075,OUTCOME_AWARENESS,2026-03-01,230697,145311,1.587609,258,0.111835,1.158294,1.295379,298.839951,217.0,0,1.377143,1.0,0,298.839951,0.0,0,0.0,0,0,0,0,0,0,0.0,0,0.0,0,0,0,236.0,0,1.266271,16.0,0,0,236.0,0,1.266271,0,0,0,0.0,0,0,0.0,0,0,,,,,,,,217.0,mobile_app,NR
ALC - Coelho Flock,120240253340710075,OUTCOME_AWARENESS,2026-03-01,95,87,1.091954,0,0.0,0.0,1.473783,0.140009,0.0,0,0.0,0.0,0,0.0,0.0,0,0.0,0,0,0,0,0,0,0.0,0,0.0,0,0,0,0.0,0,0.0,0.0,0,0,0.0,0,0.0,0,0,0,0.0,0,0,0.0,0,0,,,,,,,,0.0,mobile_web,NR
ALC - Pet Day - Corrida Pet,120240504098140075,OUTCOME_AWARENESS,2026-03-01,97,96,1.010417,0,0.0,0.0,1.649485,0.16,0.0,0,0.0,0.0,0,0.0,0.0,0,0.0,0,0,0,0,0,0,0.0,0,0.0,0,0,0,0.0,0,0.0,0.0,0,0,0.0,0,0.0,0,0,0,0.0,0,0,0.0,0,0,,,,,,,,0.0,desktop,NR
ALC - Pet Day - Corrida Pet,120240504098140075,OUTCOME_AWARENESS,2026-03-01,90478,83568,1.082687,135,0.149208,0.90637,1.352373,122.36,112.0,0,1.0925,1.0,0,122.36,0.0,0,0.0,0,0,0,0,0,0,1.0,0,122.36,0,0,0,130.0,0,0.941231,8.0,0,0,130.0,0,0.941231,0,0,0,0.0,0,0,18.0,0,0,,,,,,,,111.0,mobile_app,NR
ALC - Pet Day - Corrida Pet,120240504098140075,OUTCOME_AWARENESS,2026-03-01,23,23,1.0,0,0.0,0.0,0.869565,0.02,0.0,0,0.0,0.0,0,0.0,0.0,0,0.0,0,0,0,0,0,0,0.0,0,0.0,0,0,0,0.0,0,0.0,0.0,0,0,0.0,0,0.0,0,0,0,0.0,0,0,0.0,0,0,,,,,,,,0.0,mobile_web,NR
ALC - Pokemon,120240557522400075,OUTCOME_AWARENESS,2026-03-01,63733,51302,1.24231,73,0.11454,1.28,1.466116,93.44,48.0,0,1.946667,0.0,0,0.0,1.0,0,93.44,0,0,0,0,0,0,2.0,0,46.72,0,0,0,2250.0,0,0.041529,11.0,0,0,2250.0,0,0.041529,0,0,0,1.0,0,0,5.0,0,0,872.0,430.0,102.0,78.0,,,,0.0,mobile_app,NR
ALC - Páscoa Cacau Show,120240557649330075,OUTCOME_AWARENESS,2026-03-01,22,22,1.0,0,0.0,0.0,0.45441,0.009997,0.0,0,0.0,0.0,0,0.0,0.0,0,0.0,0,0,0,0,0,0,0.0,0,0.0,0,0,0,7.0,0,0.001428,0.0,0,0,7.0,0,0.001428,0,0,0,0.0,0,0,0.0,0,0,1.0,1.0,,,,,,0.0,desktop,NR
ALC - Páscoa Cacau Show,120240557649330075,OUTCOME_AWARENESS,2026-03-01,24662,20748,1.188645,22,0.089206,1.521364,1.357149,33.470012,0.0,0,0.0,0.0,0,0.0,0.0,0,0.0,0,0,0,0,0,0,0.0,0,0.0,0,0,0,1397.0,0,0.023958,10.0,0,0,1397.0,0,0.023958,0,0,0,0.0,0,0,1.0,0,0,434.0,132.0,92.0,50.0,,,,0.0,mobile_app,NR
ALC - Páscoa Cacau Show,120240557649330075,OUTCOME_AWARENESS,2026-03-01,12,12,1.0,0,0.0,0.0,2.499254,0.029991,0.0,0,0.0,0.0,0,0.0,0.0,0,0.0,0,0,0,0,0,0,0.0,0,0.0,0,0,0,0.0,0,0.0,0.0,0,0,0.0,0,0.0,0,0,0,0.0,0,0,0.0,0,0,,,,,,,,0.0,mobile_web,NR
ALC - MODA,120242232300500260,OUTCOME_AWARENESS,2026-02-11,512897,354301,1.447631,544,0.106064,1.154063,1.224047,627.81,359.0,0,1.748774,0.0,0,0.0,0.0,0,0.0,0,0,0,0,0,0,0.0,0,0.0,0,0,0,25980.0,0,0.024165,55.0,0,0,25980.0,0,0.024165,0,0,0,0.0,0,0,0.0,0,0,743.0,261.0,147.0,98.0,,,,0.0,mobile_app,GS
ALC - CORRIDA SHOPPING,120243392123360260,OUTCOME_AWARENESS,2026-02-11,476,406,1.172414,0,0.0,0.0,1.113445,0.53,0.0,0,0.0,0.0,0,0.0,0.0,0,0.0,0,0,0,0,0,0,0.0,0,0.0,0,0,0,61.0,0,0.008689,0.0,0,0,61.0,0,0.008689,0,0,0,0.0,0,0,0.0,0,0,14.0,7.0,5.0,4.0,,,,0.0,desktop,GS
ALC - CORRIDA SHOPPING,120243392123360260,OUTCOME_AWARENESS,2026-02-11,330995,210946,1.569098,354,0.10695,1.106271,1.18316,391.62,250.0,0,1.56648,0.0,0,0.0,0.0,0,0.0,0,0,0,0,0,0,0.0,0,0.0,0,0,0,17321.0,0,0.02261,57.0,0,0,17321.0,0,0.02261,0,0,0,0.0,0,0,0.0,0,0,3621.0,1083.0,558.0,270.0,,,,250.0,mobile_app,GS
ALC - CORRIDA SHOPPING,120243392123360260,OUTCOME_AWARENESS,2026-02-11,272,226,1.20354,1,0.367647,0.32,1.176471,0.32,1.0,0,0.32,0.0,0,0.0,0.0,0,0.0,0,0,0,0,0,0,0.0,0,0.0,0,0,0,36.0,0,0.008889,0.0,0,0,36.0,0,0.008889,0,0,0,0.0,0,0,0.0,0,0,5.0,3.0,,,,,,1.0,mobile_web,GS
ALC - Bailinho de carnaval e carnapet,120244043225990260,OUTCOME_AWARENESS,2026-02-11,0,0,0.0,0,0.0,0.0,0.0,0.0,0.0,0,0.0,0.0,0,0.0,0.0,0,0.0,0,0,0,0,0,0,0.0,0,0.0,0,0,0,0.0,0,0.0,0.0,0,0,0.0,0,0.0,0,0,0,0.0,0,0,0.0,0,0,,,,,,,,0.0,mobile_app,GS
ALC - Semana do Cinema,120244043525950260,OUTCOME_AWARENESS,2026-02-11,32807,31741,1.033584,49,0.149358,0.945714,1.412503,46.34,36.0,0,1.287222,0.0,0,0.0,0.0,0,0.0,0,0,0,0,0,0,0.0,0,0.0,0,0,0,284.0,0,0.163169,4.0,0,0,284.0,0,0.163169,0,0,0,0.0,0,0,0.0,0,0,648.0,235.0,130.0,94.0,,,,0.0,mobile_app,GS
ALC - Retail Experience,120244288353810260,OUTCOME_AWARENESS,2026-02-11,57,46,1.23913,0,0.0,0.0,1.403509,0.08,0.0,0,0.0,0.0,0,0.0,0.0,0,0.0,0,0,0,0,0,0,0.0,0,0.0,0,0,0,0.0,0,0.0,0.0,0,0,0.0,0,0.0,0,0,0,0.0,0,0,0.0,0,0,,,,,,,,0.0,desktop,GS
ALC - Retail Experience,120244288353810260,OUTCOME_AWARENESS,2026-02-11,73257,43705,1.67617,87,0.11876,0.935402,1.110884,81.38,69.0,0,1.17942,1.0,0,81.38,0.0,0,0.0,0,0,0,0,0,0,0.0,0,0.0,0,0,0,74.0,0,1.09973,4.0,0,0,74.0,0,1.09973,0,0,0,0.0,0,0,0.0,0,0,,,,,,,,13.0,mobile_app,GS
ALC - Retail Experience,120244288353810260,OUTCOME_AWARENESS,2026-02-11,21,19,1.105263,0,0.0,0.0,1.904762,0.04,0.0,0,0.0,0.0,0,0.0,0.0,0,0.0,0,0,0,0,0,0,0.0,0,0.0,0,0,0,0.0,0,0.0,0.0,0,0,0.0,0,0.0,0,0,0,0.0,0,0,0.0,0,0,,,,,,,,0.0,mobile_web,GS
ALC - Heroinas do Kpop,120244790251900260,OUTCOME_AWARENESS,2026-02-11,444,407,1.090909,1,0.225225,0.70997,1.599031,0.70997,0.0,0,0.0,0.0,0,0.0,0.0,0,0.0,0,0,0,0,0,0,0.0,0,0.0,0,0,0,1.0,0,0.70997,0.0,0,0,1.0,0,0.70997,0,0,0,0.0,0,0,0.0,0,0,,,,,,,,0.0,desktop,GS
ALC - Heroinas do Kpop,120244790251900260,OUTCOME_AWARENESS,2026-02-11,333211,220268,1.512753,701,0.210377,0.665892,1.400884,466.790046,569.0,0,0.820369,235.0,0,1.986341,0.0,0,0.0,0,0,0,0,0,0,0.0,0,0.0,0,0,0,731.0,0,0.638564,34.0,0,0,731.0,0,0.638564,0,0,0,0.0,0,0,0.0,0,0,,,,,,,,568.0,mobile_app,GS
ALC - Heroinas do Kpop,120244790251900260,OUTCOME_AWARENESS,2026-02-11,234,217,1.078341,1,0.42735,0.359985,1.538396,0.359985,0.0,0,0.0,0.0,0,0.0,0.0,0,0.0,0,0,0,0,0,0,0.0,0,0.0,0,0,0,0.0,0,0.0,0.0,0,0,0.0,0,0.0,0,0,0,0.0,0,0,0.0,0,0,,,,,,,,0.0,mobile_web,GS
ALC - Heroinas do Kpop,120244790251900260,OUTCOME_AWARENESS,2026-02-11,0,0,0.0,0,0.0,0.0,0.0,0.0,0.0,0,0.0,1.0,0,0.0,0.0,0,0.0,0,0,0,0,0,0,0.0,0,0.0,0,0,0,0.0,0,0.0,0.0,0,0,0.0,0,0.0,0,0,0,0.0,0,0,0.0,0,0,,,,,,,,0.0,unknown,GS
ALC - Benefícios AJFans,120244790529090260,OUTCOME_AWARENESS,2026-02-11,309,284,1.088028,0,0.0,0.0,1.779935,0.55,0.0,0,0.0,0.0,0,0.0,0.0,0,0.0,0,0,0,0,0,0,0.0,0,0.0,0,0,0,16.0,0,0.034375,0.0,0,0,16.0,0,0.034375,0,0,0,0.0,0,0,0.0,0,0,5.0,2.0,2.0,2.0,,,,0.0,desktop,GS
ALC - Benefícios AJFans,120244790529090260,OUTCOME_AWARENESS,2026-02-11,173082,112277,1.541562,138,0.079731,1.64529,1.311806,227.05,109.0,0,2.083028,0.0,0,0.0,0.0,0,0.0,0,0,0,0,0,0,0.0,0,0.0,0,0,0,2714.0,0,0.083659,13.0,0,0,2714.0,0,0.083659,0,0,0,0.0,0,0,0.0,0,0,1121.0,637.0,278.0,104.0,,,,109.0,mobile_app,GS
ALC - Benefícios AJFans,120244790529090260,OUTCOME_AWARENESS,2026-02-11,129,122,1.057377,0,0.0,0.0,1.472868,0.19,0.0,0,0.0,0.0,0,0.0,0.0,0,0.0,0,0,0,0,0,0,0.0,0,0.0,0,0,0,9.0,0,0.021111,0.0,0,0,9.0,0,0.021111,0,0,0,0.0,0,0,0.0,0,0,3.0,2.0,,,,,,0.0,mobile_web,GS
ALC - Aniversário Joinville - Atlantida,120245006540330260,OUTCOME_AWARENESS,2026-02-11,526,504,1.043651,6,1.140684,0.168333,1.920152,1.01,0.0,0,0.0,0.0,0,0.0,0.0,0,0.0,0,0,0,0,0,0,0.0,0,0.0,0,0,0,117.0,0,0.008632,0.0,0,0,117.0,0,0.008632,0,0,0,0.0,0,0,0.0,0,0,25.0,12.0,9.0,5.0,,,,0.0,desktop,GS
ALC - Aniversário Joinville - Atlantida,120245006540330260,OUTCOME_AWARENESS,2026-02-11,479143,426078,1.124543,1164,0.242934,0.856048,2.07963,996.44,11.0,0,90.585455,0.0,0,0.0,0.0,0,0.0,0,0,0,0,0,0,0.0,0,0.0,0,0,0,55124.0,0,0.018076,241.0,0,0,55125.0,0,0.018076,0,0,0,0.0,0,0,0.0,0,0,9956.0,2851.0,1578.0,986.0,,,,3.0,mobile_app,GS
ALC - Aniversário Joinville - Atlantida,120245006540330260,OUTCOME_AWARENESS,2026-02-11,611,611,1.0,2,0.327332,0.59,1.93126,1.18,0.0,0,0.0,0.0,0,0.0,0.0,0,0.0,0,0,0,0,0,0,0.0,0,0.0,0,0,0,102.0,0,0.011569,1.0,0,0,102.0,0,0.011569,0,0,0,0.0,0,0,0.0,0,0,21.0,11.0,6.0,5.0,,,,0.0,mobile_web,GS
ALC - MODA,120242232300500260,OUTCOME_AWARENESS,2026-03-01,82969,77780,1.066714,84,0.101243,1.109643,1.123432,93.21,60.0,0,1.5535,0.0,0,0.0,0.0,0,0.0,0,0,0,0,0,0,0.0,0,0.0,0,0,0,4346.0,0,0.021447,7.0,0,0,4346.0,0,0.021447,0,0,0,0.0,0,0,0.0,0,0,86.0,22.0,12.0,7.0,,,,0.0,mobile_app,GS
ALC - Heroinas do Kpop,120244790251900260,OUTCOME_AWARENESS,2026-03-01,38,38,1.0,0,0.0,0.0,0.789474,0.03,0.0,0,0.0,0.0,0,0.0,0.0,0,0.0,0,0,0,0,0,0,0.0,0,0.0,0,0,0,0.0,0,0.0,0.0,0,0,0.0,0,0.0,0,0,0,0.0,0,0,0.0,0,0,,,,,,,,0.0,desktop,GS
ALC - Heroinas do Kpop,120244790251900260,OUTCOME_AWARENESS,2026-03-01,24440,24440,1.0,54,0.220949,0.594259,1.313011,32.09,44.0,0,0.729318,27.0,0,1.188519,0.0,0,0.0,0,0,0,0,0,0,0.0,0,0.0,0,0,0,57.0,0,0.562982,5.0,0,0,57.0,0,0.562982,0,0,0,0.0,0,0,0.0,0,0,,,,,,,,44.0,mobile_app,GS
ALC - Heroinas do Kpop,120244790251900260,OUTCOME_AWARENESS,2026-03-01,32,32,1.0,0,0.0,0.0,0.3125,0.01,0.0,0,0.0,0.0,0,0.0,0.0,0,0.0,0,0,0,0,0,0,0.0,0,0.0,0,0,0,0.0,0,0.0,0.0,0,0,0.0,0,0.0,0,0,0,0.0,0,0,0.0,0,0,,,,,,,,0.0,mobile_web,GS
ALC - Benefícios AJFans,120244790529090260,OUTCOME_AWARENESS,2026-03-01,1108,963,1.150571,0,0.0,0.0,1.173285,1.3,0.0,0,0.0,0.0,0,0.0,0.0,0,0.0,0,0,0,0,0,0,0.0,0,0.0,0,0,0,46.0,0,0.028261,0.0,0,0,46.0,0,0.028261,0,0,0,0.0,0,0,0.0,0,0,21.0,9.0,8.0,7.0,,,,0.0,desktop,GS
ALC - Benefícios AJFans,120244790529090260,OUTCOME_AWARENESS,2026-03-01,336644,210815,1.596869,323,0.095947,1.24,1.189743,400.52,260.0,0,1.540462,0.0,0,0.0,0.0,0,0.0,0,0,0,0,0,0,0.0,0,0.0,0,0,0,6189.0,0,0.064715,21.0,0,0,6189.0,0,0.064715,0,0,0,0.0,0,0,0.0,0,0,2382.0,1163.0,555.0,219.0,,,,258.0,mobile_app,GS
ALC - Benefícios AJFans,120244790529090260,OUTCOME_AWARENESS,2026-03-01,401,356,1.126404,1,0.249377,0.48,1.197007,0.48,0.0,0,0.0,0.0,0,0.0,0.0,0,0.0,0,0,0,0,0,0,0.0,0,0.0,0,0,0,17.0,0,0.028235,0.0,0,0,17.0,0,0.028235,0,0,0,0.0,0,0,0.0,0,0,6.0,,,,,,,0.0,mobile_web,GS
ALC - Aniversário Joinville - Atlantida,120245006540330260,OUTCOME_AWARENESS,2026-03-01,0,0,0.0,0,0.0,0.0,0.0,0.0,0.0,0,0.0,0.0,0,0.0,0.0,0,0.0,0,0,0,0,0,0,0.0,0,0.0,0,0,0,0.0,0,0.0,0.0,0,0,0.0,0,0.0,0,0,0,0.0,0,0,0.0,0,0,,,,,,,,0.0,mobile_app,GS
ALC - Exposição Territórios Internos,120245275376110260,OUTCOME_AWARENESS,2026-03-01,833,628,1.326433,0,0.0,0.0,1.320503,1.099979,0.0,0,0.0,0.0,0,0.0,0.0,0,0.0,0,0,0,0,0,0,0.0,0,0.0,0,0,0,76.0,0,0.014473,0.0,0,0,76.0,0,0.014473,0,0,0,0.0,0,0,0.0,0,0,11.0,6.0,3.0,3.0,,,,0.0,desktop,GS
ALC - Exposição Territórios Internos,120245275376110260,OUTCOME_AWARENESS,2026-03-01,395660,228706,1.729994,240,0.060658,2.2085,1.339635,530.040031,5.0,0,106.008006,0.0,0,0.0,0.0,0,0.0,0,0,0,0,0,0,0.0,0,0.0,0,0,0,24348.0,0,0.021769,72.0,0,0,24348.0,0,0.021769,0,0,0,0.0,0,0,0.0,0,0,3047.0,778.0,382.0,229.0,,,,2.0,mobile_app,GS
ALC - Exposição Territórios Internos,120245275376110260,OUTCOME_AWARENESS,2026-03-01,384,317,1.211356,1,0.260417,0.569989,1.484347,0.569989,0.0,0,0.0,0.0,0,0.0,0.0,0,0.0,0,0,0,0,0,0,0.0,0,0.0,0,0,0,32.0,0,0.017812,0.0,0,0,32.0,0,0.017812,0,0,0,0.0,0,0,0.0,0,0,3.0,2.0,1.0,1.0,,,,0.0,mobile_web,GS
ALC - COTTON,120245275442810260,OUTCOME_AWARENESS,2026-03-01,1550,1187,1.305813,0,0.0,0.0,1.296728,2.009928,0.0,0,0.0,0.0,0,0.0,0.0,0,0.0,0,0,0,0,0,0,0.0,0,0.0,0,0,0,339.0,0,0.005929,0.0,0,0,339.0,0,0.005929,0,0,0,0.0,0,0,0.0,0,0,46.0,18.0,13.0,8.0,,,,0.0,desktop,GS
ALC - COTTON,120245275442810260,OUTCOME_AWARENESS,2026-03-01,410418,266777,1.538431,367,0.089421,1.50812,1.348577,553.480099,4.0,0,138.370025,0.0,0,0.0,0.0,0,0.0,0,0,0,0,0,0,0.0,0,0.0,0,0,0,27285.0,0,0.020285,99.0,0,0,27286.0,0,0.020284,0,0,0,0.0,0,0,0.0,0,0,3078.0,1007.0,600.0,323.0,,,,0.0,mobile_app,GS
ALC - COTTON,120245275442810260,OUTCOME_AWARENESS,2026-03-01,547,425,1.287059,2,0.365631,0.364987,1.334504,0.729974,0.0,0,0.0,0.0,0,0.0,0.0,0,0.0,0,0,0,0,0,0,0.0,0,0.0,0,0,0,51.0,0,0.014313,0.0,0,0,51.0,0,0.014313,0,0,0,0.0,0,0,0.0,0,0,5.0,2.0,1.0,,,,,0.0,mobile_web,GS
ALC - COTTON,120245275442810260,OUTCOME_AWARENESS,2026-03-01,1,1,1.0,0,0.0,0.0,0.0,0.0,0.0,0,0.0,0.0,0,0.0,0.0,0,0.0,0,0,0,0,0,0,0.0,0,0.0,0,0,0,0.0,0,0.0,0.0,0,0,0.0,0,0.0,0,0,0,0.0,0,0,0.0,0,0,,,,,,,,0.0,unknown,GS
ALC - TODO MUNDO EM PANICO,120245275605620260,OUTCOME_AWARENESS,2026-03-01,3063,2349,1.303959,4,0.130591,0.9775,1.276526,3.91,0.0,0,0.0,0.0,0,0.0,0.0,0,0.0,0,0,0,0,0,0,0.0,0,0.0,0,0,0,559.0,0,0.006995,0.0,0,0,559.0,0,0.006995,0,0,0,0.0,0,0,0.0,0,0,34.0,17.0,14.0,11.0,,,,0.0,desktop,GS
ALC - TODO MUNDO EM PANICO,120245275605620260,OUTCOME_AWARENESS,2026-03-01,594228,373316,1.591756,1519,0.255626,0.530119,1.35512,805.25,514.0,0,1.566634,239.0,0,3.369247,0.0,0,0.0,0,0,0,0,0,0,0.0,0,0.0,0,0,0,42963.0,0,0.018743,239.0,0,0,42963.0,0,0.018743,0,0,0,0.0,0,0,0.0,0,0,924.0,353.0,195.0,91.0,,,,510.0,mobile_app,GS
ALC - TODO MUNDO EM PANICO,120245275605620260,OUTCOME_AWARENESS,2026-03-01,873,709,1.231312,2,0.229095,0.62,1.420389,1.24,0.0,0,0.0,0.0,0,0.0,0.0,0,0.0,0,0,0,0,0,0,0.0,0,0.0,0,0,0,90.0,0,0.013778,2.0,0,0,90.0,0,0.013778,0,0,0,0.0,0,0,0.0,0,0,,,,,,,,0.0,mobile_web,GS
ALC - Últimos eventos do GS,120245278626830260,OUTCOME_AWARENESS,2026-03-01,66895,49776,1.343921,66,0.098662,1.249848,1.233127,82.49,51.0,0,1.617451,0.0,0,0.0,0.0,0,0.0,0,0,0,0,0,0,0.0,0,0.0,0,0,0,514.0,0,0.160486,7.0,0,0,514.0,0,0.160486,0,0,0,0.0,0,0,0.0,0,0,188.0,121.0,48.0,13.0,,,,0.0,mobile_app,GS
ALC - ANIVERSARIO JOINVILLE GARTEN,120245447327370260,OUTCOME_AWARENESS,2026-03-01,271,213,1.2723,0,0.0,0.0,1.291513,0.35,0.0,0,0.0,0.0,0,0.0,0.0,0,0.0,0,0,0,0,0,0,0.0,0,0.0,0,0,0,0.0,0,0.0,0.0,0,0,0.0,0,0.0,0,0,0,0.0,0,0,0.0,0,0,,,,,,,,0.0,desktop,GS
ALC - ANIVERSARIO JOINVILLE GARTEN,120245447327370260,OUTCOME_AWARENESS,2026-03-01,123269,89368,1.379342,64,0.051919,2.528906,1.312982,161.85,2.0,0,80.925,0.0,0,0.0,0.0,0,0.0,0,0,0,0,0,0,0.0,0,0.0,0,0,0,36.0,0,4.495833,20.0,0,0,36.0,0,4.495833,0,0,0,0.0,0,0,0.0,0,0,,,,,,,,0.0,mobile_app,GS
ALC - ANIVERSARIO JOINVILLE GARTEN,120245447327370260,OUTCOME_AWARENESS,2026-03-01,177,145,1.22069,1,0.564972,0.17,0.960452,0.17,0.0,0,0.0,0.0,0,0.0,0.0,0,0.0,0,0,0,0,0,0,0.0,0,0.0,0,0,0,1.0,0,0.17,0.0,0,0,1.0,0,0.17,0,0,0,0.0,0,0,0.0,0,0,,,,,,,,0.0,mobile_web,GS
ALC- SEMANA DO CONSUMIDOR,120245447379270260,OUTCOME_AWARENESS,2026-03-01,832,737,1.128901,0,0.0,0.0,1.910893,1.589863,0.0,0,0.0,0.0,0,0.0,0.0,0,0.0,0,0,0,0,0,0,0.0,0,0.0,0,0,0,39.0,0,0.040766,0.0,0,0,39.0,0,0.040766,0,0,0,0.0,0,0,0.0,0,0,114.0,39.0,19.0,15.0,,,,0.0,desktop,GS
ALC- SEMANA DO CONSUMIDOR,120245447379270260,OUTCOME_AWARENESS,2026-03-01,562899,365293,1.540952,832,0.147806,1.387224,2.050404,1154.170224,691.0,0,1.67029,0.0,0,0.0,0.0,0,0.0,0,0,0,0,0,0,0.0,0,0.0,0,0,0,12061.0,0,0.095694,43.0,0,0,12061.0,0,0.095694,0,0,0,0.0,0,0,0.0,0,0,30730.0,11331.0,6337.0,4493.0,,,,690.0,mobile_app,GS
ALC- SEMANA DO CONSUMIDOR,120245447379270260,OUTCOME_AWARENESS,2026-03-01,513,459,1.117647,0,0.0,0.0,1.949149,0.999914,0.0,0,0.0,0.0,0,0.0,0.0,0,0.0,0,0,0,0,0,0,0.0,0,0.0,0,0,0,28.0,0,0.035711,0.0,0,0,28.0,0,0.035711,0,0,0,0.0,0,0,0.0,0,0,64.0,28.0,10.0,5.0,,,,0.0,mobile_web,GS
ALC - Super ZOO,120237697768620225,OUTCOME_AWARENESS,2026-02-11,2696,1830,1.473224,4,0.148368,0.8125,1.20549,3.25,0.0,0,0.0,0.0,0,0.0,0.0,0,0.0,0,0,0,0,0,0,0.0,0,0.0,0,0,0,249.0,0,0.013052,1.0,0,0,249.0,0,0.013052,0,0,0,0.0,0,0,0.0,0,0,44.0,27.0,21.0,19.0,,,,0.0,desktop,NS
ALC - Super ZOO,120237697768620225,OUTCOME_AWARENESS,2026-02-11,732394,314521,2.328601,1391,0.189925,0.657707,1.24915,914.87,982.0,0,0.93164,448.0,0,2.042121,0.0,0,0.0,0,0,0,0,0,0,0.0,0,0.0,0,0,0,28734.0,0,0.031839,179.0,0,0,28734.0,0,0.031839,0,0,0,0.0,0,0,0.0,0,0,5256.0,1154.0,593.0,361.0,,,,981.0,mobile_app,NS
ALC - Super ZOO,120237697768620225,OUTCOME_AWARENESS,2026-02-11,951,617,1.541329,2,0.210305,0.56,1.177708,1.12,1.0,0,1.12,0.0,0,0.0,0.0,0,0.0,0,0,0,0,0,0,0.0,0,0.0,0,0,0,97.0,0,0.011546,1.0,0,0,97.0,0,0.011546,0,0,0,0.0,0,0,0.0,0,0,13.0,5.0,4.0,2.0,,,,1.0,mobile_web,NS
ALC - FÉRIAS JAN 25,120237769674470225,OUTCOME_AWARENESS,2026-02-11,350697,162206,2.162047,507,0.144569,0.870473,1.258437,441.33,367.0,0,1.202534,0.0,0,0.0,0.0,0,0.0,0,0,0,0,0,0,0.0,0,0.0,0,0,0,13645.0,0,0.032344,67.0,0,0,13645.0,0,0.032344,0,0,0,0.0,0,0,0.0,0,0,4176.0,1167.0,557.0,335.0,,,,357.0,mobile_app,NS
ALC - VERÃO/LOJAS,120237769884270225,OUTCOME_AWARENESS,2026-02-11,312870,140822,2.221741,432,0.138077,0.874051,1.206859,377.59,290.0,0,1.302034,0.0,0,0.0,0.0,0,0.0,0,0,0,0,0,0,0.0,0,0.0,0,0,0,18752.0,0,0.020136,47.0,0,0,18752.0,0,0.020136,0,0,0,0.0,0,0,0.0,0,0,4639.0,2462.0,1420.0,496.0,,,,0.0,mobile_app,NS
ALC - ÓCULOS META OAKLEY,120237770000040225,OUTCOME_AWARENESS,2026-02-11,249113,122143,2.039519,323,0.12966,0.977028,1.266815,315.58,239.0,0,1.320418,0.0,0,0.0,0.0,0,0.0,0,0,0,0,0,0,0.0,0,0.0,0,0,0,9538.0,0,0.033087,16.0,0,0,9538.0,0,0.033087,0,0,0,0.0,0,0,0.0,0,0,1454.0,260.0,130.0,63.0,,,,0.0,mobile_app,NS
ALC - Novidades Cinema GNC,120238216202110225,OUTCOME_AWARENESS,2026-02-11,152,146,1.041096,1,0.657895,0.15,0.986842,0.15,0.0,0,0.0,0.0,0,0.0,0.0,0,0.0,0,0,0,0,0,0,0.0,0,0.0,0,0,0,2.0,0,0.075,0.0,0,0,2.0,0,0.075,0,0,0,0.0,0,0,0.0,0,0,6.0,3.0,2.0,1.0,,,,0.0,desktop,NS
ALC - Novidades Cinema GNC,120238216202110225,OUTCOME_AWARENESS,2026-02-11,60241,48599,1.239552,97,0.16102,0.76433,1.230723,74.14,77.0,0,0.962857,35.0,0,2.118286,0.0,0,0.0,0,0,0,0,0,0,0.0,0,0.0,0,0,0,104.0,0,0.712885,1.0,0,0,104.0,0,0.712885,0,0,0,0.0,0,0,0.0,0,0,79.0,29.0,21.0,17.0,,,,77.0,mobile_app,NS
ALC - Novidades Cinema GNC,120238216202110225,OUTCOME_AWARENESS,2026-02-11,59,55,1.072727,0,0.0,0.0,1.355932,0.08,0.0,0,0.0,0.0,0,0.0,0.0,0,0.0,0,0,0,0,0,0,0.0,0,0.0,0,0,0,1.0,0,0.08,0.0,0,0,1.0,0,0.08,0,0,0,0.0,0,0,0.0,0,0,1.0,1.0,1.0,1.0,,,,0.0,mobile_web,NS
ALC - Vortex,120238216332790225,OUTCOME_AWARENESS,2026-02-11,214751,101002,2.126205,244,0.11362,1.050287,1.193336,256.27,189.0,0,1.355926,0.0,0,0.0,0.0,0,0.0,0,0,0,0,0,0,0.0,0,0.0,0,0,0,193.0,0,1.327824,4.0,0,0,193.0,0,1.327824,0,0,0,0.0,0,0,0.0,0,0,,,,,,,,0.0,mobile_app,NS
ALC - Exposição Ambiências,120238497254480225,OUTCOME_AWARENESS,2026-02-11,77559,50204,1.544877,79,0.101858,1.166582,1.188257,92.16,69.0,0,1.335652,0.0,0,0.0,0.0,0,0.0,0,0,0,0,0,0,0.0,0,0.0,0,0,0,3784.0,0,0.024355,15.0,0,0,3784.0,0,0.024355,0,0,0,0.0,0,0,0.0,0,0,1257.0,625.0,102.0,68.0,,,,0.0,mobile_app,NS
ALC - A Casa de Gaby,120238749907260225,OUTCOME_AWARENESS,2026-02-11,234824,120499,1.948763,374,0.159268,0.762807,1.21491,285.29,274.0,0,1.041204,1.0,0,285.29,0.0,0,0.0,0,0,0,0,0,0,0.0,0,0.0,0,0,0,712.0,0,0.400688,16.0,0,0,712.0,0,0.400688,0,0,0,0.0,0,0,0.0,0,0,120.0,62.0,42.0,6.0,,,,1.0,mobile_app,NS
ALC - Exposição Beatles,120239046320590225,OUTCOME_AWARENESS,2026-02-11,160175,91946,1.742055,168,0.104885,1.106369,1.160418,185.87,128.0,0,1.452109,0.0,0,0.0,0.0,0,0.0,0,0,0,0,0,0,0.0,0,0.0,0,0,0,6488.0,0,0.028648,28.0,0,0,6488.0,0,0.028648,0,0,0,0.0,0,0,0.0,0,0,1061.0,187.0,101.0,69.0,,,,0.0,mobile_app,NS
ALC - CAPIVALLEY,120239368933820225,OUTCOME_AWARENESS,2026-02-11,465,375,1.24,0,0.0,0.0,1.397849,0.65,0.0,0,0.0,0.0,0,0.0,0.0,0,0.0,0,0,0,0,0,0,0.0,0,0.0,0,0,0,58.0,0,0.011207,0.0,0,0,58.0,0,0.011207,0,0,0,0.0,0,0,0.0,0,0,137.0,68.0,46.0,31.0,,,,0.0,desktop,NS
ALC - CAPIVALLEY,120239368933820225,OUTCOME_AWARENESS,2026-02-11,206677,149681,1.380783,315,0.152412,0.88927,1.355352,280.12,79.0,0,3.545823,0.0,0,0.0,0.0,0,0.0,0,0,0,0,0,0,0.0,0,0.0,0,0,0,13878.0,0,0.020184,112.0,0,0,13878.0,0,0.020184,0,0,0,0.0,0,0,0.0,0,0,31602.0,11526.0,6306.0,4288.0,,,,4.0,mobile_app,NS
ALC - CAPIVALLEY,120239368933820225,OUTCOME_AWARENESS,2026-02-11,204,170,1.2,2,0.980392,0.165,1.617647,0.33,0.0,0,0.0,0.0,0,0.0,0.0,0,0.0,0,0,0,0,0,0,0.0,0,0.0,0,0,0,13.0,0,0.025385,0.0,0,0,13.0,0,0.025385,0,0,0,0.0,0,0,0.0,0,0,41.0,17.0,11.0,6.0,,,,0.0,mobile_web,NS
ALC - Exposição Beatles,120239046320590225,OUTCOME_AWARENESS,2026-03-01,191689,105179,1.822503,152,0.079295,1.454342,1.153222,221.06,115.0,0,1.922261,0.0,0,0.0,0.0,0,0.0,0,0,0,0,0,0,0.0,0,0.0,0,0,0,7701.0,0,0.028705,30.0,0,0,7701.0,0,0.028705,0,0,0,0.0,0,0,0.0,0,0,1236.0,251.0,129.0,79.0,,,,0.0,mobile_app,NS
ALC - CAPIVALLEY,120239368933820225,OUTCOME_AWARENESS,2026-03-01,3485,1969,1.769934,0,0.0,0.0,1.377319,4.799958,0.0,0,0.0,0.0,0,0.0,0.0,0,0.0,0,0,0,0,0,0,0.0,0,0.0,0,0,0,634.0,0,0.007571,0.0,0,0,634.0,0,0.007571,0,0,0,0.0,0,0,0.0,0,0,1279.0,746.0,505.0,356.0,,,,0.0,desktop,NS
ALC - CAPIVALLEY,120239368933820225,OUTCOME_AWARENESS,2026-03-01,882805,426781,2.06852,922,0.10444,1.241399,1.296515,1144.570049,53.0,0,21.595661,0.0,0,0.0,0.0,0,0.0,0,0,0,0,0,0,0.0,0,0.0,0,0,0,41134.0,0,0.027825,151.0,0,0,41135.0,0,0.027825,0,0,0,0.0,0,0,0.0,0,0,132638.0,48823.0,28423.0,19594.0,,,,35.0,mobile_app,NS
ALC - CAPIVALLEY,120239368933820225,OUTCOME_AWARENESS,2026-03-01,723,480,1.50625,4,0.55325,0.217498,1.203309,0.869992,0.0,0,0.0,0.0,0,0.0,0.0,0,0.0,0,0,0,0,0,0,0.0,0,0.0,0,0,0,48.0,0,0.018125,0.0,0,0,48.0,0,0.018125,0,0,0,0.0,0,0,0.0,0,0,142.0,57.0,33.0,21.0,,,,0.0,mobile_web,NS
ALC - MISS CRICIUMA,120239593181160225,OUTCOME_AWARENESS,2026-03-01,268,247,1.08502,0,0.0,0.0,1.791066,0.480006,0.0,0,0.0,0.0,0,0.0,0.0,0,0.0,0,0,0,0,0,0,0.0,0,0.0,0,0,0,0.0,0,0.0,0.0,0,0,0.0,0,0.0,0,0,0,0.0,0,0,0.0,0,0,,,,,,,,0.0,desktop,NS
ALC - MISS CRICIUMA,120239593181160225,OUTCOME_AWARENESS,2026-03-01,582995,286146,2.037404,787,0.134993,1.052554,1.42087,828.35999,677.0,0,1.223575,352.0,0,2.353295,0.0,0,0.0,0,0,0,0,0,0,0.0,0,0.0,0,0,0,699.0,0,1.185064,10.0,0,0,699.0,0,1.185064,0,0,0,0.0,0,0,0.0,0,0,,,,,,,,672.0,mobile_app,NS
ALC - MISS CRICIUMA,120239593181160225,OUTCOME_AWARENESS,2026-03-01,255,226,1.128319,0,0.0,0.0,1.450998,0.370004,0.0,0,0.0,0.0,0,0.0,0.0,0,0.0,0,0,0,0,0,0,0.0,0,0.0,0,0,0,0.0,0,0.0,0.0,0,0,0.0,0,0.0,0,0,0,0.0,0,0,0.0,0,0,,,,,,,,0.0,mobile_web,NS
ALC - PÁSCOA NS,120239593258100225,OUTCOME_AWARENESS,2026-03-01,1883,1512,1.24537,3,0.15932,0.806692,1.285224,2.420077,0.0,0,0.0,0.0,0,0.0,0.0,0,0.0,0,0,0,0,0,0,0.0,0,0.0,0,0,0,150.0,0,0.016134,0.0,0,0,150.0,0,0.016134,0,0,0,0.0,0,0,0.0,0,0,21.0,18.0,9.0,5.0,,,,0.0,desktop,NS
ALC - PÁSCOA NS,120239593258100225,OUTCOME_AWARENESS,2026-03-01,925250,347551,2.662199,283,0.030586,4.440106,1.358065,1256.549895,22.0,0,57.115904,1.0,0,1256.549895,0.0,0,0.0,0,0,0,0,0,0,0.0,0,0.0,0,0,0,27955.0,0,0.044949,130.0,0,0,27955.0,0,0.044949,0,0,0,0.0,0,0,0.0,0,0,6149.0,1233.0,672.0,418.0,,,,3.0,mobile_app,NS
ALC - PÁSCOA NS,120239593258100225,OUTCOME_AWARENESS,2026-03-01,598,423,1.413712,0,0.0,0.0,1.471619,0.880028,0.0,0,0.0,0.0,0,0.0,0.0,0,0.0,0,0,0,0,0,0,0.0,0,0.0,0,0,0,58.0,0,0.015173,0.0,0,0,58.0,0,0.015173,0,0,0,0.0,0,0,0.0,0,0,5.0,1.0,1.0,,,,,0.0,mobile_web,NS
ALC - MUSICAL O ENCANTO DA NATUREZA,120239602331250225,OUTCOME_AWARENESS,2026-03-01,357,347,1.028818,0,0.0,0.0,1.232493,0.44,0.0,0,0.0,0.0,0,0.0,0.0,0,0.0,0,0,0,0,0,0,0.0,0,0.0,0,0,0,46.0,0,0.009565,0.0,0,0,46.0,0,0.009565,0,0,0,0.0,0,0,0.0,0,0,12.0,3.0,3.0,4.0,,,,0.0,desktop,NS
ALC - MUSICAL O ENCANTO DA NATUREZA,120239602331250225,OUTCOME_AWARENESS,2026-03-01,228387,167218,1.365804,338,0.147994,0.918846,1.359841,310.57,255.0,0,1.217922,0.0,0,0.0,0.0,0,0.0,0,0,0,0,0,0,0.0,0,0.0,0,0,0,10464.0,0,0.02968,25.0,0,0,10464.0,0,0.02968,0,0,0,0.0,0,0,0.0,0,0,3847.0,1798.0,434.0,285.0,,,,253.0,mobile_app,NS
ALC - MUSICAL O ENCANTO DA NATUREZA,120239602331250225,OUTCOME_AWARENESS,2026-03-01,116,113,1.026549,0,0.0,0.0,0.948276,0.11,0.0,0,0.0,0.0,0,0.0,0.0,0,0.0,0,0,0,0,0,0,0.0,0,0.0,0,0,0,22.0,0,0.005,0.0,0,0,22.0,0,0.005,0,0,0,0.0,0,0,0.0,0,0,11.0,3.0,1.0,1.0,,,,0.0,mobile_web,NS
