campanha,campanha_id,objetivo,data,impressoes,alcance,frequencia,cliques,ctr,cpc,cpm,custo,link_click,valor_link_click,custo_link_click,landing_page_view,valor_landing_page_view,custo_landing_page_view,lead,valor_lead,custo_lead,purchase,valor_purchase,custo_purchase,add_to_cart,valor_add_to_cart,custo_add_to_cart,initiate_checkout,valor_initiate_checkout,custo_initiate_checkout,complete_registration,valor_complete_registration,custo_complete_registration,video_p25,video_p50,video_p75,video_p100,publisher_platform,shopping
ALC - NARBONA,120237232905670087,OUTCOME_AWARENESS,2026-02-09,499287,264217,1.889685,589,0.117968,1.016248,1.19885,598.57,386.0,0,1.550699,59.0,0,10.145254,0.0,0,0.0,0,0,0,0,0,0,0.0,0,0.0,0,0,0,3618.0,1112.0,616.0,388.0,instagram,CS
ALC - Capivalley,120238793084460087,OUTCOME_AWARENESS,2026-02-09,229971,171098,1.344089,1076,0.467885,0.245266,1.147565,263.90661,127.0,0,2.078005,17.0,0,15.523918,0.0,0,0.0,0,0,0,0,0,0,0.0,0,0.0,0,0,0,2757.0,918.0,476.0,251.0,facebook,CS
ALC - Capivalley,120238793084460087,OUTCOME_AWARENESS,2026-02-09,109396,91081,1.201085,125,0.114264,1.041547,1.190111,130.193394,99.0,0,1.315085,11.0,0,11.835763,0.0,0,0.0,0,0,0,0,0,0,0.0,0,0.0,0,0,0,720.0,141.0,61.0,39.0,instagram,CS
ALC - Capivalley,120238793084460087,OUTCOME_AWARENESS,2026-02-09,112,106,1.056604,0,0.0,0.0,0.714249,0.079996,0.0,0,0.0,0.0,0,0.0,0.0,0,0.0,0,0,0,0,0,0,0.0,0,0.0,0,0,0,9.0,6.0,2.0,,threads,CS
[ALC] Carnaval - 02/02,120239471825400087,OUTCOME_AWARENESS,2026-02-09,75084,55379,1.355821,146,0.194449,0.578084,1.124079,84.400315,83.0,0,1.016871,7.0,0,12.057188,0.0,0,0.0,0,0,0,0,0,0,0.0,0,0.0,0,0,0,211.0,63.0,33.0,17.0,facebook,CS
[ALC] Carnaval - 02/02,120239471825400087,OUTCOME_AWARENESS,2026-02-09,147800,113466,1.302593,196,0.132612,0.902958,1.197427,176.979691,153.0,0,1.15673,20.0,0,8.848985,0.0,0,0.0,0,0,0,0,0,0,0.0,0,0.0,0,0,0,247.0,100.0,26.0,14.0,instagram,CS
[ALC] Carnaval - 02/02,120239471825400087,OUTCOME_AWARENESS,2026-02-09,42,41,1.02439,0,0.0,0.0,1.19034,0.049994,0.0,0,0.0,0.0,0,0.0,0.0,0,0.0,0,0,0,0,0,0,0.0,0,0.0,0,0,0,2.0,1.0,1.0,,threads,CS
[ALC] Semana do Cinema 2026,120239561692810087,OUTCOME_AWARENESS,2026-02-09,92884,71495,1.299168,128,0.137806,0.92,1.267818,117.76,62.0,0,1.899355,12.0,0,9.813333,0.0,0,0.0,0,0,0,0,0,0,0.0,0,0.0,0,0,0,,,,,facebook,CS
[ALC] Semana do Cinema 2026,120239561692810087,OUTCOME_AWARENESS,2026-02-09,61913,57841,1.0704,113,0.182514,0.697788,1.273561,78.85,92.0,0,0.857065,20.0,0,3.9425,0.0,0,0.0,0,0,0,0,0,0,0.0,0,0.0,0,0,0,,,,,instagram,CS
[ALC] Semana do Cinema 2026,120239561692810087,OUTCOME_AWARENESS,2026-02-09,118,113,1.044248,1,0.847458,0.12,1.016949,0.12,1.0,0,0.12,0.0,0,0.0,0.0,0,0.0,0,0,0,0,0,0,0.0,0,0.0,0,0,0,,,,,threads,CS
[ALC] Eventos Carnaval,120239751838580087,OUTCOME_AWARENESS,2026-02-09,360954,237139,1.52212,746,0.206675,0.559257,1.155842,417.205828,455.0,0,0.916936,61.0,0,6.83944,0.0,0,0.0,0,0,0,0,0,0,0.0,0,0.0,0,0,0,552.0,158.0,94.0,66.0,facebook,CS
[ALC] Eventos Carnaval,120239751838580087,OUTCOME_AWARENESS,2026-02-09,475314,326757,1.454641,673,0.141591,0.865742,1.225809,582.644174,549.0,0,1.061283,83.0,0,7.019809,0.0,0,0.0,0,0,0,0,0,0,0.0,0,0.0,0,0,0,962.0,189.0,99.0,71.0,instagram,CS
[ALC] Eventos Carnaval,120239751838580087,OUTCOME_AWARENESS,2026-02-09,86,79,1.088608,0,0.0,0.0,1.627891,0.139999,0.0,0,0.0,0.0,0,0.0,0.0,0,0.0,0,0,0,0,0,0,0.0,0,0.0,0,0,0,1.0,,,,threads,CS
[ALC] Eventos de Carnaval,120239828976910087,OUTCOME_ENGAGEMENT,2026-02-09,24722,18589,1.329926,315,1.274169,0.293937,3.745247,92.59,35.0,0,2.645429,3.0,0,30.863333,0.0,0,0.0,0,0,0,0,0,0,0.0,0,0.0,0,0,0,4897.0,1603.0,938.0,397.0,facebook,CS
[ALC] Eventos de Carnaval,120239828976910087,OUTCOME_ENGAGEMENT,2026-02-09,154019,109563,1.405757,845,0.548634,0.717645,3.937242,606.41,541.0,0,1.120906,146.0,0,4.153493,0.0,0,0.0,0,0,0,0,0,0,0.0,0,0.0,0,0,0,25454.0,11281.0,7117.0,4050.0,instagram,CS
[ALC] Musical das capivaras,120239893660110087,OUTCOME_AWARENESS,2026-02-09,69414,68586,1.012072,182,0.262195,0.397418,1.042009,72.33,120.0,0,0.60275,15.0,0,4.822,0.0,0,0.0,0,0,0,0,0,0,0.0,0,0.0,0,0,0,,,,,facebook,CS
[ALC] Musical das capivaras,120239893660110087,OUTCOME_AWARENESS,2026-02-09,197192,189284,1.041778,329,0.166842,0.691945,1.154459,227.65,274.0,0,0.830839,44.0,0,5.173864,0.0,0,0.0,0,0,0,0,0,0,0.0,0,0.0,0,0,0,,,,,instagram,CS
[ALC] Musical das capivaras,120239893660110087,OUTCOME_AWARENESS,2026-02-09,17,17,1.0,0,0.0,0.0,1.176471,0.02,0.0,0,0.0,0.0,0,0.0,0.0,0,0.0,0,0,0,0,0,0,0.0,0,0.0,0,0,0,,,,,threads,CS
[ALC] Carnapet Continente Shopping,120239915880680087,OUTCOME_AWARENESS,2026-02-09,41404,38361,1.079325,84,0.202879,0.545595,1.106898,45.83,63.0,0,0.72746,6.0,0,7.638333,0.0,0,0.0,0,0,0,0,0,0,0.0,0,0.0,0,0,0,,,,,facebook,CS
[ALC] Carnapet Continente Shopping,120239915880680087,OUTCOME_AWARENESS,2026-02-09,86034,86034,1.0,161,0.187135,0.64677,1.210335,104.13,136.0,0,0.765662,24.0,0,4.33875,0.0,0,0.0,0,0,0,0,0,0,0.0,0,0.0,0,0,0,,,,,instagram,CS
[ALC] Capivalley - Últimos dias,120240006022760087,OUTCOME_AWARENESS,2026-02-09,90668,72316,1.253775,236,0.26029,0.457001,1.189528,107.852157,24.0,0,4.49384,5.0,0,21.570431,0.0,0,0.0,0,0,0,0,0,0,0.0,0,0.0,0,0,0,1459.0,428.0,236.0,142.0,facebook,CS
[ALC] Capivalley - Últimos dias,120240006022760087,OUTCOME_AWARENESS,2026-02-09,328208,257652,1.273842,371,0.113038,1.055681,1.193322,391.657833,288.0,0,1.359923,52.0,0,7.531881,0.0,0,0.0,0,0,0,0,0,0,0.0,0,0.0,0,0,0,2828.0,600.0,304.0,181.0,instagram,CS
[ALC] Capivalley - Últimos dias,120240006022760087,OUTCOME_AWARENESS,2026-02-09,461,454,1.015419,0,0.0,0.0,1.062928,0.49001,0.0,0,0.0,0.0,0,0.0,0.0,0,0.0,0,0,0,0,0,0,0.0,0,0.0,0,0,0,51.0,12.0,5.0,2.0,threads,CS
ALC - Narbona novos conteúdos,120240054308210087,OUTCOME_AWARENESS,2026-02-09,48925,43831,1.116219,91,0.185999,0.587197,1.09218,53.434882,56.0,0,0.954194,16.0,0,3.33968,0.0,0,0.0,0,0,0,0,0,0,0.0,0,0.0,0,0,0,150.0,63.0,38.0,23.0,facebook,CS
ALC - Narbona novos conteúdos,120240054308210087,OUTCOME_AWARENESS,2026-02-09,105977,89019,1.190499,154,0.145315,0.858346,1.247301,132.185225,126.0,0,1.049089,77.0,0,1.716691,0.0,0,0.0,0,0,0,0,0,0,0.0,0,0.0,0,0,0,486.0,106.0,60.0,42.0,instagram,CS
ALC - Narbona novos conteúdos,120240054308210087,OUTCOME_AWARENESS,2026-02-09,67,67,1.0,0,0.0,0.0,0.744664,0.049893,0.0,0,0.0,0.0,0,0.0,0.0,0,0.0,0,0,0,0,0,0,0.0,0,0.0,0,0,0,3.0,1.0,,,threads,CS
TFG - Narbona Site,120240056012140087,LINK_CLICKS,2026-02-09,2096,678,3.091445,151,7.204198,0.23399,16.857106,35.332494,215.0,0,0.164337,16.0,0,2.208281,0.0,0,0.0,0,0,0,0,0,0,0.0,0,0.0,0,0,0,173.0,110.0,74.0,52.0,audience_network,CS
TFG - Narbona Site,120240056012140087,LINK_CLICKS,2026-02-09,109456,60928,1.796481,4194,3.831677,0.155235,5.948108,651.0561,2669.0,0,0.243933,694.0,0,0.938121,0.0,0,0.0,0,0,0,0,0,0,0.0,0,0.0,0,0,0,3081.0,679.0,452.0,309.0,facebook,CS
TFG - Narbona Site,120240056012140087,LINK_CLICKS,2026-02-09,67422,36307,1.856997,1518,2.251491,0.196048,4.41401,297.601406,1372.0,0,0.216911,368.0,0,0.808699,0.0,0,0.0,0,0,0,0,0,0,0.0,0,0.0,0,0,0,147.0,79.0,54.0,39.0,instagram,CS
TFG - Narbona Site,120240056012140087,LINK_CLICKS,2026-02-09,1,1,1.0,0,0.0,0.0,0.0,0.0,0.0,0,0.0,0.0,0,0.0,0.0,0,0.0,0,0,0,0,0,0,0.0,0,0.0,0,0,0,,,,,threads,CS
ALC - Narbona novos conteúdos,120240054308210087,OUTCOME_AWARENESS,2026-03-01,20947,16616,1.260652,78,0.372368,0.279003,1.038919,21.76223,32.0,0,0.68007,13.0,0,1.674018,0.0,0,0.0,0,0,0,0,0,0,1.0,0,21.76223,0,0,0,147.0,51.0,31.0,18.0,facebook,CS
ALC - Narbona novos conteúdos,120240054308210087,OUTCOME_AWARENESS,2026-03-01,63857,45770,1.395172,73,0.114318,1.038463,1.187149,75.807768,58.0,0,1.30703,36.0,0,2.105771,1.0,0,75.807768,0,0,0,0,0,0,10.0,0,7.580777,0,0,0,353.0,95.0,53.0,29.0,instagram,CS
ALC - Narbona novos conteúdos,120240054308210087,OUTCOME_AWARENESS,2026-03-01,54,53,1.018868,0,0.0,0.0,0.370408,0.020002,0.0,0,0.0,0.0,0,0.0,0.0,0,0.0,0,0,0,0,0,0,0.0,0,0.0,0,0,0,2.0,,,,threads,CS
ALC - Narbona novos conteúdos,120240054308210087,OUTCOME_AWARENESS,2026-03-01,0,0,0.0,0,0.0,0.0,0.0,0.0,0.0,0,0.0,0.0,0,0.0,0.0,0,0.0,0,0,0,0,0,0,0.0,0,0.0,0,0,0,,,,,unknown,CS
[ALC] Musical K-Pop,120240776590700087,OUTCOME_AWARENESS,2026-03-01,8184,8016,1.020958,25,0.305474,0.3572,1.091153,8.93,16.0,0,0.558125,0.0,0,0.0,0.0,0,0.0,0,0,0,0,0,0,0.0,0,0.0,0,0,0,,,,,facebook,CS
[ALC] Musical K-Pop,120240776590700087,OUTCOME_AWARENESS,2026-03-01,9421,9035,1.042723,8,0.084917,1.41875,1.204755,11.35,7.0,0,1.621429,0.0,0,0.0,0.0,0,0.0,0,0,0,0,0,0,0.0,0,0.0,0,0,0,,,,,instagram,CS
ALC - VOLTA AS AULAS,120240233245310402,OUTCOME_AWARENESS,2026-02-09,12022,11465,1.048583,1,0.008318,10.69,0.889203,10.69,0.0,0,0.0,0.0,0,0.0,0.0,0,0.0,0,0,0,0,0,0,0.0,0,0.0,0,0,0,,,,,facebook,BS
ALC - VOLTA AS AULAS,120240233245310402,OUTCOME_AWARENESS,2026-02-09,77597,68493,1.132919,67,0.086344,1.297164,1.120018,86.91,45.0,0,1.931333,0.0,0,0.0,0.0,0,0.0,0,0,0,0,0,0,0.0,0,0.0,0,0,0,527.0,85.0,38.0,23.0,instagram,BS
ALC - SUMMER,120240233387880402,OUTCOME_AWARENESS,2026-02-09,261360,164190,1.591814,194,0.074227,1.444072,1.071893,280.15,33.0,0,8.489394,0.0,0,0.0,0.0,0,0.0,0,0,0,0,0,0,0.0,0,0.0,0,0,0,5401.0,1567.0,749.0,471.0,facebook,BS
ALC - SUMMER,120240233387880402,OUTCOME_AWARENESS,2026-02-09,361100,195589,1.846218,82,0.022708,4.911585,1.115342,402.75,4.0,0,100.6875,0.0,0,0.0,0.0,0,0.0,0,0,0,0,0,0,0.0,0,0.0,0,0,0,29314.0,6434.0,3640.0,2578.0,instagram,BS
ALC - Semana do Cinema - BS JAN 25,120241101673890402,OUTCOME_AWARENESS,2026-02-09,60068,50579,1.187608,38,0.063262,1.858561,1.175756,70.62531,3.0,0,23.54177,0.0,0,0.0,0.0,0,0.0,0,0,0,0,0,0,0.0,0,0.0,0,0,0,,,,,facebook,BS
ALC - Semana do Cinema - BS JAN 25,120241101673890402,OUTCOME_AWARENESS,2026-02-09,65671,63537,1.033587,103,0.156842,0.776259,1.217504,79.95469,79.0,0,1.012085,0.0,0,0.0,0.0,0,0.0,0,0,0,0,0,0,0.0,0,0.0,0,0,0,,,,,instagram,BS
ALC - Inauguração - Shantal,120241101729600402,OUTCOME_AWARENESS,2026-02-09,142003,69446,2.044797,118,0.083097,1.384153,1.150187,163.33,7.0,0,23.332857,0.0,0,0.0,0.0,0,0.0,0,0,0,0,0,0,0.0,0,0.0,0,0,0,9.0,5.0,3.0,3.0,facebook,BS
ALC - Inauguração - Shantal,120241101729600402,OUTCOME_AWARENESS,2026-02-09,119792,76493,1.566052,140,0.116869,0.989429,1.156338,138.52,91.0,0,1.522198,0.0,0,0.0,0.0,0,0.0,0,0,0,0,0,0,0.0,0,0.0,0,0,0,351.0,147.0,61.0,44.0,instagram,BS
ALC - Carnaval Kids,120241264649820402,OUTCOME_AWARENESS,2026-02-09,491754,317126,1.550658,572,0.116318,1.044767,1.215256,597.606809,364.0,0,1.641777,109.0,0,5.482631,0.0,0,0.0,0,0,0,0,0,0,0.0,0,0.0,0,0,0,,,,,facebook,BS
ALC - Carnaval Kids,120241264649820402,OUTCOME_AWARENESS,2026-02-09,893525,556304,1.606181,1133,0.126801,1.021706,1.295535,1157.593189,942.0,0,1.228868,460.0,0,2.516507,0.0,0,0.0,0,0,0,0,0,0,0.0,0,0.0,0,0,0,,,,,instagram,BS
ALC - Carnaval Kids,120241264649820402,OUTCOME_AWARENESS,2026-02-09,104,93,1.11828,0,0.0,0.0,1.826944,0.190002,0.0,0,0.0,0.0,0,0.0,0.0,0,0.0,0,0,0,0,0,0,0.0,0,0.0,0,0,0,,,,,threads,BS
TRAF - Carnaval,120241501677080402,LINK_CLICKS,2026-02-09,248,132,1.878788,30,12.096774,0.308009,37.259182,9.240277,34.0,0,0.271773,16.0,0,0.577517,0.0,0,0.0,0,0,0,0,0,0,0.0,0,0.0,0,0,0,,,,,audience_network,BS
TRAF - Carnaval,120241501677080402,LINK_CLICKS,2026-02-09,58152,35517,1.6373,1135,1.951782,0.205751,4.015804,233.527006,934.0,0,0.250029,535.0,0,0.436499,0.0,0,0.0,0,0,0,0,0,0,0.0,0,0.0,0,0,0,,,,,facebook,BS
TRAF - Carnaval,120241501677080402,LINK_CLICKS,2026-02-09,229331,92900,2.468579,2673,1.165564,0.282534,3.293112,755.212656,2372.0,0,0.318386,965.0,0,0.782604,0.0,0,0.0,0,0,0,0,0,0,0.0,0,0.0,0,0,0,,,,,instagram,BS
TRAF - Carnaval,120241501677080402,LINK_CLICKS,2026-02-09,393,369,1.065041,1,0.254453,2.020061,5.140103,2.020061,1.0,0,2.020061,1.0,0,2.020061,0.0,0,0.0,0,0,0,0,0,0,0.0,0,0.0,0,0,0,,,,,threads,BS
ALC - Ghibli Fest,120242067064510402,OUTCOME_AWARENESS,2026-02-09,34506,28228,1.222403,46,0.13331,0.873913,1.165015,40.2,0.0,0,0.0,0.0,0,0.0,0.0,0,0.0,0,0,0,0,0,0,0.0,0,0.0,0,0,0,,,,,facebook,BS
ALC - Ghibli Fest,120242067064510402,OUTCOME_AWARENESS,2026-02-09,77501,57630,1.344803,90,0.116128,1.013,1.176372,91.17,75.0,0,1.2156,12.0,0,7.5975,0.0,0,0.0,0,0,0,0,0,0,0.0,0,0.0,0,0,0,,,,,instagram,BS
ALC - Moda Feminina | Verão - AON,120242067169520402,OUTCOME_AWARENESS,2026-02-09,29734,23390,1.271227,17,0.057174,2.03,1.160624,34.51,0.0,0,0.0,0.0,0,0.0,0.0,0,0.0,0,0,0,0,0,0,0.0,0,0.0,0,0,0,,,,,facebook,BS
ALC - Moda Feminina | Verão - AON,120242067169520402,OUTCOME_AWARENESS,2026-02-09,101413,73889,1.372505,72,0.070997,1.709861,1.213947,123.11,55.0,0,2.238364,0.0,0,0.0,0.0,0,0.0,0,0,0,0,0,0,0.0,0,0.0,0,0,0,36.0,9.0,3.0,3.0,instagram,BS
ALC - Moda Masculina - AON,120242067335900402,OUTCOME_AWARENESS,2026-02-09,1216,1152,1.055556,0,0.0,0.0,1.192343,1.449889,0.0,0,0.0,0.0,0,0.0,0.0,0,0.0,0,0,0,0,0,0,0.0,0,0.0,0,0,0,,,,,facebook,BS
ALC - Moda Masculina - AON,120242067335900402,OUTCOME_AWARENESS,2026-02-09,103837,74606,1.391805,83,0.079933,1.561447,1.248111,129.600111,58.0,0,2.234485,0.0,0,0.0,0.0,0,0.0,0,0,0,0,0,0,0.0,0,0.0,0,0,0,732.0,140.0,45.0,24.0,instagram,BS
ALC - Moda Masculina - AON,120242067335900402,OUTCOME_AWARENESS,2026-02-09,1,1,1.0,0,0.0,0.0,0.0,0.0,0.0,0,0.0,0.0,0,0.0,0.0,0,0.0,0,0,0,0,0,0,0.0,0,0.0,0,0,0,,,,,unknown,BS
ALC - Lojas Corredor Zara,120242067408940402,OUTCOME_AWARENESS,2026-02-09,1306,1275,1.024314,1,0.07657,1.40991,1.079564,1.40991,0.0,0,0.0,0.0,0,0.0,0.0,0,0.0,0,0,0,0,0,0,0.0,0,0.0,0,0,0,,,,,facebook,BS
ALC - Lojas Corredor Zara,120242067408940402,OUTCOME_AWARENESS,2026-02-09,131873,68100,1.936461,133,0.100855,1.170753,1.180758,155.71009,98.0,0,1.588878,2.0,0,77.855045,0.0,0,0.0,0,0,0,0,0,0,0.0,0,0.0,0,0,0,1598.0,674.0,268.0,140.0,instagram,BS
ALC - Ghibli Fest,120242067064510402,OUTCOME_AWARENESS,2026-03-01,22573,20479,1.102251,18,0.079741,1.152778,0.91924,20.75,0.0,0,0.0,0.0,0,0.0,0.0,0,0.0,0,0,0,0,0,0,0.0,0,0.0,0,0,0,,,,,facebook,BS
ALC - Ghibli Fest,120242067064510402,OUTCOME_AWARENESS,2026-03-01,39420,37471,1.052014,43,0.109082,0.916047,0.999239,39.39,32.0,0,1.230938,0.0,0,0.0,1.0,0,39.39,0,0,0,0,0,0,1.0,0,39.39,0,0,0,,,,,instagram,BS
ALC - Moda Feminina | Verão - AON,120242067169520402,OUTCOME_AWARENESS,2026-03-01,73326,57096,1.284258,25,0.034094,2.735691,0.932715,68.392279,0.0,0,0.0,0.0,0,0.0,0.0,0,0.0,0,0,0,0,0,0,0.0,0,0.0,0,0,0,,,,,facebook,BS
ALC - Moda Feminina | Verão - AON,120242067169520402,OUTCOME_AWARENESS,2026-03-01,215355,132234,1.62859,188,0.087298,1.232435,1.075887,231.697721,139.0,0,1.66689,0.0,0,0.0,0.0,0,0.0,0,0,0,0,0,0,0.0,0,0.0,0,0,0,228.0,63.0,38.0,29.0,instagram,BS
ALC - Moda Masculina - AON,120242067335900402,OUTCOME_AWARENESS,2026-03-01,99054,68698,1.441876,45,0.04543,2.310183,1.049511,103.958224,3.0,0,34.652741,0.0,0,0.0,1.0,0,103.958224,0,0,0,0,0,0,8.0,0,12.994778,0,0,0,,,,,facebook,BS
ALC - Moda Masculina - AON,120242067335900402,OUTCOME_AWARENESS,2026-03-01,127172,84260,1.509281,116,0.091215,1.283291,1.170555,148.861776,91.0,0,1.635844,0.0,0,0.0,2.0,0,74.430888,0,0,0,0,0,0,12.0,0,12.405148,0,0,0,147.0,28.0,12.0,9.0,instagram,BS
ALC - Lojas Corredor Zara,120242067408940402,OUTCOME_AWARENESS,2026-03-01,95645,78264,1.222082,6,0.006273,12.51199,0.784902,75.071937,0.0,0,0.0,0.0,0,0.0,1.0,0,75.071937,0,0,0,0,0,0,12.0,0,6.255995,0,0,0,,,,,facebook,BS
ALC - Lojas Corredor Zara,120242067408940402,OUTCOME_AWARENESS,2026-03-01,281978,133463,2.11278,290,0.102845,1.077304,1.107952,312.418063,199.0,0,1.56994,0.0,0,0.0,4.0,0,78.104516,0,0,0,0,0,0,36.0,0,8.67828,0,0,0,3084.0,1159.0,484.0,275.0,instagram,BS
ALC - GASTRONOMIA - BS,120242410811390402,OUTCOME_AWARENESS,2026-03-01,270887,193188,1.402194,172,0.063495,1.884868,1.196799,324.197229,10.0,0,32.419723,0.0,0,0.0,1.0,0,324.197229,0,0,0,0,0,0,23.0,0,14.095532,0,0,0,,,,,facebook,BS
ALC - GASTRONOMIA - BS,120242410811390402,OUTCOME_AWARENESS,2026-03-01,792011,481302,1.645559,796,0.100504,1.282843,1.289304,1021.142771,648.0,0,1.575838,0.0,0,0.0,2.0,0,510.571385,0,0,0,0,0,0,59.0,0,17.307505,0,0,0,,,,,instagram,BS
ALC - UNIZUSHI + DULADU,120242554636430402,OUTCOME_AWARENESS,2026-03-01,53554,37076,1.444438,108,0.201666,0.599744,1.209477,64.772343,23.0,0,2.816189,13.0,0,4.982488,0.0,0,0.0,0,0,0,0,0,0,0.0,0,0.0,0,0,0,542.0,171.0,74.0,45.0,facebook,BS
ALC - UNIZUSHI + DULADU,120242554636430402,OUTCOME_AWARENESS,2026-03-01,174619,122704,1.423091,145,0.083038,1.457156,1.209992,211.287644,123.0,0,1.717786,77.0,0,2.743995,0.0,0,0.0,0,0,0,0,0,0,0.0,0,0.0,0,0,0,989.0,196.0,114.0,77.0,instagram,BS
ALC - UNIZUSHI + DULADU,120242554636430402,OUTCOME_AWARENESS,2026-03-01,272,250,1.088,1,0.367647,0.350013,1.286811,0.350013,1.0,0,0.350013,1.0,0,0.350013,0.0,0,0.0,0,0,0,0,0,0,0.0,0,0.0,0,0,0,13.0,1.0,1.0,,threads,BS
ALC - Gastronomia — AON,120217368581940157,OUTCOME_AWARENESS,2026-02-09,504120,325530,1.548613,362,0.071808,1.648536,1.183786,596.77,204.0,0,2.925343,0.0,0,0.0,0.0,0,0.0,0,0,0,0,0,0,0.0,0,0.0,0,0,0,3455.0,1476.0,462.0,297.0,instagram,NK
ALC - Arena Super Games,120236945555570157,OUTCOME_AWARENESS,2026-02-09,296430,220367,1.345165,769,0.25942,0.48977,1.270564,376.633279,15.0,0,25.108885,0.0,0,0.0,0.0,0,0.0,0,0,0,0,0,0,0.0,0,0.0,0,0,0,8554.0,2491.0,1232.0,770.0,facebook,NK
ALC - Arena Super Games,120236945555570157,OUTCOME_AWARENESS,2026-02-09,606766,475167,1.276953,393,0.06477,1.960551,1.269842,770.496707,9.0,0,85.610745,0.0,0,0.0,0.0,0,0.0,0,0,0,0,0,0,0.0,0,0.0,0,0,0,7266.0,3248.0,1031.0,643.0,instagram,NK
ALC - Arena Super Games,120236945555570157,OUTCOME_AWARENESS,2026-02-09,1346,1284,1.048287,0,0.0,0.0,1.203577,1.620014,0.0,0,0.0,0.0,0,0.0,0.0,0,0.0,0,0,0,0,0,0,0.0,0,0.0,0,0,0,167.0,47.0,22.0,9.0,threads,NK
ALC - Cinema - AON,120237502551570157,OUTCOME_AWARENESS,2026-02-09,491910,248918,1.976193,812,0.165071,0.648741,1.070882,526.777568,35.0,0,15.050788,0.0,0,0.0,0.0,0,0.0,0,0,0,0,0,0,0.0,0,0.0,0,0,0,67363.0,25604.0,14328.0,10139.0,facebook,NK
ALC - Cinema - AON,120237502551570157,OUTCOME_AWARENESS,2026-02-09,153675,87459,1.757109,146,0.095006,1.159195,1.101301,169.242432,79.0,0,2.142309,0.0,0,0.0,0.0,0,0.0,0,0,0,0,0,0,0.0,0,0.0,0,0,0,18459.0,6788.0,3350.0,2339.0,instagram,NK
ALC - Coleção Boca Rosa Adidas,120238011056000157,OUTCOME_AWARENESS,2026-02-09,107566,69908,1.538679,103,0.095755,1.34233,1.28535,138.26,55.0,0,2.513818,0.0,0,0.0,0.0,0,0.0,0,0,0,0,0,0,0.0,0,0.0,0,0,0,1796.0,825.0,287.0,162.0,instagram,NK
ALC - Oficinas de Carnaval no Neumarkt Shopping,120238012028540157,OUTCOME_AWARENESS,2026-02-09,44205,29424,1.502345,26,0.058817,1.773672,1.043219,46.115479,0.0,0,0.0,0.0,0,0.0,0.0,0,0.0,0,0,0,0,0,0,0.0,0,0.0,0,0,0,,,,,facebook,NK
ALC - Oficinas de Carnaval no Neumarkt Shopping,120238012028540157,OUTCOME_AWARENESS,2026-02-09,52300,35522,1.472327,51,0.097514,1.095775,1.068538,55.884521,44.0,0,1.270103,0.0,0,0.0,0.0,0,0.0,0,0,0,0,0,0,0.0,0,0.0,0,0,0,,,,,instagram,NK
ENG - Conteúdos - Fev,120238024409700157,OUTCOME_ENGAGEMENT,2026-02-09,109288,44520,2.454807,201,0.183918,3.040448,5.591922,611.13,40.0,0,15.27825,0.0,0,0.0,0.0,0,0.0,0,0,0,0,0,0,0.0,0,0.0,0,0,0,20634.0,10769.0,6617.0,4756.0,instagram,NK
ALC - Semana do Cinema,120238152179080157,OUTCOME_AWARENESS,2026-02-09,157485,122372,1.286937,136,0.086357,1.47,1.269454,199.92,81.0,0,2.468148,0.0,0,0.0,0.0,0,0.0,0,0,0,0,0,0,0.0,0,0.0,0,0,0,1626.0,819.0,207.0,124.0,instagram,NK
ALC- Valentine's Day,120238271108280157,OUTCOME_AWARENESS,2026-02-09,71284,56856,1.253764,79,0.110824,1.265063,1.401998,99.94,59.0,0,1.693898,0.0,0,0.0,0.0,0,0.0,0,0,0,0,0,0,0.0,0,0.0,0,0,0,524.0,97.0,62.0,40.0,instagram,NK
ALC - Moda Feminina,120238480775560157,OUTCOME_AWARENESS,2026-02-09,90156,59867,1.505938,42,0.046586,2.534524,1.180731,106.45,1.0,0,106.45,0.0,0,0.0,0.0,0,0.0,0,0,0,0,0,0,0.0,0,0.0,0,0,0,1501.0,715.0,260.0,146.0,instagram,NK
ALC - Feira Pet NK,120238544787450157,OUTCOME_AWARENESS,2026-02-09,133090,90552,1.469763,231,0.173567,0.596234,1.034864,137.73,55.0,0,2.504182,0.0,0,0.0,0.0,0,0.0,0,0,0,0,0,0,0.0,0,0.0,0,0,0,,,,,facebook,NK
ALC - Feira Pet NK,120238544787450157,OUTCOME_AWARENESS,2026-02-09,55662,43538,1.278469,71,0.127556,0.877042,1.118717,62.27,49.0,0,1.270816,0.0,0,0.0,0.0,0,0.0,0,0,0,0,0,0,0.0,0,0.0,0,0,0,,,,,instagram,NK
ALC - Promoção Meu Méqui,120238882009230157,OUTCOME_AWARENESS,2026-02-09,15725,15158,1.037406,32,0.203498,0.677813,1.379332,21.69,25.0,0,0.8676,0.0,0,0.0,0.0,0,0.0,0,0,0,0,0,0,0.0,0,0.0,0,0,0,,,,,instagram,NK
ALC - Poker NK,120238895400210157,OUTCOME_AWARENESS,2026-02-09,18462,14327,1.288616,81,0.438739,0.316543,1.388799,25.64,2.0,0,12.82,0.0,0,0.0,0.0,0,0.0,0,0,0,0,0,0,0.0,0,0.0,0,0,0,516.0,164.0,91.0,42.0,facebook,NK
ALC - Poker NK,120238895400210157,OUTCOME_AWARENESS,2026-02-09,8923,8100,1.101605,8,0.089656,1.5175,1.360529,12.14,1.0,0,12.14,0.0,0,0.0,0.0,0,0.0,0,0,0,0,0,0,0.0,0,0.0,0,0,0,84.0,42.0,11.0,5.0,instagram,NK
ENG - POKER,120238895417590157,OUTCOME_ENGAGEMENT,2026-02-09,1311,844,1.553318,107,8.161709,0.106262,8.672769,11.37,1.0,0,11.37,0.0,0,0.0,0.0,0,0.0,0,0,0,0,0,0,0.0,0,0.0,0,0,0,82.0,29.0,18.0,10.0,facebook,NK
ENG - POKER,120238895417590157,OUTCOME_ENGAGEMENT,2026-02-09,3582,2452,1.460848,2,0.055835,15.96,8.911223,31.92,0.0,0,0.0,0.0,0,0.0,0.0,0,0.0,0,0,0,0,0,0,0.0,0,0.0,0,0,0,74.0,25.0,16.0,10.0,instagram,NK
ALC - General Ly,120238922807440157,OUTCOME_AWARENESS,2026-02-09,10822,9223,1.173371,20,0.184809,0.673229,1.244186,13.464586,1.0,0,13.464586,0.0,0,0.0,0.0,0,0.0,0,0,0,0,0,0,0.0,0,0.0,0,0,0,97.0,34.0,20.0,10.0,facebook,NK
ALC - General Ly,120238922807440157,OUTCOME_AWARENESS,2026-02-09,8023,7698,1.042219,3,0.037393,3.801805,1.42159,11.405414,0.0,0,0.0,0.0,0,0.0,0.0,0,0.0,0,0,0,0,0,0,0.0,0,0.0,0,0,0,38.0,9.0,7.0,6.0,instagram,NK
ALC - Exposição Telomar,120238922924330157,OUTCOME_AWARENESS,2026-02-09,18059,18059,1.0,1,0.005537,24.35,1.348358,24.35,0.0,0,0.0,0.0,0,0.0,0.0,0,0.0,0,0,0,0,0,0,0.0,0,0.0,0,0,0,155.0,41.0,23.0,17.0,instagram,NK
ALC - Legueiros,120238935282320157,OUTCOME_AWARENESS,2026-02-09,33367,29614,1.126731,28,0.083915,1.380357,1.15833,38.65,10.0,0,3.865,0.0,0,0.0,0.0,0,0.0,0,0,0,0,0,0,0.0,0,0.0,0,0,0,,,,,facebook,NK
ALC - Legueiros,120238935282320157,OUTCOME_AWARENESS,2026-02-09,20145,19668,1.024253,28,0.138992,0.963929,1.339787,26.99,23.0,0,1.173478,0.0,0,0.0,0.0,0,0.0,0,0,0,0,0,0,0.0,0,0.0,0,0,0,,,,,instagram,NK
ALC - Legueiros,120238935282320157,OUTCOME_AWARENESS,2026-02-09,2,2,1.0,0,0.0,0.0,5.0,0.01,0.0,0,0.0,0.0,0,0.0,0.0,0,0.0,0,0,0,0,0,0,0.0,0,0.0,0,0,0,,,,,threads,NK
ALC - Gastronomia — AON,120217368581940157,OUTCOME_AWARENESS,2026-03-01,255648,228490,1.118859,190,0.074321,1.533,1.13934,291.27,125.0,0,2.33016,0.0,0,0.0,0.0,0,0.0,0,0,0,0,0,0,0.0,0,0.0,0,0,0,1541.0,609.0,239.0,140.0,instagram,NK
ALC - Cinema - AON,120237502551570157,OUTCOME_AWARENESS,2026-03-01,232485,152064,1.528863,446,0.19184,0.534574,1.025528,238.419964,38.0,0,6.27421,7.0,0,34.059995,0.0,0,0.0,0,0,0,0,0,0,0.0,0,0.0,0,0,0,63788.0,26761.0,15940.0,11976.0,facebook,NK
ALC - Cinema - AON,120237502551570157,OUTCOME_AWARENESS,2026-03-01,74740,57318,1.303953,52,0.069575,1.535578,1.068371,79.850036,32.0,0,2.495314,13.0,0,6.14231,0.0,0,0.0,0,0,0,0,0,0,0.0,0,0.0,0,0,0,12397.0,4570.0,2220.0,1534.0,instagram,NK
ALC - Moda Feminina,120238480775560157,OUTCOME_AWARENESS,2026-03-01,76235,53485,1.425353,24,0.031482,3.5725,1.12468,85.74,0.0,0,0.0,0.0,0,0.0,0.0,0,0.0,0,0,0,0,0,0,0.0,0,0.0,0,0,0,1211.0,533.0,191.0,118.0,instagram,NK
ALC - Promoção Meu Méqui,120238882009230157,OUTCOME_AWARENESS,2026-03-01,54617,40495,1.348734,102,0.186755,0.606961,1.13353,61.91,83.0,0,0.745904,0.0,0,0.0,0.0,0,0.0,0,0,0,0,0,0,0.0,0,0.0,0,0,0,,,,,instagram,NK
ALC - Poker NK,120238895400210157,OUTCOME_AWARENESS,2026-03-01,18940,13941,1.358583,62,0.32735,0.331129,1.083949,20.53,2.0,0,10.265,0.0,0,0.0,0.0,0,0.0,0,0,0,0,0,0,0.0,0,0.0,0,0,0,505.0,161.0,76.0,34.0,facebook,NK
ALC - Poker NK,120238895400210157,OUTCOME_AWARENESS,2026-03-01,13335,11939,1.116928,2,0.014998,7.305,1.095613,14.61,0.0,0,0.0,0.0,0,0.0,0.0,0,0.0,0,0,0,0,0,0,0.0,0,0.0,0,0,0,119.0,54.0,23.0,13.0,instagram,NK
ENG - POKER,120238895417590157,OUTCOME_ENGAGEMENT,2026-03-01,1550,961,1.612903,81,5.225806,0.119689,6.254719,9.694814,1.0,0,9.694814,0.0,0,0.0,0.0,0,0.0,0,0,0,0,0,0,0.0,0,0.0,0,0,0,74.0,27.0,18.0,10.0,facebook,NK
ENG - POKER,120238895417590157,OUTCOME_ENGAGEMENT,2026-03-01,5355,3497,1.531313,4,0.074697,7.646297,5.711519,30.585186,0.0,0,0.0,0.0,0,0.0,0.0,0,0.0,0,0,0,0,0,0,0.0,0,0.0,0,0,0,127.0,53.0,34.0,23.0,instagram,NK
ALC - General Ly,120238922807440157,OUTCOME_AWARENESS,2026-03-01,62523,38184,1.637414,112,0.179134,0.611485,1.095378,68.486312,7.0,0,9.783759,0.0,0,0.0,0.0,0,0.0,0,0,0,0,0,0,0.0,0,0.0,0,0,0,526.0,151.0,95.0,55.0,facebook,NK
ALC - General Ly,120238922807440157,OUTCOME_AWARENESS,2026-03-01,35441,25940,1.366268,16,0.045145,2.500855,1.129023,40.013688,1.0,0,40.013688,0.0,0,0.0,0.0,0,0.0,0,0,0,0,0,0,0.0,0,0.0,0,0,0,154.0,31.0,17.0,6.0,instagram,NK
ALC - Exposição Telomar,120238922924330157,OUTCOME_AWARENESS,2026-03-01,83618,60152,1.390112,26,0.031094,3.556923,1.105982,92.48,1.0,0,92.48,0.0,0,0.0,0.0,0,0.0,0,0,0,0,0,0,0.0,0,0.0,0,0,0,858.0,267.0,138.0,99.0,instagram,NK
ALC - Legueiros,120238935282320157,OUTCOME_AWARENESS,2026-03-01,308305,183649,1.678773,182,0.059032,1.950106,1.151195,354.919325,10.0,0,35.491932,0.0,0,0.0,0.0,0,0.0,0,0,0,0,0,0,0.0,0,0.0,0,0,0,,,,,facebook,NK
ALC - Legueiros,120238935282320157,OUTCOME_AWARENESS,2026-03-01,310253,187607,1.653739,396,0.127638,0.958891,1.223907,379.720675,315.0,0,1.205462,1.0,0,379.720675,0.0,0,0.0,0,0,0,0,0,0,0.0,0,0.0,0,0,0,,,,,instagram,NK
ALC - Semana do Consumidor,120239316518760157,OUTCOME_AWARENESS,2026-03-01,201951,177526,1.137585,182,0.090121,1.519451,1.369342,276.54,76.0,0,3.638684,0.0,0,0.0,0.0,0,0.0,0,0,0,0,0,0,0.0,0,0.0,0,0,0,938.0,190.0,98.0,69.0,instagram,NK
ALC - Páscoa,120239362078700157,OUTCOME_AWARENESS,2026-03-01,2730,2646,1.031746,5,0.18315,0.67,1.227106,3.35,0.0,0,0.0,0.0,0,0.0,0.0,0,0.0,0,0,0,0,0,0,0.0,0,0.0,0,0,0,25.0,9.0,4.0,4.0,facebook,NK
ALC - Páscoa,120239362078700157,OUTCOME_AWARENESS,2026-03-01,1904,1811,1.051353,0,0.0,0.0,1.313025,2.5,0.0,0,0.0,0.0,0,0.0,0.0,0,0.0,0,0,0,0,0,0,0.0,0,0.0,0,0,0,11.0,3.0,1.0,,instagram,NK
ALC | Moda Feminina,120218457714640075,OUTCOME_AWARENESS,2026-02-09,2605,2539,1.025994,6,0.230326,0.52,1.197697,3.12,0.0,0,0.0,0.0,0,0.0,0.0,0,0.0,0,0,0,0,0,0,0.0,0,0.0,0,0,0,106.0,36.0,19.0,10.0,facebook,NR
ALC | Moda Feminina,120218457714640075,OUTCOME_AWARENESS,2026-02-09,248649,191059,1.301425,224,0.090087,1.418705,1.278067,317.79,165.0,0,1.926,19.0,0,16.725789,0.0,0,0.0,0,0,0,0,0,0,0.0,0,0.0,0,0,0,3748.0,1448.0,760.0,533.0,instagram,NR
ALC | Moda masculina,120218468471470075,OUTCOME_AWARENESS,2026-02-09,253064,181723,1.392581,260,0.102741,1.248308,1.282521,324.56,190.0,0,1.708211,0.0,0,0.0,0.0,0,0.0,0,0,0,0,0,0,0.0,0,0.0,0,0,0,8670.0,3061.0,1720.0,1195.0,instagram,NR
ALC - Lojas - Inauguração/ Gastronomia,120218470856850075,OUTCOME_AWARENESS,2026-02-09,362918,257977,1.406784,412,0.113524,1.209587,1.373175,498.35,288.0,0,1.730382,3.0,0,166.116667,0.0,0,0.0,0,0,0,0,0,0,0.0,0,0.0,0,0,0,3789.0,1301.0,670.0,377.0,instagram,NR
ALC - Wow Park,120238243719230075,OUTCOME_AWARENESS,2026-02-09,367966,233036,1.579009,545,0.148112,0.91233,1.351266,497.22,383.0,0,1.298225,3.0,0,165.74,0.0,0,0.0,0,0,0,0,0,0,0.0,0,0.0,0,0,0,1872.0,523.0,272.0,182.0,instagram,NR
ALC - PISTA DE PATINAÇAO,120238346134830075,OUTCOME_AWARENESS,2026-02-09,853756,354987,2.405035,948,0.111039,1.135454,1.260793,1076.41,559.0,0,1.925599,3.0,0,358.803333,0.0,0,0.0,0,0,0,0,0,0,0.0,0,0.0,0,0,0,8498.0,4060.0,1536.0,908.0,instagram,NR
ALC - Inauguração Freddo Gelateria,120238539202460075,OUTCOME_AWARENESS,2026-02-09,140721,69060,2.037663,350,0.248719,0.48992,1.218526,171.472133,29.0,0,5.912832,0.0,0,0.0,0.0,0,0.0,0,0,0,0,0,0,0.0,0,0.0,0,0,0,2996.0,766.0,434.0,304.0,facebook,NR
ALC - Inauguração Freddo Gelateria,120238539202460075,OUTCOME_AWARENESS,2026-02-09,225546,129476,1.741991,235,0.104192,1.12531,1.172479,264.447867,172.0,0,1.537488,0.0,0,0.0,0.0,0,0.0,0,0,0,0,0,0,0.0,0,0.0,0,0,0,848.0,187.0,119.0,79.0,instagram,NR
ALC - Dragões,120238712803660075,OUTCOME_AWARENESS,2026-02-09,217091,128135,1.694237,699,0.321985,0.388419,1.25065,271.504892,33.0,0,8.227421,12.0,0,22.625408,0.0,0,0.0,0,0,0,0,0,0,0.0,0,0.0,0,0,0,2382.0,754.0,416.0,212.0,facebook,NR
ALC - Dragões,120238712803660075,OUTCOME_AWARENESS,2026-02-09,228914,147209,1.555027,268,0.117075,1.057706,1.238304,283.465108,152.0,0,1.864902,76.0,0,3.729804,0.0,0,0.0,0,0,0,0,0,0,0.0,0,0.0,0,0,0,2247.0,932.0,372.0,224.0,instagram,NR
ALC - Bailinho de Carnaval,120238985339690075,OUTCOME_AWARENESS,2026-02-09,167859,135627,1.237652,190,0.11319,1.212947,1.372938,230.46,143.0,0,1.611608,43.0,0,5.359535,0.0,0,0.0,0,0,0,0,0,0,0.0,0,0.0,0,0,0,1043.0,419.0,103.0,63.0,instagram,NR
ALC - Semana do Cinema Jan 25,120238985527080075,OUTCOME_AWARENESS,2026-02-09,63356,61438,1.031218,132,0.208346,0.614242,1.279753,81.08,104.0,0,0.779615,42.0,0,1.930476,0.0,0,0.0,0,0,0,0,0,0,0.0,0,0.0,0,0,0,,,,,instagram,NR
ALC - Brasileirisse,120239236381150075,OUTCOME_AWARENESS,2026-02-09,161152,94840,1.699199,191,0.118522,1.04712,1.241064,200.0,132.0,0,1.515152,50.0,0,4.0,0.0,0,0.0,0,0,0,0,0,0,0.0,0,0.0,0,0,0,1197.0,376.0,190.0,106.0,instagram,NR
ALC - Feira de adoção pet,120239353688880075,OUTCOME_AWARENESS,2026-02-09,41073,31581,1.30056,43,0.104692,1.124884,1.177659,48.37,26.0,0,1.860385,0.0,0,0.0,0.0,0,0.0,0,0,0,0,0,0,0.0,0,0.0,0,0,0,,,,,instagram,NR
ALC - Oficina de RPG,120239356883300075,OUTCOME_AWARENESS,2026-02-09,147623,110950,1.330536,209,0.141577,0.956316,1.353922,199.87,164.0,0,1.21872,0.0,0,0.0,0.0,0,0.0,0,0,0,0,0,0,0.0,0,0.0,0,0,0,,,,,instagram,NR
ALC - Aventura Congelante,120239402846960075,OUTCOME_AWARENESS,2026-02-09,160264,94603,1.694069,325,0.20279,0.549323,1.113974,178.53,107.0,0,1.668505,0.0,0,0.0,0.0,0,0.0,0,0,0,0,0,0,0.0,0,0.0,0,0,0,21193.0,7827.0,3524.0,2046.0,facebook,NR
ALC - Aventura Congelante,120239402846960075,OUTCOME_AWARENESS,2026-02-09,61710,42511,1.451624,70,0.113434,1.014714,1.151029,71.03,53.0,0,1.340189,1.0,0,71.03,0.0,0,0.0,0,0,0,0,0,0,0.0,0,0.0,0,0,0,2051.0,719.0,430.0,309.0,instagram,NR
ALC - Encerramento Carnval,120239714623330075,OUTCOME_AWARENESS,2026-02-09,92797,68699,1.350777,18,0.019397,6.080556,1.179456,109.45,0.0,0,0.0,0.0,0,0.0,0.0,0,0.0,0,0,0,0,0,0,0.0,0,0.0,0,0,0,641.0,116.0,64.0,35.0,instagram,NR
ALC - Volksfriends,120239716062130075,OUTCOME_AWARENESS,2026-02-09,248670,169572,1.466457,358,0.143966,0.837905,1.206298,299.97,254.0,0,1.180984,0.0,0,0.0,0.0,0,0.0,0,0,0,0,0,0,0.0,0,0.0,0,0,0,,,,,instagram,NR
ALC - Norte Cafe,120239888343150075,OUTCOME_AWARENESS,2026-02-09,61652,45991,1.340523,40,0.06488,1.9995,1.297282,79.98,27.0,0,2.962222,0.0,0,0.0,0.0,0,0.0,0,0,0,0,0,0,0.0,0,0.0,0,0,0,956.0,437.0,133.0,88.0,instagram,NR
ALC - Filme Todo mundo em Panico,120239890360550075,OUTCOME_AWARENESS,2026-02-09,4,4,1.0,0,0.0,0.0,0.0,0.0,0.0,0,0.0,0.0,0,0.0,0.0,0,0.0,0,0,0,0,0,0,0.0,0,0.0,0,0,0,,,,,facebook,NR
ALC - Todo mundo em panico,120239954131620075,OUTCOME_AWARENESS,2026-02-09,76874,58382,1.316741,36,0.04683,3.007778,1.408539,108.28,11.0,0,9.843636,4.0,0,27.07,0.0,0,0.0,0,0,0,0,0,0,0.0,0,0.0,0,0,0,977.0,456.0,188.0,135.0,instagram,NR
ALC- Massinha Play-Doh,120240047519830075,OUTCOME_AWARENESS,2026-02-09,64454,60896,1.058427,18,0.027927,5.555556,1.551494,100.0,0.0,0,0.0,0.0,0,0.0,0.0,0,0.0,0,0,0,0,0,0,0.0,0,0.0,0,0,0,1515.0,589.0,359.0,178.0,instagram,NR
ALC | Moda Feminina,120218457714640075,OUTCOME_AWARENESS,2026-03-01,33710,31469,1.071213,80,0.237318,0.530556,1.259108,42.444519,9.0,0,4.716058,1.0,0,42.444519,0.0,0,0.0,0,0,0,0,0,0,1.0,0,42.444519,0,0,0,3253.0,1249.0,613.0,382.0,facebook,NR
ALC | Moda Feminina,120218457714640075,OUTCOME_AWARENESS,2026-03-01,262565,222263,1.181326,265,0.100927,1.257455,1.269116,333.225481,181.0,0,1.841025,38.0,0,8.769092,1.0,0,333.225481,0,0,0,0,0,0,12.0,0,27.76879,0,0,0,5941.0,2281.0,1191.0,816.0,instagram,NR
ALC | Moda masculina,120218468471470075,OUTCOME_AWARENESS,2026-03-01,249444,226419,1.101692,239,0.095813,1.325858,1.270345,316.88,169.0,0,1.87503,0.0,0,0.0,0.0,0,0.0,0,0,0,0,0,0,0.0,0,0.0,0,0,0,12983.0,4695.0,2589.0,1755.0,instagram,NR
ALC - Lojas - Inauguração/ Gastronomia,120218470856850075,OUTCOME_AWARENESS,2026-03-01,462232,407782,1.133527,477,0.103195,1.301447,1.343027,620.79,342.0,0,1.815175,0.0,0,0.0,0.0,0,0.0,0,0,0,0,0,0,2.0,0,310.395,0,0,0,3457.0,947.0,498.0,311.0,instagram,NR
ALC - Wow Park,120238243719230075,OUTCOME_AWARENESS,2026-03-01,85660,80395,1.065489,126,0.147093,0.864683,1.271889,108.95,84.0,0,1.297024,0.0,0,0.0,0.0,0,0.0,0,0,0,0,0,0,0.0,0,0.0,0,0,0,853.0,216.0,107.0,60.0,instagram,NR
ALC - PISTA DE PATINAÇAO,120238346134830075,OUTCOME_AWARENESS,2026-03-01,188222,151937,1.238816,221,0.117415,1.012579,1.188915,223.78,155.0,0,1.443742,0.0,0,0.0,0.0,0,0.0,0,0,0,0,0,0,0.0,0,0.0,0,0,0,3186.0,1401.0,481.0,294.0,instagram,NR
ALC - Todo mundo em panico,120239954131620075,OUTCOME_AWARENESS,2026-03-01,580468,362395,1.601755,722,0.124382,1.15633,1.438271,834.87,416.0,0,2.006899,278.0,0,3.00313,0.0,0,0.0,0,0,0,0,0,0,0.0,0,0.0,0,0,0,10822.0,4276.0,2594.0,1645.0,instagram,NR
ALC - Coelho Flock,120240253340710075,OUTCOME_AWARENESS,2026-03-01,224690,144678,1.553035,255,0.11349,1.140431,1.294272,290.81,214.0,0,1.358925,1.0,0,290.81,0.0,0,0.0,0,0,0,0,0,0,0.0,0,0.0,0,0,0,,,,,instagram,NR
ALC - Pet Day - Corrida Pet,120240504098140075,OUTCOME_AWARENESS,2026-03-01,84208,81582,1.032188,130,0.15438,0.873385,1.348328,113.54,108.0,0,1.051296,1.0,0,113.54,0.0,0,0.0,0,0,0,0,0,0,1.0,0,113.54,0,0,0,,,,,instagram,NR
ALC - Pokemon,120240557522400075,OUTCOME_AWARENESS,2026-03-01,10756,10756,1.0,12,0.111566,1.3125,1.464299,15.75,8.0,0,1.96875,0.0,0,0.0,0.0,0,0.0,0,0,0,0,0,0,0.0,0,0.0,0,0,0,169.0,83.0,21.0,16.0,instagram,NR
ALC - Páscoa Cacau Show,120240557649330075,OUTCOME_AWARENESS,2026-03-01,2199,2177,1.010106,4,0.181901,0.681269,1.239234,2.725075,0.0,0,0.0,0.0,0,0.0,0.0,0,0.0,0,0,0,0,0,0,0.0,0,0.0,0,0,0,56.0,24.0,18.0,7.0,facebook,NR
ALC - Páscoa Cacau Show,120240557649330075,OUTCOME_AWARENESS,2026-03-01,1969,1903,1.034682,0,0.0,0.0,1.343284,2.644925,0.0,0,0.0,0.0,0,0.0,0.0,0,0.0,0,0,0,0,0,0,0.0,0,0.0,0,0,0,45.0,11.0,7.0,5.0,instagram,NR
ALC - MODA,120242232300500260,OUTCOME_AWARENESS,2026-02-09,566473,371146,1.526281,598,0.105565,1.163612,1.228373,695.84,391.0,0,1.779642,0.0,0,0.0,0.0,0,0.0,0,0,0,0,0,0,0.0,0,0.0,0,0,0,861.0,306.0,179.0,121.0,instagram,GS
ALC - CORRIDA SHOPPING,120243392123360260,OUTCOME_AWARENESS,2026-02-09,406863,234929,1.731855,461,0.113306,1.054599,1.194923,486.17,329.0,0,1.47772,0.0,0,0.0,0.0,0,0.0,0,0,0,0,0,0,0.0,0,0.0,0,0,0,4463.0,1347.0,703.0,339.0,instagram,GS
ALC - Exposição Legueiros,120243666484080260,OUTCOME_AWARENESS,2026-02-09,0,0,0.0,0,0.0,0.0,0.0,0.0,0.0,0,0.0,0.0,0,0.0,0.0,0,0.0,0,0,0,0,0,0,0.0,0,0.0,0,0,0,,,,,instagram,GS
ALC - Bailinho de carnaval e carnapet,120244043225990260,OUTCOME_AWARENESS,2026-02-09,0,0,0.0,0,0.0,0.0,0.0,0.0,0.0,0,0.0,0.0,0,0.0,0.0,0,0.0,0,0,0,0,0,0,0.0,0,0.0,0,0,0,,,,,instagram,GS
ALC - Semana do Cinema,120244043525950260,OUTCOME_AWARENESS,2026-02-09,153724,137623,1.116994,298,0.193854,0.681544,1.321199,203.1,208.0,0,0.976442,3.0,0,67.7,0.0,0,0.0,0,0,0,0,0,0,0.0,0,0.0,0,0,0,2786.0,1108.0,590.0,435.0,instagram,GS
ALC - Retail Experience,120244288353810260,OUTCOME_AWARENESS,2026-02-09,9720,8407,1.156179,15,0.154321,0.702667,1.084362,10.54,12.0,0,0.878333,0.0,0,0.0,0.0,0,0.0,0,0,0,0,0,0,0.0,0,0.0,0,0,0,,,,,facebook,GS
ALC - Retail Experience,120244288353810260,OUTCOME_AWARENESS,2026-02-09,63615,35496,1.792174,72,0.113181,0.985556,1.11546,70.96,57.0,0,1.244912,1.0,0,70.96,0.0,0,0.0,0,0,0,0,0,0,0.0,0,0.0,0,0,0,,,,,instagram,GS
ALC - Heroinas do Kpop,120244790251900260,OUTCOME_AWARENESS,2026-02-09,333889,220393,1.514971,703,0.210549,0.665519,1.401244,467.86,569.0,0,0.82225,235.0,0,1.990894,0.0,0,0.0,0,0,0,0,0,0,0.0,0,0.0,0,0,0,,,,,instagram,GS
ALC - Heroinas do Kpop,120244790251900260,OUTCOME_AWARENESS,2026-02-09,0,0,0.0,0,0.0,0.0,0.0,0.0,0.0,0,0.0,1.0,0,0.0,0.0,0,0.0,0,0,0,0,0,0,0.0,0,0.0,0,0,0,,,,,unknown,GS
ALC - Benefícios AJFans,120244790529090260,OUTCOME_AWARENESS,2026-02-09,173520,112435,1.543292,138,0.07953,1.650652,1.312759,227.79,109.0,0,2.089817,0.0,0,0.0,0.0,0,0.0,0,0,0,0,0,0,0.0,0,0.0,0,0,0,1129.0,641.0,280.0,106.0,instagram,GS
ALC - Aniversário Joinville - Atlantida,120245006540330260,OUTCOME_AWARENESS,2026-02-09,157236,126710,1.240912,938,0.596556,0.348316,2.077896,326.72,6.0,0,54.453333,0.0,0,0.0,0.0,0,0.0,0,0,0,0,0,0,0.0,0,0.0,0,0,0,4666.0,1597.0,882.0,533.0,facebook,GS
ALC - Aniversário Joinville - Atlantida,120245006540330260,OUTCOME_AWARENESS,2026-02-09,323044,301801,1.070387,234,0.072436,2.87141,2.079933,671.91,5.0,0,134.382,0.0,0,0.0,0.0,0,0.0,0,0,0,0,0,0,0.0,0,0.0,0,0,0,5336.0,1277.0,711.0,463.0,instagram,GS
ALC - MODA,120242232300500260,OUTCOME_AWARENESS,2026-03-01,82969,77780,1.066714,84,0.101243,1.109643,1.123432,93.21,60.0,0,1.5535,0.0,0,0.0,0.0,0,0.0,0,0,0,0,0,0,0.0,0,0.0,0,0,0,86.0,22.0,12.0,7.0,instagram,GS
ALC - Heroinas do Kpop,120244790251900260,OUTCOME_AWARENESS,2026-03-01,24510,24510,1.0,54,0.220318,0.595,1.310894,32.13,44.0,0,0.730227,27.0,0,1.19,0.0,0,0.0,0,0,0,0,0,0,0.0,0,0.0,0,0,0,,,,,instagram,GS
ALC - Benefícios AJFans,120244790529090260,OUTCOME_AWARENESS,2026-03-01,338153,211680,1.597473,324,0.095815,1.241667,1.189698,402.3,260.0,0,1.547308,0.0,0,0.0,0.0,0,0.0,0,0,0,0,0,0,0.0,0,0.0,0,0,0,2409.0,1172.0,563.0,226.0,instagram,GS
ALC - Aniversário Joinville - Atlantida,120245006540330260,OUTCOME_AWARENESS,2026-03-01,0,0,0.0,0,0.0,0.0,0.0,0.0,0.0,0,0.0,0.0,0,0.0,0.0,0,0.0,0,0,0,0,0,0,0.0,0,0.0,0,0,0,,,,,instagram,GS
ALC - Exposição Territórios Internos,120245275376110260,OUTCOME_AWARENESS,2026-03-01,98671,52519,1.878768,125,0.126684,1.030747,1.305788,128.843362,2.0,0,64.421681,0.0,0,0.0,0.0,0,0.0,0,0,0,0,0,0,0.0,0,0.0,0,0,0,1027.0,283.0,133.0,71.0,facebook,GS
ALC - Exposição Territórios Internos,120245275376110260,OUTCOME_AWARENESS,2026-03-01,196968,135883,1.449541,45,0.022846,5.653259,1.291563,254.396638,2.0,0,127.198319,0.0,0,0.0,0.0,0,0.0,0,0,0,0,0,0,0.0,0,0.0,0,0,0,1171.0,282.0,158.0,111.0,instagram,GS
ALC - COTTON,120245275442810260,OUTCOME_AWARENESS,2026-03-01,89647,61131,1.466474,202,0.225328,0.573048,1.291239,115.755687,4.0,0,28.938922,0.0,0,0.0,0.0,0,0.0,0,0,0,0,0,0,0.0,0,0.0,0,0,0,1040.0,501.0,304.0,167.0,facebook,GS
ALC - COTTON,120245275442810260,OUTCOME_AWARENESS,2026-03-01,220478,156276,1.410824,85,0.038553,3.422992,1.319652,290.954294,0.0,0,0.0,0.0,0,0.0,0.0,0,0.0,0,0,0,0,0,0,0.0,0,0.0,0,0,0,1302.0,294.0,170.0,85.0,instagram,GS
ALC - COTTON,120245275442810260,OUTCOME_AWARENESS,2026-03-01,252,239,1.054393,0,0.0,0.0,1.508011,0.380019,0.0,0,0.0,0.0,0,0.0,0.0,0,0.0,0,0,0,0,0,0,0.0,0,0.0,0,0,0,9.0,1.0,1.0,,threads,GS
ALC - COTTON,120245275442810260,OUTCOME_AWARENESS,2026-03-01,1,1,1.0,0,0.0,0.0,0.0,0.0,0.0,0,0.0,0.0,0,0.0,0.0,0,0.0,0,0,0,0,0,0,0.0,0,0.0,0,0,0,,,,,unknown,GS
ALC - TODO MUNDO EM PANICO,120245275605620260,OUTCOME_AWARENESS,2026-03-01,167793,114341,1.467479,787,0.46903,0.274499,1.287486,216.031089,66.0,0,3.273198,22.0,0,9.819595,0.0,0,0.0,0,0,0,0,0,0,0.0,0,0.0,0,0,0,471.0,188.0,105.0,47.0,facebook,GS
ALC - TODO MUNDO EM PANICO,120245275605620260,OUTCOME_AWARENESS,2026-03-01,280869,195182,1.439011,389,0.138499,0.946141,1.310393,368.048892,312.0,0,1.179644,150.0,0,2.453659,0.0,0,0.0,0,0,0,0,0,0,0.0,0,0.0,0,0,0,267.0,98.0,59.0,28.0,instagram,GS
ALC - TODO MUNDO EM PANICO,120245275605620260,OUTCOME_AWARENESS,2026-03-01,219,207,1.057971,0,0.0,0.0,1.598256,0.350018,0.0,0,0.0,0.0,0,0.0,0.0,0,0.0,0,0,0,0,0,0,0.0,0,0.0,0,0,0,3.0,1.0,,,threads,GS
ALC - Últimos eventos do GS,120245278626830260,OUTCOME_AWARENESS,2026-03-01,66894,49776,1.343901,66,0.098664,1.249848,1.233145,82.49,51.0,0,1.617451,0.0,0,0.0,0.0,0,0.0,0,0,0,0,0,0,0.0,0,0.0,0,0,0,188.0,121.0,48.0,13.0,instagram,GS
ALC - ANIVERSARIO JOINVILLE GARTEN,120245447327370260,OUTCOME_AWARENESS,2026-03-01,12740,12176,1.046321,17,0.133438,0.992353,1.324176,16.87,0.0,0,0.0,0.0,0,0.0,0.0,0,0.0,0,0,0,0,0,0,0.0,0,0.0,0,0,0,,,,,facebook,GS
ALC - ANIVERSARIO JOINVILLE GARTEN,120245447327370260,OUTCOME_AWARENESS,2026-03-01,8435,8246,1.02292,1,0.011855,11.27,1.3361,11.27,0.0,0,0.0,0.0,0,0.0,0.0,0,0.0,0,0,0,0,0,0,0.0,0,0.0,0,0,0,,,,,instagram,GS
ALC - ANIVERSARIO JOINVILLE GARTEN,120245447327370260,OUTCOME_AWARENESS,2026-03-01,2,2,1.0,0,0.0,0.0,0.0,0.0,0.0,0,0.0,0.0,0,0.0,0.0,0,0.0,0,0,0,0,0,0,0.0,0,0.0,0,0,0,,,,,threads,GS
ALC- SEMANA DO CONSUMIDOR,120245447379270260,OUTCOME_AWARENESS,2026-03-01,116438,110230,1.056319,174,0.149436,1.485057,2.219207,258.4,145.0,0,1.782069,0.0,0,0.0,0.0,0,0.0,0,0,0,0,0,0,0.0,0,0.0,0,0,0,6411.0,2294.0,1266.0,887.0,instagram,GS
ALC - Super ZOO,120237697768620225,OUTCOME_AWARENESS,2026-02-09,822811,327629,2.511411,1583,0.192389,0.654839,1.25984,1036.61,1114.0,0,0.93053,509.0,0,2.036562,0.0,0,0.0,0,0,0,0,0,0,0.0,0,0.0,0,0,0,5909.0,1397.0,749.0,482.0,instagram,NS
ALC - FÉRIAS JAN 25,120237769674470225,OUTCOME_AWARENESS,2026-02-09,402968,172055,2.342088,573,0.142195,0.890506,1.266254,510.26,411.0,0,1.241509,0.0,0,0.0,0.0,0,0.0,0,0,0,0,0,0,0.0,0,0.0,0,0,0,4816.0,1360.0,635.0,386.0,instagram,NS
ALC - VERÃO/LOJAS,120237769884270225,OUTCOME_AWARENESS,2026-02-09,351901,148621,2.367774,464,0.131855,0.917629,1.209943,425.78,308.0,0,1.382403,0.0,0,0.0,0.0,0,0.0,0,0,0,0,0,0,0.0,0,0.0,0,0,0,4844.0,2563.0,1477.0,523.0,instagram,NS
ALC - ÓCULOS META OAKLEY,120237770000040225,OUTCOME_AWARENESS,2026-02-09,286221,128616,2.225392,374,0.130668,0.974278,1.273072,364.38,266.0,0,1.36985,0.0,0,0.0,0.0,0,0.0,0,0,0,0,0,0,0.0,0,0.0,0,0,0,1671.0,294.0,147.0,74.0,instagram,NS
ALC - Novidades Cinema GNC,120238216202110225,OUTCOME_AWARENESS,2026-02-09,88796,63374,1.401142,153,0.172305,0.707778,1.219537,108.29,118.0,0,0.917712,57.0,0,1.899825,0.0,0,0.0,0,0,0,0,0,0,0.0,0,0.0,0,0,0,159.0,59.0,41.0,31.0,instagram,NS
ALC - Vortex,120238216332790225,OUTCOME_AWARENESS,2026-02-09,241880,106905,2.26257,277,0.11452,1.045451,1.197247,289.59,212.0,0,1.365991,0.0,0,0.0,0.0,0,0.0,0,0,0,0,0,0,0.0,0,0.0,0,0,0,,,,,instagram,NS
ALC - Exposição Ambiências,120238497254480225,OUTCOME_AWARENESS,2026-02-09,94875,57864,1.63962,103,0.108564,1.104175,1.198735,113.73,89.0,0,1.277865,0.0,0,0.0,0.0,0,0.0,0,0,0,0,0,0,0.0,0,0.0,0,0,0,1678.0,811.0,159.0,110.0,instagram,NS
ALC - A Casa de Gaby,120238749907260225,OUTCOME_AWARENESS,2026-02-09,245648,121715,2.018223,387,0.157543,0.775065,1.221056,299.95,283.0,0,1.059894,1.0,0,299.95,0.0,0,0.0,0,0,0,0,0,0,0.0,0,0.0,0,0,0,120.0,62.0,42.0,6.0,instagram,NS
ALC - Exposição Beatles,120239046320590225,OUTCOME_AWARENESS,2026-02-09,160175,91946,1.742055,168,0.104885,1.106369,1.160418,185.87,128.0,0,1.452109,0.0,0,0.0,0.0,0,0.0,0,0,0,0,0,0,0.0,0,0.0,0,0,0,1061.0,187.0,101.0,69.0,instagram,NS
ALC - CAPIVALLEY,120239368933820225,OUTCOME_AWARENESS,2026-02-09,83457,63149,1.321589,140,0.167751,0.805071,1.350516,112.71,2.0,0,56.355,0.0,0,0.0,0.0,0,0.0,0,0,0,0,0,0,0.0,0,0.0,0,0,0,24577.0,8772.0,4890.0,3256.0,facebook,NS
ALC - CAPIVALLEY,120239368933820225,OUTCOME_AWARENESS,2026-02-09,123889,92122,1.344836,177,0.14287,0.951356,1.359201,168.39,77.0,0,2.186883,0.0,0,0.0,0.0,0,0.0,0,0,0,0,0,0,0.0,0,0.0,0,0,0,7203.0,2839.0,1473.0,1069.0,instagram,NS
ALC - Exposição Beatles,120239046320590225,OUTCOME_AWARENESS,2026-03-01,189397,104558,1.811406,149,0.078671,1.464228,1.151919,218.17,115.0,0,1.89713,0.0,0,0.0,0.0,0,0.0,0,0,0,0,0,0,0.0,0,0.0,0,0,0,1220.0,248.0,128.0,78.0,instagram,NS
ALC - CAPIVALLEY,120239368933820225,OUTCOME_AWARENESS,2026-03-01,320671,171324,1.871723,456,0.142202,0.883916,1.256945,403.065818,2.0,0,201.532909,0.0,0,0.0,0.0,0,0.0,0,0,0,0,0,0,0.0,0,0.0,0,0,0,85138.0,30874.0,17566.0,11733.0,facebook,NS
ALC - CAPIVALLEY,120239368933820225,OUTCOME_AWARENESS,2026-03-01,439651,239218,1.837868,354,0.080518,1.584023,1.27543,560.744183,41.0,0,13.676687,0.0,0,0.0,0.0,0,0.0,0,0,0,0,0,0,0.0,0,0.0,0,0,0,29156.0,11390.0,7066.0,5282.0,instagram,NS
ALC - CAPIVALLEY,120239368933820225,OUTCOME_AWARENESS,2026-03-01,65,61,1.065574,0,0.0,0.0,1.384601,0.089999,0.0,0,0.0,0.0,0,0.0,0.0,0,0.0,0,0,0,0,0,0,0.0,0,0.0,0,0,0,6.0,,,,threads,NS
ALC - MISS CRICIUMA,120239593181160225,OUTCOME_AWARENESS,2026-03-01,471892,263375,1.791711,650,0.137743,1.029708,1.418354,669.31,565.0,0,1.184619,301.0,0,2.223621,0.0,0,0.0,0,0,0,0,0,0,0.0,0,0.0,0,0,0,,,,,instagram,NS
ALC - PÁSCOA NS,120239593258100225,OUTCOME_AWARENESS,2026-03-01,751670,330562,2.273915,238,0.031663,4.24479,1.344021,1010.26,20.0,0,50.513,1.0,0,1010.26,0.0,0,0.0,0,0,0,0,0,0,0.0,0,0.0,0,0,0,5105.0,1043.0,567.0,361.0,instagram,NS
ALC - MUSICAL O ENCANTO DA NATUREZA,120239602331250225,OUTCOME_AWARENESS,2026-03-01,228860,168190,1.360723,338,0.147689,0.920473,1.359434,311.12,255.0,0,1.220078,0.0,0,0.0,0.0,0,0.0,0,0,0,0,0,0,0.0,0,0.0,0,0,0,3870.0,1804.0,438.0,290.0,instagram,NS
