campaign_id,clicks,frequency,cost_per_conversion,cpc,spend,conversion,ctr,conversion_rate,reach,cpm,impressions,shopping,shopping_sigla,campaign_name,objective_type
1877874914824466,0,2.39,0.0,0.0,24.69,0,0.0,0.0,7362,1.4,17595,Nacoes Shopping,NS,ALC - ANUNCIOS OUT,REACH
1872627587449090,59,1.52,0.0,5.04,297.61,0,1.16,0.0,3347,58.67,5073,Nacoes Shopping,NS,TRAF - PAIS 26 ,TRAFFIC
1872627476581490,540,2.41,0.0,0.93,500.0,0,0.21,0.0,104892,1.98,252838,Nacoes Shopping,NS,ALC - PAIS 26 ,REACH
1869534510406689,0,1.84,0.0,0.0,212.83,0,0.0,0.0,10101,11.47,18548,Nacoes Shopping,NS,Interações com a comunidade - NS,ENGAGEMENT
1869534432183409,0,0.0,0.0,0.0,0.0,0,0.0,0.0,0,0.0,0,Nacoes Shopping,NS,ALC - CIRCO,REACH
1869534270825826,0,2.18,0.0,0.0,500.0,0,0.0,0.0,98334,2.33,214838,Nacoes Shopping,NS,ALC - SALE,REACH
1866451828239378,0,3.33,0.0,0.0,349.99,0,0.0,0.0,59325,1.77,197475,Nacoes Shopping,NS,ALC - TROCA DE FIGURINHAS,REACH
1866451636143266,25829,8.28,0.0,0.02,500.0,0,27.28,0.0,11439,5.28,94684,Nacoes Shopping,NS,TRAF - NAMORADOS,TRAFFIC
1866441986593986,500,2.86,0.0,1.0,499.99,0,0.2,0.0,88756,1.97,253999,Nacoes Shopping,NS,ALC - PROMO NAMORADOS 26,REACH
1863928955315249,19608,6.05,0.0,0.03,500.0,0,16.09,0.0,20162,4.1,121895,Nacoes Shopping,NS,TRAF - PROMO MAES,TRAFFIC
1863928702907457,574,2.54,0.0,0.87,500.0,0,0.23,0.0,98391,2.0,249511,Nacoes Shopping,NS,ALC - PROMO MAES,REACH
1855686889040914,0,3.04,0.0,0.0,299.98,0,0.0,0.0,50216,1.96,152789,Nacoes Shopping,NS,ALC - Carna PET,REACH
1855686756345922,0,3.47,0.0,0.0,299.82,0,0.0,0.0,44923,1.92,155922,Nacoes Shopping,NS,ALC - Bloko Rosa,REACH
1855492566896834,0,6.52,0.0,0.0,499.99,0,0.0,0.0,45445,1.69,296297,Nacoes Shopping,NS,ALC - Smart Zoo,REACH
1854324488425522,0,3.85,0.0,0.0,241.91,0,0.0,0.0,35457,1.77,136337,Nacoes Shopping,NS,ALC - LIQUIDA,REACH
1854324205639697,0,5.15,0.0,0.0,199.99,0,0.0,0.0,23993,1.62,123628,Nacoes Shopping,NS,ALC - FERIAS NACOES SHOPPING,REACH
1850600369247313,0,3.19,0.0,0.0,349.85,0,0.0,0.0,50185,2.18,160128,Nacoes Shopping,NS,ALC - LEGUEIROS,REACH
1849888269536369,0,0.0,0.0,0.0,0.0,0,0.0,0.0,0,0.0,0,Nacoes Shopping,NS,Interação com a comunidade - Aramis ,ENGAGEMENT
1849887841738834,662,4.75,0.0,2.03,1345.66,0,0.13,0.0,105898,2.67,503444,Nacoes Shopping,NS,ALC - NATAL 25 02,REACH
1849768886744178,0,2.08,0.0,0.0,300.0,0,0.0,0.0,47588,3.04,98771,Nacoes Shopping,NS,ALC - BLACK FRIDAY - NS,REACH
1848504928619618,49091,6.68,0.0,0.04,1840.98,0,13.41,0.0,54843,5.03,366209,Nacoes Shopping,NS,TRAF - NATAL 25,TRAFFIC
1848504162177105,243,3.12,0.0,2.14,519.8,0,0.17,0.0,46650,3.57,145491,Nacoes Shopping,NS,ALC - NATAL 25,REACH
1847432144410706,0,2.15,0.0,0.0,130.27,0,0.0,0.0,27716,2.19,59530,Nacoes Shopping,NS,Alcance | Chillibeans Vini ,REACH
1847431562326049,0,2.26,0.0,0.0,111.27,0,0.0,0.0,21337,2.31,48195,Nacoes Shopping,NS,Alcance | Ritmi Mana Spolini,REACH
1847431714944034,130,2.21,0.0,1.16,151.09,0,0.19,0.0,30640,2.24,67578,Nacoes Shopping,NS,Alcance | Giftcard ,REACH
1847431181554881,1,1.68,0.0,138.45,138.45,0,0.0,0.0,21102,3.91,35410,Nacoes Shopping,NS,Visualizações de vídeo | Natal 02 ,VIDEO_VIEWS
1847429807403074,1,1.69,0.0,200.0,200.0,0,0.0,0.0,34109,3.47,57666,Nacoes Shopping,NS,Visualizações de vídeo | Natal ,VIDEO_VIEWS
1844352110838818,0,3.33,0.0,0.0,381.4,0,0.0,0.0,52304,2.19,174369,Nacoes Shopping,NS,Alcance - Conteúdos Set ,REACH
1844350458030129,0,3.46,0.0,0.0,388.72,0,0.0,0.0,51165,2.2,176931,Nacoes Shopping,NS,Alcance - Giftcard ,REACH
1842808228610226,0,0.0,0.0,0.0,0.0,0,0.0,0.0,0,0.0,0,Nacoes Shopping,NS,ALC - Baby shark ,REACH
1841798413913185,0,0.0,0.0,0.0,0.0,0,0.0,0.0,0,0.0,0,Nacoes Shopping,NS,Alcance - Conteúdos Ago/Set ,REACH
1839172523773954,0,0.0,0.0,0.0,0.0,0,0.0,0.0,0,0.0,0,Nacoes Shopping,NS,ALC - Conteúdos  de Julho/Ago ,REACH
1839171851594785,0,0.0,0.0,0.0,0.0,0,0.0,0.0,0,0.0,0,Nacoes Shopping,NS,Alcance - Copo Stitch ,REACH
1837986374341105,0,0.0,0.0,0.0,0.0,0,0.0,0.0,0,0.0,0,Nacoes Shopping,NS,Alcance - Tres porquinhos ,REACH
1837827299194945,0,0.0,0.0,0.0,0.0,0,0.0,0.0,0,0.0,0,Nacoes Shopping,NS,ALC - Cafés ,REACH
1837825955991570,0,0.0,0.0,0.0,0.0,0,0.0,0.0,0,0.0,0,Nacoes Shopping,NS,Interação com a comunidade - Festa junina pet,ENGAGEMENT
1837825011433617,0,0.0,0.0,0.0,0.0,0,0.0,0.0,0,0.0,0,Nacoes Shopping,NS,Alcance - Copo smurf ,REACH
1837823875988513,0,0.0,0.0,0.0,0.0,0,0.0,0.0,0,0.0,0,Nacoes Shopping,NS,ALC -  tendência athleisure ,REACH
1836365551154273,0,0.0,0.0,0.0,0.0,0,0.0,0.0,0,0.0,0,Nacoes Shopping,NS,ALC - Villa - Vinicius Camilo ,REACH
1836365112269874,0,0.0,0.0,0.0,0.0,0,0.0,0.0,0,0.0,0,Nacoes Shopping,NS,ALC - planet games,REACH
1836105652221986,0,0.0,0.0,0.0,0.0,0,0.0,0.0,0,0.0,0,Nacoes Shopping,NS,ALC - Cafés,REACH
1834189805149297,0,0.0,0.0,0.0,0.0,0,0.0,0.0,0,0.0,0,Nacoes Shopping,NS,Alcance - Menu Mamma Mia,REACH
1834024046778385,0,0.0,0.0,0.0,0.0,0,0.0,0.0,0,0.0,0,Nacoes Shopping,NS,Interação com a comunidade - Panda Cafe,ENGAGEMENT
1834023865172002,0,0.0,0.0,0.0,0.0,0,0.0,0.0,0,0.0,0,Nacoes Shopping,NS,Alcance - Campanha Namorados,REACH
1832310190695458,0,0.0,0.0,0.0,0.0,0,0.0,0.0,0,0.0,0,Nacoes Shopping,NS,Alcance - Balde Stich,REACH
1832195984469169,0,0.0,0.0,0.0,0.0,0,0.0,0.0,0,0.0,0,Nacoes Shopping,NS,ALC - Boliche,REACH
1832195369412610,0,0.0,0.0,0.0,0.0,0,0.0,0.0,0,0.0,0,Nacoes Shopping,NS,Reach - show beatles,REACH
1831563577497601,0,0.0,0.0,0.0,0.0,0,0.0,0.0,0,0.0,0,Nacoes Shopping,NS,Alcance - Promo mães,REACH
1830747281548321,0,0.0,0.0,0.0,0.0,0,0.0,0.0,0,0.0,0,Nacoes Shopping,NS,Interação com a comunidade | Conteúdos abr - mai,ENGAGEMENT
1830746252922946,0,0.0,0.0,0.0,0.0,0,0.0,0.0,0,0.0,0,Nacoes Shopping,NS,Alcance - Me nota Way,REACH
1830745925410866,0,0.0,0.0,0.0,0.0,0,0.0,0.0,0,0.0,0,Nacoes Shopping,NS,ALC - Promo mães,REACH
1828954373297185,0,0.0,0.0,0.0,0.0,0,0.0,0.0,0,0.0,0,Nacoes Shopping,NS,Alcance | Ovo cacau show,REACH
1828407150156946,0,0.0,0.0,0.0,0.0,0,0.0,0.0,0,0.0,0,Nacoes Shopping,NS,Alcance | Dino,REACH
1828314519850002,0,0.0,0.0,0.0,0.0,0,0.0,0.0,0,0.0,0,Nacoes Shopping,NS,Alcance | Abr,REACH
1827595524859954,0,0.0,0.0,0.0,0.0,0,0.0,0.0,0,0.0,0,Nacoes Shopping,NS,ALC | Loja Me.linda,REACH
1827595014894625,0,0.0,0.0,0.0,0.0,0,0.0,0.0,0,0.0,0,Nacoes Shopping,NS,ENG | Outback ,ENGAGEMENT
1827046369261585,0,0.0,0.0,0.0,0.0,0,0.0,0.0,0,0.0,0,Nacoes Shopping,NS,Visualizações de vídeo | Março 25,VIDEO_VIEWS
1826392596491314,0,0.0,0.0,0.0,0.0,0,0.0,0.0,0,0.0,0,Nacoes Shopping,NS,Alcance | Outback ,REACH
1826236413448242,0,0.0,0.0,0.0,0.0,0,0.0,0.0,0,0.0,0,Nacoes Shopping,NS,ALC | St Patricks Festival,REACH
1824583004169233,0,0.0,0.0,0.0,0.0,0,0.0,0.0,0,0.0,0,Nacoes Shopping,NS,ALC - Outback ,REACH
1824314134904865,0,0.0,0.0,0.0,0.0,0,0.0,0.0,0,0.0,0,Nacoes Shopping,NS,ENG - Carnaval,ENGAGEMENT
1823854793231362,0,0.0,0.0,0.0,0.0,0,0.0,0.0,0,0.0,0,Nacoes Shopping,NS,Interação com a comunidade | Cassol ,ENGAGEMENT
1823699330763778,0,0.0,0.0,0.0,0.0,0,0.0,0.0,0,0.0,0,Nacoes Shopping,NS,ALC | Vídeo Argentinos,REACH
1823040792795217,0,0.0,0.0,0.0,0.0,0,0.0,0.0,0,0.0,0,Nacoes Shopping,NS,Interações com a Comunidade - Fev 25,ENGAGEMENT
1823040324441121,0,0.0,0.0,0.0,0.0,0,0.0,0.0,0,0.0,0,Nacoes Shopping,NS,ALC - Fev,REACH
1822766646405122,0,0.0,0.0,0.0,0.0,0,0.0,0.0,0,0.0,0,Nacoes Shopping,NS,ALC - Mix nutella BK,REACH
1822522215426082,0,0.0,0.0,0.0,0.0,0,0.0,0.0,0,0.0,0,Nacoes Shopping,NS,Musical Lilo Stich,REACH
1821790933462033,0,0.0,0.0,0.0,0.0,0,0.0,0.0,0,0.0,0,Nacoes Shopping,NS,Alcance - fábrica de chocolate ,REACH
1821235597787186,0,0.0,0.0,0.0,0.0,0,0.0,0.0,0,0.0,0,Nacoes Shopping,NS,Interações com a comunidade - Jan 25,ENGAGEMENT
1821234482256897,0,0.0,0.0,0.0,0.0,0,0.0,0.0,0,0.0,0,Nacoes Shopping,NS,Reach - Gloss honey ,REACH
1820714949888002,0,0.0,0.0,0.0,0.0,0,0.0,0.0,0,0.0,0,Nacoes Shopping,NS,Reach | Space park ,REACH
1818078097231889,0,0.0,0.0,0.0,0.0,0,0.0,0.0,0,0.0,0,Nacoes Shopping,NS,Traffic - Natal - Institucional,TRAFFIC
1817609919756402,0,0.0,0.0,0.0,0.0,0,0.0,0.0,0,0.0,0,Nacoes Shopping,NS,Community interaction - Trono pet,ENGAGEMENT
1817609770112114,0,0.0,0.0,0.0,0.0,0,0.0,0.0,0,0.0,0,Nacoes Shopping,NS,Reach -Natal,REACH
1817439629678641,0,0.0,0.0,0.0,0.0,0,0.0,0.0,0,0.0,0,Nacoes Shopping,NS,Reach - Natal 02,REACH
1816174292453393,0,0.0,0.0,0.0,0.0,0,0.0,0.0,0,0.0,0,Nacoes Shopping,NS,Reach - BF ,REACH
1816174151943202,0,0.0,0.0,0.0,0.0,0,0.0,0.0,0,0.0,0,Nacoes Shopping,NS,Community interaction - Black Friday ,ENGAGEMENT
1815433664760850,0,0.0,0.0,0.0,0.0,0,0.0,0.0,0,0.0,0,Nacoes Shopping,NS,Reach - Criativos Novembro,REACH
1815433202016337,0,0.0,0.0,0.0,0.0,0,0.0,0.0,0,0.0,0,Nacoes Shopping,NS,Traffic - Natal 2,TRAFFIC
1815093378942994,0,0.0,0.0,0.0,0.0,0,0.0,0.0,0,0.0,0,Nacoes Shopping,NS,Traffic - Promo Natal,TRAFFIC
1814982629549185,0,0.0,0.0,0.0,0.0,0,0.0,0.0,0,0.0,0,Nacoes Shopping,NS,Interação com a comunidade - Novembro,ENGAGEMENT
1814982165049377,0,0.0,0.0,0.0,0.0,0,0.0,0.0,0,0.0,0,Nacoes Shopping,NS,Alcance - Vídeos Novembro,REACH
1814439736065074,0,0.0,0.0,0.0,0.0,0,0.0,0.0,0,0.0,0,Nacoes Shopping,NS,Alcance - Chegada do papai noel NS ,REACH
1811358948673554,0,0.0,0.0,0.0,0.0,0,0.0,0.0,0,0.0,0,Nacoes Shopping,NS,Tráfego - App instal - NS,TRAFFIC
1810464998160434,0,0.0,0.0,0.0,0.0,0,0.0,0.0,0,0.0,0,Nacoes Shopping,NS,Interação com a comunidade - Shakepistache ,ENGAGEMENT
1810464590019617,0,0.0,0.0,0.0,0.0,0,0.0,0.0,0,0.0,0,Nacoes Shopping,NS,Alcance - Milkmoo,REACH
1810109298355250,0,0.0,0.0,0.0,0.0,0,0.0,0.0,0,0.0,0,Nacoes Shopping,NS,Promo Natura 2024 - Tráfego,TRAFFIC
1810108348443697,0,0.0,0.0,0.0,0.0,0,0.0,0.0,0,0.0,0,Nacoes Shopping,NS,Promo Natura 2024 - Alcance,REACH
1809919349622786,0,0.0,0.0,0.0,0.0,0,0.0,0.0,0,0.0,0,Nacoes Shopping,NS,Alcance - Milkmoo,REACH
1809919004666930,0,0.0,0.0,0.0,0.0,0,0.0,0.0,0,0.0,0,Nacoes Shopping,NS,Interação com a comunidade - Shake Pistache ,ENGAGEMENT
1807304475777041,0,0.0,0.0,0.0,0.0,0,0.0,0.0,0,0.0,0,Nacoes Shopping,NS,NSpromopais24engaja,ENGAGEMENT
1806749763596289,0,0.0,0.0,0.0,0.0,0,0.0,0.0,0,0.0,0,Nacoes Shopping,NS,NSpromopais24,TRAFFIC
1803766128488498,0,0.0,0.0,0.0,0.0,0,0.0,0.0,0,0.0,0,Nacoes Shopping,NS,NSMalvado24,VIDEO_VIEWS
1800846207854594,0,0.0,0.0,0.0,0.0,0,0.0,0.0,0,0.0,0,Nacoes Shopping,NS,NSnamorados24II,VIDEO_VIEWS
1800600888459297,0,0.0,0.0,0.0,0.0,0,0.0,0.0,0,0.0,0,Nacoes Shopping,NS,NSnamorados24,VIDEO_VIEWS
1797496106400786,0,0.0,0.0,0.0,0.0,0,0.0,0.0,0,0.0,0,Nacoes Shopping,NS,NS maes 24,VIDEO_VIEWS
1793884858893329,0,0.0,0.0,0.0,0.0,0,0.0,0.0,0,0.0,0,Nacoes Shopping,NS,Musical Páscoa 24,VIDEO_VIEWS
1793877151496257,0,0.0,0.0,0.0,0.0,0,0.0,0.0,0,0.0,0,Nacoes Shopping,NS,Gigante em diversão,ENGAGEMENT
1790987037231105,0,0.0,0.0,0.0,0.0,0,0.0,0.0,0,0.0,0,Nacoes Shopping,NS,NS Castelo Inflável,VIDEO_VIEWS
1788460577402897,0,0.0,0.0,0.0,0.0,0,0.0,0.0,0,0.0,0,Nacoes Shopping,NS,Mega Sale 2024,VIDEO_VIEWS
