stat_time_day,gender,ctr,cpc,clicks,conversion,cpm,spend,conversion_rate,cost_per_conversion,impressions,shopping,shopping_sigla
2025-10-07 00:00:00,NONE,0.0,0.0,0,0,2.89,0.24,0.0,0.0,83,Nacoes Shopping,NS
2025-10-07 00:00:00,MALE,0.0,0.0,0,0,2.16,16.93,0.0,0.0,7843,Nacoes Shopping,NS
2025-10-07 00:00:00,FEMALE,0.0,0.0,0,0,2.28,20.84,0.0,0.0,9142,Nacoes Shopping,NS
2025-10-08 00:00:00,NONE,0.0,0.0,0,0,1.64,0.1,0.0,0.0,61,Nacoes Shopping,NS
2025-10-08 00:00:00,MALE,0.0,0.0,0,0,2.17,16.52,0.0,0.0,7618,Nacoes Shopping,NS
2025-10-08 00:00:00,FEMALE,0.0,0.0,0,0,2.49,20.67,0.0,0.0,8316,Nacoes Shopping,NS
2025-10-09 00:00:00,NONE,0.0,0.0,0,0,2.6,0.2,0.0,0.0,77,Nacoes Shopping,NS
2025-10-09 00:00:00,MALE,0.0,0.0,0,0,2.23,16.5,0.0,0.0,7404,Nacoes Shopping,NS
2025-10-09 00:00:00,FEMALE,0.0,0.0,0,0,2.36,20.06,0.0,0.0,8485,Nacoes Shopping,NS
2025-10-10 00:00:00,NONE,0.0,0.0,0,0,1.59,0.1,0.0,0.0,63,Nacoes Shopping,NS
2025-10-10 00:00:00,MALE,0.0,0.0,0,0,2.2,17.2,0.0,0.0,7832,Nacoes Shopping,NS
2025-10-10 00:00:00,FEMALE,0.0,0.0,0,0,2.1,20.28,0.0,0.0,9671,Nacoes Shopping,NS
2025-10-11 00:00:00,NONE,0.0,0.0,0,0,2.83,0.13,0.0,0.0,46,Nacoes Shopping,NS
2025-10-11 00:00:00,MALE,0.0,0.0,0,0,1.98,15.19,0.0,0.0,7653,Nacoes Shopping,NS
2025-10-11 00:00:00,FEMALE,0.0,0.0,0,0,2.06,19.4,0.0,0.0,9402,Nacoes Shopping,NS
2025-10-12 00:00:00,NONE,0.0,0.0,0,0,1.76,0.09,0.0,0.0,51,Nacoes Shopping,NS
2025-10-12 00:00:00,MALE,0.0,0.0,0,0,1.88,15.12,0.0,0.0,8042,Nacoes Shopping,NS
2025-10-12 00:00:00,FEMALE,0.0,0.0,0,0,2.06,19.65,0.0,0.0,9543,Nacoes Shopping,NS
2025-10-13 00:00:00,NONE,0.0,0.0,0,0,2.15,0.14,0.0,0.0,65,Nacoes Shopping,NS
2025-10-13 00:00:00,MALE,0.0,0.0,0,0,1.92,13.62,0.0,0.0,7111,Nacoes Shopping,NS
2025-10-13 00:00:00,FEMALE,0.0,0.0,0,0,2.25,20.22,0.0,0.0,8998,Nacoes Shopping,NS
2025-10-14 00:00:00,NONE,0.0,0.0,0,0,2.39,0.17,0.0,0.0,71,Nacoes Shopping,NS
2025-10-14 00:00:00,MALE,0.0,0.0,0,0,2.02,13.83,0.0,0.0,6834,Nacoes Shopping,NS
2025-10-14 00:00:00,FEMALE,0.0,0.0,0,0,2.39,19.94,0.0,0.0,8331,Nacoes Shopping,NS
2025-10-15 00:00:00,NONE,0.0,0.0,0,0,2.11,0.15,0.0,0.0,71,Nacoes Shopping,NS
2025-10-15 00:00:00,MALE,0.0,0.0,0,0,2.21,14.39,0.0,0.0,6524,Nacoes Shopping,NS
2025-10-15 00:00:00,FEMALE,0.0,0.0,0,0,2.48,18.16,0.0,0.0,7327,Nacoes Shopping,NS
2025-10-16 00:00:00,NONE,0.0,0.0,0,0,3.09,0.17,0.0,0.0,55,Nacoes Shopping,NS
2025-10-16 00:00:00,MALE,0.0,0.0,0,0,2.31,15.86,0.0,0.0,6865,Nacoes Shopping,NS
2025-10-16 00:00:00,FEMALE,0.0,0.0,0,0,2.45,17.11,0.0,0.0,6995,Nacoes Shopping,NS
2025-10-17 00:00:00,NONE,0.0,0.0,0,0,1.85,0.12,0.0,0.0,65,Nacoes Shopping,NS
2025-10-17 00:00:00,MALE,0.0,0.0,0,0,2.31,15.8,0.0,0.0,6848,Nacoes Shopping,NS
2025-10-17 00:00:00,FEMALE,0.0,0.0,0,0,2.29,17.67,0.0,0.0,7731,Nacoes Shopping,NS
2025-10-18 00:00:00,NONE,0.0,0.0,0,0,2.73,0.12,0.0,0.0,44,Nacoes Shopping,NS
2025-10-18 00:00:00,MALE,0.0,0.0,0,0,2.02,13.24,0.0,0.0,6561,Nacoes Shopping,NS
2025-10-18 00:00:00,FEMALE,0.0,0.0,0,0,2.22,17.58,0.0,0.0,7911,Nacoes Shopping,NS
2025-10-19 00:00:00,NONE,0.0,0.0,0,0,1.21,0.04,0.0,0.0,33,Nacoes Shopping,NS
2025-10-19 00:00:00,MALE,0.0,0.0,0,0,2.06,13.19,0.0,0.0,6412,Nacoes Shopping,NS
2025-10-19 00:00:00,FEMALE,0.0,0.0,0,0,2.19,16.12,0.0,0.0,7352,Nacoes Shopping,NS
2025-10-20 00:00:00,NONE,0.0,0.0,0,0,2.3,0.14,0.0,0.0,61,Nacoes Shopping,NS
2025-10-20 00:00:00,MALE,0.0,0.0,0,0,2.19,13.78,0.0,0.0,6298,Nacoes Shopping,NS
2025-10-20 00:00:00,FEMALE,0.0,0.0,0,0,2.29,14.62,0.0,0.0,6378,Nacoes Shopping,NS
2025-10-21 00:00:00,NONE,0.0,0.0,0,0,2.65,0.13,0.0,0.0,49,Nacoes Shopping,NS
2025-10-21 00:00:00,MALE,0.0,0.0,0,0,2.42,13.44,0.0,0.0,5543,Nacoes Shopping,NS
2025-10-21 00:00:00,FEMALE,0.0,0.0,0,0,2.5,13.61,0.0,0.0,5447,Nacoes Shopping,NS
2025-10-22 00:00:00,NONE,0.0,0.0,0,0,2.03,0.13,0.0,0.0,64,Nacoes Shopping,NS
2025-10-22 00:00:00,MALE,0.0,0.0,0,0,2.57,13.08,0.0,0.0,5082,Nacoes Shopping,NS
2025-10-22 00:00:00,FEMALE,0.0,0.0,0,0,2.63,12.03,0.0,0.0,4576,Nacoes Shopping,NS
2025-10-23 00:00:00,NONE,0.0,0.0,0,0,3.06,0.15,0.0,0.0,49,Nacoes Shopping,NS
2025-10-23 00:00:00,MALE,0.0,0.0,0,0,2.55,12.43,0.0,0.0,4879,Nacoes Shopping,NS
2025-10-23 00:00:00,FEMALE,0.0,0.0,0,0,2.55,10.37,0.0,0.0,4067,Nacoes Shopping,NS
2025-10-24 00:00:00,NONE,0.0,0.0,0,0,3.5,0.07,0.0,0.0,20,Nacoes Shopping,NS
2025-10-24 00:00:00,MALE,0.0,0.0,0,0,2.33,6.91,0.0,0.0,2962,Nacoes Shopping,NS
2025-10-24 00:00:00,FEMALE,0.0,0.0,0,0,2.37,6.95,0.0,0.0,2928,Nacoes Shopping,NS
2025-10-25 00:00:00,NONE,0.0,0.0,0,0,5.0,0.03,0.0,0.0,6,Nacoes Shopping,NS
2025-10-25 00:00:00,MALE,0.0,0.0,0,0,2.27,4.17,0.0,0.0,1834,Nacoes Shopping,NS
2025-10-25 00:00:00,FEMALE,0.0,0.0,0,0,2.14,4.64,0.0,0.0,2165,Nacoes Shopping,NS
2025-10-26 00:00:00,NONE,0.0,0.0,0,0,0.0,0.0,0.0,0.0,1,Nacoes Shopping,NS
2025-10-26 00:00:00,MALE,0.0,0.0,0,0,1.8,0.83,0.0,0.0,462,Nacoes Shopping,NS
2025-10-26 00:00:00,FEMALE,0.0,0.0,0,0,2.21,0.8,0.0,0.0,362,Nacoes Shopping,NS
2025-10-27 00:00:00,MALE,0.0,0.0,0,0,0.0,0.0,0.0,0.0,0,Nacoes Shopping,NS
2025-10-30 00:00:00,NONE,0.0,0.0,0,0,2.6,0.13,0.0,0.0,50,Nacoes Shopping,NS
2025-10-30 00:00:00,MALE,0.02,17.93,1,0,3.21,17.93,0.0,0.0,5590,Nacoes Shopping,NS
2025-10-30 00:00:00,FEMALE,0.05,5.23,4,0,2.75,20.92,0.0,0.0,7615,Nacoes Shopping,NS
2025-10-31 00:00:00,NONE,0.0,0.0,0,0,3.92,0.31,0.0,0.0,79,Nacoes Shopping,NS
2025-10-31 00:00:00,MALE,0.05,6.73,5,0,3.16,33.64,0.0,0.0,10633,Nacoes Shopping,NS
2025-10-31 00:00:00,FEMALE,0.03,10.92,4,0,2.93,43.69,0.0,0.0,14906,Nacoes Shopping,NS
2025-11-01 00:00:00,NONE,0.0,0.0,0,0,2.3,0.14,0.0,0.0,61,Nacoes Shopping,NS
2025-11-01 00:00:00,MALE,0.03,7.97,4,0,2.7,31.89,0.0,0.0,11826,Nacoes Shopping,NS
2025-11-01 00:00:00,FEMALE,0.06,3.84,11,0,2.47,42.25,0.0,0.0,17096,Nacoes Shopping,NS
2025-11-02 00:00:00,NONE,0.0,0.0,0,0,1.81,0.13,0.0,0.0,72,Nacoes Shopping,NS
2025-11-02 00:00:00,MALE,0.09,2.87,11,0,2.73,31.59,0.0,0.0,11589,Nacoes Shopping,NS
2025-11-02 00:00:00,FEMALE,0.06,3.71,10,0,2.3,37.09,0.0,0.0,16100,Nacoes Shopping,NS
2025-11-03 00:00:00,NONE,0.0,0.0,0,0,3.02,0.19,0.0,0.0,63,Nacoes Shopping,NS
2025-11-03 00:00:00,MALE,0.04,7.79,4,0,2.75,31.14,0.0,0.0,11306,Nacoes Shopping,NS
2025-11-03 00:00:00,FEMALE,0.02,12.07,3,0,2.51,36.2,0.0,0.0,14402,Nacoes Shopping,NS
2025-11-04 00:00:00,NONE,0.0,0.0,0,0,2.86,0.28,0.0,0.0,98,Nacoes Shopping,NS
2025-11-04 00:00:00,MALE,0.07,3.96,8,0,2.7,31.7,0.0,0.0,11741,Nacoes Shopping,NS
2025-11-04 00:00:00,FEMALE,0.01,18.67,2,0,2.49,37.33,0.0,0.0,15018,Nacoes Shopping,NS
2025-11-05 00:00:00,NONE,0.0,0.0,0,0,2.39,0.17,0.0,0.0,71,Nacoes Shopping,NS
2025-11-05 00:00:00,MALE,0.09,3.14,9,0,2.72,28.24,0.0,0.0,10393,Nacoes Shopping,NS
2025-11-05 00:00:00,FEMALE,0.05,5.63,7,0,2.67,39.42,0.0,0.0,14771,Nacoes Shopping,NS
2025-11-06 00:00:00,NONE,0.0,0.0,0,0,2.46,0.14,0.0,0.0,57,Nacoes Shopping,NS
2025-11-06 00:00:00,MALE,0.04,7.46,4,0,3.1,29.85,0.0,0.0,9634,Nacoes Shopping,NS
2025-11-06 00:00:00,FEMALE,0.05,5.04,7,0,2.67,35.25,0.0,0.0,13224,Nacoes Shopping,NS
2025-11-07 00:00:00,NONE,0.0,0.0,0,0,1.0,0.05,0.0,0.0,50,Nacoes Shopping,NS
2025-11-07 00:00:00,MALE,0.05,6.29,4,0,3.15,25.15,0.0,0.0,7980,Nacoes Shopping,NS
2025-11-07 00:00:00,FEMALE,0.03,8.68,4,0,2.79,34.7,0.0,0.0,12447,Nacoes Shopping,NS
2025-11-08 00:00:00,NONE,0.0,0.0,0,0,1.88,0.06,0.0,0.0,32,Nacoes Shopping,NS
2025-11-08 00:00:00,MALE,0.17,1.57,11,0,2.7,17.25,0.0,0.0,6393,Nacoes Shopping,NS
2025-11-08 00:00:00,FEMALE,0.03,7.21,4,0,2.52,28.85,0.0,0.0,11460,Nacoes Shopping,NS
2025-11-09 00:00:00,NONE,0.0,0.0,0,0,4.0,0.14,0.0,0.0,35,Nacoes Shopping,NS
2025-11-09 00:00:00,MALE,0.04,6.91,2,0,2.7,13.82,0.0,0.0,5120,Nacoes Shopping,NS
2025-11-09 00:00:00,FEMALE,0.03,8.74,3,0,2.65,26.23,0.0,0.0,9916,Nacoes Shopping,NS
2025-11-10 00:00:00,NONE,0.0,0.0,0,0,1.84,0.09,0.0,0.0,49,Nacoes Shopping,NS
2025-11-10 00:00:00,MALE,0.02,15.77,1,0,2.99,15.77,0.0,0.0,5282,Nacoes Shopping,NS
2025-11-10 00:00:00,FEMALE,0.09,3.2,8,0,2.74,25.62,0.0,0.0,9349,Nacoes Shopping,NS
2025-11-11 00:00:00,NONE,5.75,0.08,5,0,4.6,0.4,0.0,0.0,87,Nacoes Shopping,NS
2025-11-11 00:00:00,MALE,4.19,0.1,382,0,4.28,38.98,0.0,0.0,9111,Nacoes Shopping,NS
2025-11-11 00:00:00,FEMALE,4.58,0.1,488,0,4.39,46.8,0.0,0.0,10664,Nacoes Shopping,NS
2025-11-12 00:00:00,NONE,1.56,0.22,1,0,3.44,0.22,0.0,0.0,64,Nacoes Shopping,NS
2025-11-12 00:00:00,MALE,4.39,0.09,419,0,3.95,37.69,0.0,0.0,9543,Nacoes Shopping,NS
2025-11-12 00:00:00,FEMALE,5.62,0.08,517,0,4.61,42.4,0.0,0.0,9194,Nacoes Shopping,NS
2025-11-13 00:00:00,NONE,16.67,0.05,14,0,8.57,0.72,0.0,0.0,84,Nacoes Shopping,NS
2025-11-13 00:00:00,MALE,6.01,0.07,553,0,4.44,40.91,0.0,0.0,9208,Nacoes Shopping,NS
2025-11-13 00:00:00,FEMALE,7.29,0.07,660,0,5.1,46.14,0.0,0.0,9052,Nacoes Shopping,NS
2025-11-14 00:00:00,NONE,2.63,0.14,2,0,3.55,0.27,0.0,0.0,76,Nacoes Shopping,NS
2025-11-14 00:00:00,MALE,6.5,0.08,539,0,4.89,40.53,0.0,0.0,8289,Nacoes Shopping,NS
2025-11-14 00:00:00,FEMALE,9.23,0.06,793,0,5.77,49.59,0.0,0.0,8592,Nacoes Shopping,NS
2025-11-15 00:00:00,NONE,6.19,0.07,6,0,4.33,0.42,0.0,0.0,97,Nacoes Shopping,NS
2025-11-15 00:00:00,MALE,4.4,0.1,374,0,4.6,39.14,0.0,0.0,8506,Nacoes Shopping,NS
2025-11-15 00:00:00,FEMALE,4.52,0.1,376,0,4.51,37.51,0.0,0.0,8318,Nacoes Shopping,NS
2025-11-16 00:00:00,NONE,3.23,0.38,2,0,12.1,0.75,0.0,0.0,62,Nacoes Shopping,NS
2025-11-16 00:00:00,MALE,6.25,0.07,533,0,4.44,37.9,0.0,0.0,8528,Nacoes Shopping,NS
2025-11-16 00:00:00,FEMALE,6.34,0.08,523,0,5.1,42.14,0.0,0.0,8255,Nacoes Shopping,NS
2025-11-17 00:00:00,NONE,3.23,0.08,3,0,2.69,0.25,0.0,0.0,93,Nacoes Shopping,NS
2025-11-17 00:00:00,MALE,5.44,0.08,428,0,4.43,34.86,0.0,0.0,7866,Nacoes Shopping,NS
2025-11-17 00:00:00,FEMALE,7.47,0.07,606,0,5.19,42.12,0.0,0.0,8112,Nacoes Shopping,NS
2025-11-18 00:00:00,NONE,9.26,0.07,5,0,6.85,0.37,0.0,0.0,54,Nacoes Shopping,NS
2025-11-18 00:00:00,MALE,3.73,0.13,280,0,4.96,37.3,0.0,0.0,7514,Nacoes Shopping,NS
2025-11-18 00:00:00,FEMALE,4.5,0.11,339,0,4.81,36.26,0.0,0.0,7532,Nacoes Shopping,NS
2025-11-19 00:00:00,NONE,3.51,0.16,2,0,5.44,0.31,0.0,0.0,57,Nacoes Shopping,NS
2025-11-19 00:00:00,MALE,6.24,0.08,433,0,5.29,36.7,0.0,0.0,6937,Nacoes Shopping,NS
2025-11-19 00:00:00,FEMALE,6.01,0.09,451,0,5.36,40.24,0.0,0.0,7505,Nacoes Shopping,NS
2025-11-20 00:00:00,NONE,7.5,0.06,6,0,4.13,0.33,0.0,0.0,80,Nacoes Shopping,NS
2025-11-20 00:00:00,MALE,5.31,0.09,386,0,4.67,33.97,0.0,0.0,7271,Nacoes Shopping,NS
2025-11-20 00:00:00,FEMALE,6.0,0.08,478,0,5.04,40.19,0.0,0.0,7970,Nacoes Shopping,NS
2025-11-21 00:00:00,NONE,0.0,0.0,0,0,2.56,0.11,0.0,0.0,43,Nacoes Shopping,NS
2025-11-21 00:00:00,MALE,5.02,0.08,353,0,4.14,29.15,0.0,0.0,7035,Nacoes Shopping,NS
2025-11-21 00:00:00,FEMALE,6.0,0.08,476,0,4.61,36.51,0.0,0.0,7928,Nacoes Shopping,NS
2025-11-22 00:00:00,NONE,2.22,0.18,1,0,4.0,0.18,0.0,0.0,45,Nacoes Shopping,NS
2025-11-22 00:00:00,MALE,6.09,0.07,448,0,4.37,32.17,0.0,0.0,7362,Nacoes Shopping,NS
2025-11-22 00:00:00,FEMALE,5.39,0.08,394,0,4.38,32.05,0.0,0.0,7311,Nacoes Shopping,NS
2025-11-23 00:00:00,NONE,2.78,0.12,2,0,3.19,0.23,0.0,0.0,72,Nacoes Shopping,NS
2025-11-23 00:00:00,MALE,5.71,0.07,463,0,3.98,32.23,0.0,0.0,8102,Nacoes Shopping,NS
2025-11-23 00:00:00,FEMALE,5.3,0.08,435,0,4.03,33.12,0.0,0.0,8215,Nacoes Shopping,NS
2025-11-24 00:00:00,NONE,5.36,0.06,3,0,3.21,0.18,0.0,0.0,56,Nacoes Shopping,NS
2025-11-24 00:00:00,MALE,6.39,0.07,432,0,4.66,31.51,0.0,0.0,6762,Nacoes Shopping,NS
2025-11-24 00:00:00,FEMALE,6.76,0.07,415,0,4.99,30.63,0.0,0.0,6136,Nacoes Shopping,NS
2025-11-25 00:00:00,NONE,0.96,0.31,1,0,2.98,0.31,0.0,0.0,104,Nacoes Shopping,NS
2025-11-25 00:00:00,MALE,2.36,0.14,340,0,3.34,48.15,0.0,0.0,14411,Nacoes Shopping,NS
2025-11-25 00:00:00,FEMALE,3.04,0.13,449,0,3.83,56.54,0.0,0.0,14760,Nacoes Shopping,NS
2025-11-26 00:00:00,NONE,1.2,0.22,2,0,2.65,0.44,0.0,0.0,166,Nacoes Shopping,NS
2025-11-26 00:00:00,MALE,2.3,0.15,414,0,3.33,60.04,0.0,0.0,18023,Nacoes Shopping,NS
2025-11-26 00:00:00,FEMALE,2.25,0.15,395,0,3.42,60.1,0.0,0.0,17562,Nacoes Shopping,NS
2025-11-27 00:00:00,NONE,0.55,0.52,1,0,2.87,0.52,0.0,0.0,181,Nacoes Shopping,NS
2025-11-27 00:00:00,MALE,1.64,0.22,270,0,3.56,58.57,0.0,0.0,16465,Nacoes Shopping,NS
2025-11-27 00:00:00,FEMALE,2.33,0.17,425,0,3.99,72.81,0.0,0.0,18255,Nacoes Shopping,NS
2025-11-28 00:00:00,NONE,5.04,0.12,7,0,5.97,0.83,0.0,0.0,139,Nacoes Shopping,NS
2025-11-28 00:00:00,MALE,1.61,0.25,241,0,3.97,59.29,0.0,0.0,14947,Nacoes Shopping,NS
2025-11-28 00:00:00,FEMALE,3.05,0.14,468,0,4.29,65.76,0.0,0.0,15341,Nacoes Shopping,NS
2025-11-29 00:00:00,NONE,1.47,0.27,2,0,3.9,0.53,0.0,0.0,136,Nacoes Shopping,NS
2025-11-29 00:00:00,MALE,2.7,0.14,444,0,3.85,63.17,0.0,0.0,16428,Nacoes Shopping,NS
2025-11-29 00:00:00,FEMALE,2.66,0.15,438,0,3.94,64.93,0.0,0.0,16465,Nacoes Shopping,NS
2025-11-30 00:00:00,NONE,1.39,0.18,1,0,2.5,0.18,0.0,0.0,72,Nacoes Shopping,NS
2025-11-30 00:00:00,MALE,3.81,0.1,356,0,3.92,36.6,0.0,0.0,9340,Nacoes Shopping,NS
2025-11-30 00:00:00,FEMALE,6.57,0.07,658,0,4.29,42.91,0.0,0.0,10010,Nacoes Shopping,NS
2025-12-01 00:00:00,NONE,3.39,0.07,2,0,2.37,0.14,0.0,0.0,59,Nacoes Shopping,NS
2025-12-01 00:00:00,MALE,4.38,0.08,395,0,3.4,30.65,0.0,0.0,9012,Nacoes Shopping,NS
2025-12-01 00:00:00,FEMALE,5.42,0.07,571,0,3.64,38.34,0.0,0.0,10538,Nacoes Shopping,NS
2025-12-02 00:00:00,NONE,1.45,0.22,1,0,3.19,0.22,0.0,0.0,69,Nacoes Shopping,NS
2025-12-02 00:00:00,MALE,3.75,0.09,358,0,3.27,31.21,0.0,0.0,9542,Nacoes Shopping,NS
2025-12-02 00:00:00,FEMALE,6.74,0.06,681,0,4.09,41.32,0.0,0.0,10104,Nacoes Shopping,NS
2025-12-03 00:00:00,NONE,8.54,0.06,7,0,5.12,0.42,0.0,0.0,82,Nacoes Shopping,NS
2025-12-03 00:00:00,MALE,3.17,0.09,362,0,2.92,33.35,0.0,0.0,11418,Nacoes Shopping,NS
2025-12-03 00:00:00,FEMALE,5.32,0.06,655,0,3.45,42.52,0.0,0.0,12320,Nacoes Shopping,NS
2025-12-04 00:00:00,NONE,5.83,0.04,12,0,2.48,0.51,0.0,0.0,206,Nacoes Shopping,NS
2025-12-04 00:00:00,MALE,2.89,0.1,415,0,2.96,42.44,0.0,0.0,14341,Nacoes Shopping,NS
2025-12-04 00:00:00,FEMALE,4.16,0.08,610,0,3.29,48.19,0.0,0.0,14661,Nacoes Shopping,NS
2025-12-05 00:00:00,NONE,8.02,0.04,15,0,3.32,0.62,0.0,0.0,187,Nacoes Shopping,NS
2025-12-05 00:00:00,MALE,2.66,0.12,354,0,3.1,41.18,0.0,0.0,13292,Nacoes Shopping,NS
2025-12-05 00:00:00,FEMALE,3.74,0.09,536,0,3.46,49.64,0.0,0.0,14329,Nacoes Shopping,NS
2025-12-06 00:00:00,NONE,5.05,0.08,5,0,4.04,0.4,0.0,0.0,99,Nacoes Shopping,NS
2025-12-06 00:00:00,MALE,3.78,0.1,468,0,3.77,46.64,0.0,0.0,12376,Nacoes Shopping,NS
2025-12-06 00:00:00,FEMALE,4.02,0.09,545,0,3.7,50.23,0.0,0.0,13558,Nacoes Shopping,NS
2025-12-07 00:00:00,NONE,4.55,0.14,5,0,6.27,0.69,0.0,0.0,110,Nacoes Shopping,NS
2025-12-07 00:00:00,MALE,2.85,0.12,359,0,3.29,41.4,0.0,0.0,12598,Nacoes Shopping,NS
2025-12-07 00:00:00,FEMALE,3.56,0.11,484,0,3.84,52.24,0.0,0.0,13607,Nacoes Shopping,NS
2025-12-08 00:00:00,NONE,5.66,0.05,9,0,3.02,0.48,0.0,0.0,159,Nacoes Shopping,NS
2025-12-08 00:00:00,MALE,3.05,0.1,425,0,3.16,44.05,0.0,0.0,13926,Nacoes Shopping,NS
2025-12-08 00:00:00,FEMALE,4.07,0.09,623,0,3.59,54.91,0.0,0.0,15304,Nacoes Shopping,NS
2025-12-09 00:00:00,NONE,3.87,0.08,7,0,3.15,0.57,0.0,0.0,181,Nacoes Shopping,NS
2025-12-09 00:00:00,MALE,2.88,0.1,457,0,2.89,45.77,0.0,0.0,15860,Nacoes Shopping,NS
2025-12-09 00:00:00,FEMALE,3.85,0.08,563,0,3.27,47.84,0.0,0.0,14631,Nacoes Shopping,NS
2025-12-10 00:00:00,NONE,10.08,0.05,13,0,5.35,0.69,0.0,0.0,129,Nacoes Shopping,NS
2025-12-10 00:00:00,MALE,2.04,0.15,312,0,2.96,45.25,0.0,0.0,15297,Nacoes Shopping,NS
2025-12-10 00:00:00,FEMALE,2.76,0.11,419,0,3.13,47.51,0.0,0.0,15189,Nacoes Shopping,NS
2025-12-11 00:00:00,NONE,3.01,0.12,4,0,3.61,0.48,0.0,0.0,133,Nacoes Shopping,NS
2025-12-11 00:00:00,MALE,2.2,0.14,312,0,3.13,44.45,0.0,0.0,14184,Nacoes Shopping,NS
2025-12-11 00:00:00,FEMALE,3.11,0.11,451,0,3.42,49.56,0.0,0.0,14498,Nacoes Shopping,NS
2025-12-12 00:00:00,NONE,16.18,0.04,22,0,6.84,0.93,0.0,0.0,136,Nacoes Shopping,NS
2025-12-12 00:00:00,MALE,3.78,0.09,520,0,3.49,47.95,0.0,0.0,13749,Nacoes Shopping,NS
2025-12-12 00:00:00,FEMALE,4.73,0.07,716,0,3.49,52.85,0.0,0.0,15129,Nacoes Shopping,NS
2025-12-13 00:00:00,NONE,1.24,0.19,2,0,2.3,0.37,0.0,0.0,161,Nacoes Shopping,NS
2025-12-13 00:00:00,MALE,2.9,0.11,413,0,3.12,44.47,0.0,0.0,14249,Nacoes Shopping,NS
2025-12-13 00:00:00,FEMALE,3.35,0.09,522,0,3.06,47.7,0.0,0.0,15569,Nacoes Shopping,NS
2025-12-14 00:00:00,NONE,5.56,0.08,9,0,4.26,0.69,0.0,0.0,162,Nacoes Shopping,NS
2025-12-14 00:00:00,MALE,3.61,0.08,541,0,3.01,45.11,0.0,0.0,14979,Nacoes Shopping,NS
2025-12-14 00:00:00,FEMALE,3.83,0.08,592,0,3.03,46.77,0.0,0.0,15442,Nacoes Shopping,NS
2025-12-15 00:00:00,NONE,1.38,0.26,2,0,3.59,0.52,0.0,0.0,145,Nacoes Shopping,NS
2025-12-15 00:00:00,MALE,2.98,0.09,449,0,2.75,41.51,0.0,0.0,15079,Nacoes Shopping,NS
2025-12-15 00:00:00,FEMALE,3.38,0.09,513,0,3.03,46.03,0.0,0.0,15197,Nacoes Shopping,NS
2025-12-16 00:00:00,NONE,2.35,0.15,2,0,3.41,0.29,0.0,0.0,85,Nacoes Shopping,NS
2025-12-16 00:00:00,MALE,2.36,0.12,320,0,2.75,37.19,0.0,0.0,13532,Nacoes Shopping,NS
2025-12-16 00:00:00,FEMALE,4.8,0.07,708,0,3.22,47.46,0.0,0.0,14761,Nacoes Shopping,NS
2025-12-17 00:00:00,NONE,4.9,0.11,5,0,5.29,0.54,0.0,0.0,102,Nacoes Shopping,NS
2025-12-17 00:00:00,MALE,2.32,0.12,316,0,2.8,38.2,0.0,0.0,13634,Nacoes Shopping,NS
2025-12-17 00:00:00,FEMALE,3.6,0.09,518,0,3.11,44.74,0.0,0.0,14404,Nacoes Shopping,NS
2025-12-18 00:00:00,NONE,17.04,0.04,23,0,6.52,0.88,0.0,0.0,135,Nacoes Shopping,NS
2025-12-18 00:00:00,MALE,2.72,0.11,330,0,3.11,37.7,0.0,0.0,12137,Nacoes Shopping,NS
2025-12-18 00:00:00,FEMALE,3.81,0.09,485,0,3.26,41.56,0.0,0.0,12738,Nacoes Shopping,NS
2025-12-19 00:00:00,NONE,3.42,0.1,4,0,3.42,0.4,0.0,0.0,117,Nacoes Shopping,NS
2025-12-19 00:00:00,MALE,3.76,0.08,470,0,3.18,39.82,0.0,0.0,12515,Nacoes Shopping,NS
2025-12-19 00:00:00,FEMALE,3.99,0.08,522,0,3.27,42.81,0.0,0.0,13099,Nacoes Shopping,NS
2025-12-20 00:00:00,NONE,3.33,0.1,4,0,3.25,0.39,0.0,0.0,120,Nacoes Shopping,NS
2025-12-20 00:00:00,MALE,3.38,0.1,434,0,3.29,42.21,0.0,0.0,12846,Nacoes Shopping,NS
2025-12-20 00:00:00,FEMALE,3.46,0.1,420,0,3.3,40.04,0.0,0.0,12138,Nacoes Shopping,NS
2025-12-21 00:00:00,NONE,2.82,0.12,4,0,3.38,0.48,0.0,0.0,142,Nacoes Shopping,NS
2025-12-21 00:00:00,MALE,2.6,0.11,367,0,2.86,40.39,0.0,0.0,14100,Nacoes Shopping,NS
2025-12-21 00:00:00,FEMALE,3.11,0.1,428,0,3.03,41.7,0.0,0.0,13749,Nacoes Shopping,NS
2025-12-22 00:00:00,NONE,0.0,0.0,0,0,3.64,0.32,0.0,0.0,88,Nacoes Shopping,NS
2025-12-22 00:00:00,MALE,3.67,0.08,526,0,2.92,41.82,0.0,0.0,14340,Nacoes Shopping,NS
2025-12-22 00:00:00,FEMALE,3.6,0.09,450,0,3.17,39.6,0.0,0.0,12498,Nacoes Shopping,NS
2025-12-23 00:00:00,NONE,1.48,0.22,2,0,3.26,0.44,0.0,0.0,135,Nacoes Shopping,NS
2025-12-23 00:00:00,MALE,3.25,0.1,437,0,3.18,42.81,0.0,0.0,13466,Nacoes Shopping,NS
2025-12-23 00:00:00,FEMALE,2.77,0.11,340,0,3.15,38.63,0.0,0.0,12274,Nacoes Shopping,NS
2025-12-24 00:00:00,NONE,5.0,0.07,8,0,3.5,0.56,0.0,0.0,160,Nacoes Shopping,NS
2025-12-24 00:00:00,MALE,2.37,0.1,393,0,2.41,39.84,0.0,0.0,16548,Nacoes Shopping,NS
2025-12-24 00:00:00,FEMALE,3.39,0.09,465,0,2.88,39.55,0.0,0.0,13732,Nacoes Shopping,NS
2025-12-25 00:00:00,NONE,5.84,0.05,9,0,3.18,0.49,0.0,0.0,154,Nacoes Shopping,NS
2025-12-25 00:00:00,MALE,2.71,0.09,396,0,2.4,35.13,0.0,0.0,14611,Nacoes Shopping,NS
2025-12-25 00:00:00,FEMALE,4.15,0.07,657,0,2.74,43.37,0.0,0.0,15835,Nacoes Shopping,NS
2025-12-26 00:00:00,NONE,14.48,0.03,32,0,4.71,1.04,0.0,0.0,221,Nacoes Shopping,NS
2025-12-26 00:00:00,MALE,3.1,0.08,449,0,2.41,34.93,0.0,0.0,14484,Nacoes Shopping,NS
2025-12-26 00:00:00,FEMALE,3.29,0.07,527,0,2.42,38.85,0.0,0.0,16025,Nacoes Shopping,NS
2025-12-27 00:00:00,NONE,10.78,0.04,25,0,4.09,0.95,0.0,0.0,232,Nacoes Shopping,NS
2025-12-27 00:00:00,MALE,3.81,0.07,594,0,2.47,38.61,0.0,0.0,15603,Nacoes Shopping,NS
2025-12-27 00:00:00,FEMALE,4.58,0.06,812,0,2.59,45.96,0.0,0.0,17738,Nacoes Shopping,NS
2025-12-28 00:00:00,NONE,4.29,0.06,7,0,2.7,0.44,0.0,0.0,163,Nacoes Shopping,NS
2025-12-28 00:00:00,MALE,4.12,0.06,616,0,2.46,36.81,0.0,0.0,14943,Nacoes Shopping,NS
2025-12-28 00:00:00,FEMALE,5.32,0.05,904,0,2.7,45.84,0.0,0.0,16992,Nacoes Shopping,NS
2025-12-29 00:00:00,NONE,7.14,0.05,14,0,3.27,0.64,0.0,0.0,196,Nacoes Shopping,NS
2025-12-29 00:00:00,MALE,3.68,0.06,574,0,2.21,34.49,0.0,0.0,15604,Nacoes Shopping,NS
2025-12-29 00:00:00,FEMALE,5.57,0.04,991,0,2.49,44.24,0.0,0.0,17776,Nacoes Shopping,NS
2025-12-30 00:00:00,NONE,5.19,0.05,12,0,2.73,0.63,0.0,0.0,231,Nacoes Shopping,NS
2025-12-30 00:00:00,MALE,4.3,0.05,571,0,2.32,30.84,0.0,0.0,13291,Nacoes Shopping,NS
2025-12-30 00:00:00,FEMALE,6.61,0.04,1051,0,2.65,42.16,0.0,0.0,15899,Nacoes Shopping,NS
2025-12-31 00:00:00,NONE,2.27,0.11,3,0,2.58,0.34,0.0,0.0,132,Nacoes Shopping,NS
2025-12-31 00:00:00,MALE,4.52,0.05,458,0,2.27,23.05,0.0,0.0,10139,Nacoes Shopping,NS
2025-12-31 00:00:00,FEMALE,5.56,0.04,633,0,2.36,26.87,0.0,0.0,11383,Nacoes Shopping,NS
2026-01-01 00:00:00,NONE,0.0,0.0,0,0,0.0,0.0,0.0,0.0,7,Nacoes Shopping,NS
2026-01-01 00:00:00,MALE,0.0,0.0,0,0,0.0,0.0,0.0,0.0,28,Nacoes Shopping,NS
2026-01-01 00:00:00,FEMALE,21.05,0.0,4,0,0.0,0.0,0.0,0.0,19,Nacoes Shopping,NS
2026-01-02 00:00:00,NONE,25.0,0.0,1,0,0.0,0.0,0.0,0.0,4,Nacoes Shopping,NS
2026-01-02 00:00:00,MALE,0.0,0.0,0,0,0.0,0.0,0.0,0.0,0,Nacoes Shopping,NS
2026-01-02 00:00:00,FEMALE,100.0,0.0,1,0,0.0,0.0,0.0,0.0,1,Nacoes Shopping,NS
2026-01-03 00:00:00,NONE,0.0,0.0,0,0,0.0,0.0,0.0,0.0,2,Nacoes Shopping,NS
2026-01-03 00:00:00,MALE,0.0,0.0,0,0,0.0,0.0,0.0,0.0,0,Nacoes Shopping,NS
2026-01-03 00:00:00,FEMALE,0.0,0.0,0,0,0.0,0.0,0.0,0.0,1,Nacoes Shopping,NS
2026-01-04 00:00:00,NONE,0.0,0.0,0,0,0.0,0.0,0.0,0.0,4,Nacoes Shopping,NS
2026-01-04 00:00:00,MALE,0.0,0.0,0,0,0.0,0.0,0.0,0.0,2,Nacoes Shopping,NS
2026-01-04 00:00:00,FEMALE,0.0,0.0,0,0,0.0,0.0,0.0,0.0,0,Nacoes Shopping,NS
2026-01-05 00:00:00,NONE,0.0,0.0,0,0,0.0,0.0,0.0,0.0,7,Nacoes Shopping,NS
2026-01-05 00:00:00,MALE,0.0,0.0,0,0,0.0,0.0,0.0,0.0,0,Nacoes Shopping,NS
2026-01-05 00:00:00,FEMALE,100.0,0.0,1,0,0.0,0.0,0.0,0.0,1,Nacoes Shopping,NS
2026-01-06 00:00:00,NONE,0.0,0.0,0,0,0.0,0.0,0.0,0.0,0,Nacoes Shopping,NS
2026-01-06 00:00:00,MALE,0.0,0.0,0,0,0.0,0.0,0.0,0.0,0,Nacoes Shopping,NS
2026-01-06 00:00:00,FEMALE,0.0,0.0,0,0,0.0,0.0,0.0,0.0,0,Nacoes Shopping,NS
2026-01-07 00:00:00,NONE,0.0,0.0,0,0,0.0,0.0,0.0,0.0,0,Nacoes Shopping,NS
2026-01-07 00:00:00,MALE,0.0,0.0,0,0,0.0,0.0,0.0,0.0,0,Nacoes Shopping,NS
2026-01-07 00:00:00,FEMALE,0.0,0.0,0,0,0.0,0.0,0.0,0.0,2,Nacoes Shopping,NS
2026-01-08 00:00:00,NONE,0.0,0.0,0,0,0.0,0.0,0.0,0.0,0,Nacoes Shopping,NS
2026-01-08 00:00:00,MALE,0.0,0.0,0,0,0.0,0.0,0.0,0.0,0,Nacoes Shopping,NS
2026-01-09 00:00:00,NONE,0.0,0.0,0,0,0.0,0.0,0.0,0.0,0,Nacoes Shopping,NS
2026-01-10 00:00:00,NONE,0.0,0.0,0,0,0.0,0.0,0.0,0.0,0,Nacoes Shopping,NS
2026-01-10 00:00:00,FEMALE,0.0,0.0,0,0,0.0,0.0,0.0,0.0,0,Nacoes Shopping,NS
2026-01-11 00:00:00,NONE,0.0,0.0,0,0,0.0,0.0,0.0,0.0,0,Nacoes Shopping,NS
2026-01-11 00:00:00,MALE,0.0,0.0,0,0,0.0,0.0,0.0,0.0,0,Nacoes Shopping,NS
2026-01-11 00:00:00,FEMALE,0.0,0.0,0,0,0.0,0.0,0.0,0.0,0,Nacoes Shopping,NS
2026-01-12 00:00:00,MALE,0.0,0.0,0,0,0.0,0.0,0.0,0.0,0,Nacoes Shopping,NS
2026-01-12 00:00:00,FEMALE,0.0,0.0,0,0,0.0,0.0,0.0,0.0,0,Nacoes Shopping,NS
2026-01-13 00:00:00,NONE,0.0,0.0,0,0,0.0,0.0,0.0,0.0,0,Nacoes Shopping,NS
2026-01-13 00:00:00,MALE,0.0,0.0,0,0,0.0,0.0,0.0,0.0,0,Nacoes Shopping,NS
2026-01-14 00:00:00,NONE,0.0,0.0,0,0,2.86,0.04,0.0,0.0,14,Nacoes Shopping,NS
2026-01-14 00:00:00,MALE,0.0,0.0,0,0,1.21,4.75,0.0,0.0,3921,Nacoes Shopping,NS
2026-01-14 00:00:00,FEMALE,0.0,0.0,0,0,1.31,7.19,0.0,0.0,5478,Nacoes Shopping,NS
2026-01-15 00:00:00,NONE,0.0,0.0,0,0,1.76,0.09,0.0,0.0,51,Nacoes Shopping,NS
2026-01-15 00:00:00,MALE,0.0,0.0,0,0,1.53,14.82,0.0,0.0,9697,Nacoes Shopping,NS
2026-01-15 00:00:00,FEMALE,0.0,0.0,0,0,1.68,19.74,0.0,0.0,11746,Nacoes Shopping,NS
2026-01-16 00:00:00,NONE,0.0,0.0,0,0,0.77,0.03,0.0,0.0,39,Nacoes Shopping,NS
2026-01-16 00:00:00,MALE,0.0,0.0,0,0,1.61,14.89,0.0,0.0,9244,Nacoes Shopping,NS
2026-01-16 00:00:00,FEMALE,0.0,0.0,0,0,1.69,18.74,0.0,0.0,11104,Nacoes Shopping,NS
2026-01-17 00:00:00,NONE,0.0,0.0,0,0,3.28,0.2,0.0,0.0,61,Nacoes Shopping,NS
2026-01-17 00:00:00,MALE,0.0,0.0,0,0,1.64,15.4,0.0,0.0,9369,Nacoes Shopping,NS
2026-01-17 00:00:00,FEMALE,0.0,0.0,0,0,1.64,18.2,0.0,0.0,11122,Nacoes Shopping,NS
2026-01-18 00:00:00,NONE,0.0,0.0,0,0,1.28,0.06,0.0,0.0,47,Nacoes Shopping,NS
2026-01-18 00:00:00,MALE,0.0,0.0,0,0,1.64,15.23,0.0,0.0,9290,Nacoes Shopping,NS
2026-01-18 00:00:00,FEMALE,0.0,0.0,0,0,1.66,18.17,0.0,0.0,10928,Nacoes Shopping,NS
2026-01-19 00:00:00,NONE,0.0,0.0,0,0,1.56,0.05,0.0,0.0,32,Nacoes Shopping,NS
2026-01-19 00:00:00,MALE,0.0,0.0,0,0,1.78,14.11,0.0,0.0,7940,Nacoes Shopping,NS
2026-01-19 00:00:00,FEMALE,0.0,0.0,0,0,1.86,17.31,0.0,0.0,9328,Nacoes Shopping,NS
2026-01-20 00:00:00,NONE,0.0,0.0,0,0,1.79,0.07,0.0,0.0,39,Nacoes Shopping,NS
2026-01-20 00:00:00,MALE,0.0,0.0,0,0,1.99,13.48,0.0,0.0,6765,Nacoes Shopping,NS
2026-01-20 00:00:00,FEMALE,0.0,0.0,0,0,2.04,17.04,0.0,0.0,8336,Nacoes Shopping,NS
2026-01-21 00:00:00,NONE,0.0,0.0,0,0,0.83,0.02,0.0,0.0,24,Nacoes Shopping,NS
2026-01-21 00:00:00,MALE,0.0,0.0,0,0,1.78,14.41,0.0,0.0,8115,Nacoes Shopping,NS
2026-01-21 00:00:00,FEMALE,0.0,0.0,0,0,1.77,19.31,0.0,0.0,10899,Nacoes Shopping,NS
2026-01-22 00:00:00,NONE,0.0,0.0,0,0,2.22,0.06,0.0,0.0,27,Nacoes Shopping,NS
2026-01-22 00:00:00,MALE,0.0,0.0,0,0,1.6,13.87,0.0,0.0,8645,Nacoes Shopping,NS
2026-01-22 00:00:00,FEMALE,0.0,0.0,0,0,1.61,17.56,0.0,0.0,10921,Nacoes Shopping,NS
2026-01-23 00:00:00,NONE,0.0,0.0,0,0,2.0,0.06,0.0,0.0,30,Nacoes Shopping,NS
2026-01-23 00:00:00,MALE,0.0,0.0,0,0,1.65,13.36,0.0,0.0,8088,Nacoes Shopping,NS
2026-01-23 00:00:00,FEMALE,0.0,0.0,0,0,1.67,16.98,0.0,0.0,10156,Nacoes Shopping,NS
2026-01-24 00:00:00,NONE,0.0,0.0,0,0,1.84,0.07,0.0,0.0,38,Nacoes Shopping,NS
2026-01-24 00:00:00,MALE,0.0,0.0,0,0,1.81,14.72,0.0,0.0,8155,Nacoes Shopping,NS
2026-01-24 00:00:00,FEMALE,0.0,0.0,0,0,1.68,15.99,0.0,0.0,9538,Nacoes Shopping,NS
2026-01-25 00:00:00,NONE,0.0,0.0,0,0,2.16,0.08,0.0,0.0,37,Nacoes Shopping,NS
2026-01-25 00:00:00,MALE,0.0,0.0,0,0,1.6,13.95,0.0,0.0,8718,Nacoes Shopping,NS
2026-01-25 00:00:00,FEMALE,0.0,0.0,0,0,1.55,14.69,0.0,0.0,9489,Nacoes Shopping,NS
2026-01-26 00:00:00,NONE,0.0,0.0,0,0,3.33,0.08,0.0,0.0,24,Nacoes Shopping,NS
2026-01-26 00:00:00,MALE,0.0,0.0,0,0,1.9,13.48,0.0,0.0,7079,Nacoes Shopping,NS
2026-01-26 00:00:00,FEMALE,0.0,0.0,0,0,1.96,14.9,0.0,0.0,7585,Nacoes Shopping,NS
2026-01-27 00:00:00,NONE,0.0,0.0,0,0,0.63,0.03,0.0,0.0,48,Nacoes Shopping,NS
2026-01-27 00:00:00,MALE,0.0,0.0,0,0,1.74,11.54,0.0,0.0,6633,Nacoes Shopping,NS
2026-01-27 00:00:00,FEMALE,0.0,0.0,0,0,1.81,14.84,0.0,0.0,8188,Nacoes Shopping,NS
2026-01-28 00:00:00,NONE,0.0,0.0,0,0,1.79,0.12,0.0,0.0,67,Nacoes Shopping,NS
2026-01-28 00:00:00,MALE,0.0,0.0,0,0,1.54,13.23,0.0,0.0,8591,Nacoes Shopping,NS
2026-01-28 00:00:00,FEMALE,0.0,0.0,0,0,1.55,16.83,0.0,0.0,10825,Nacoes Shopping,NS
2026-01-29 00:00:00,NONE,0.0,0.0,0,0,2.05,0.24,0.0,0.0,117,Nacoes Shopping,NS
2026-01-29 00:00:00,MALE,0.0,0.0,0,0,1.61,22.77,0.0,0.0,14109,Nacoes Shopping,NS
2026-01-29 00:00:00,FEMALE,0.0,0.0,0,0,1.68,29.06,0.0,0.0,17254,Nacoes Shopping,NS
2026-01-30 00:00:00,NONE,0.0,0.0,0,0,1.74,0.2,0.0,0.0,115,Nacoes Shopping,NS
2026-01-30 00:00:00,MALE,0.0,0.0,0,0,1.77,44.28,0.0,0.0,24957,Nacoes Shopping,NS
2026-01-30 00:00:00,FEMALE,0.0,0.0,0,0,1.93,52.8,0.0,0.0,27308,Nacoes Shopping,NS
2026-01-31 00:00:00,NONE,0.0,0.0,0,0,1.72,0.2,0.0,0.0,116,Nacoes Shopping,NS
2026-01-31 00:00:00,MALE,0.0,0.0,0,0,1.9,42.79,0.0,0.0,22561,Nacoes Shopping,NS
2026-01-31 00:00:00,FEMALE,0.0,0.0,0,0,1.95,49.04,0.0,0.0,25092,Nacoes Shopping,NS
2026-02-01 00:00:00,NONE,0.0,0.0,0,0,1.7,0.28,0.0,0.0,165,Nacoes Shopping,NS
2026-02-01 00:00:00,MALE,0.0,0.0,0,0,1.73,40.21,0.0,0.0,23196,Nacoes Shopping,NS
2026-02-01 00:00:00,FEMALE,0.0,0.0,0,0,1.65,44.31,0.0,0.0,26834,Nacoes Shopping,NS
2026-02-02 00:00:00,NONE,0.0,0.0,0,0,1.52,0.3,0.0,0.0,198,Nacoes Shopping,NS
2026-02-02 00:00:00,MALE,0.0,0.0,0,0,1.78,36.51,0.0,0.0,20463,Nacoes Shopping,NS
2026-02-02 00:00:00,FEMALE,0.0,0.0,0,0,1.86,45.73,0.0,0.0,24593,Nacoes Shopping,NS
2026-02-03 00:00:00,NONE,0.0,0.0,0,0,1.78,0.28,0.0,0.0,157,Nacoes Shopping,NS
2026-02-03 00:00:00,MALE,0.0,0.0,0,0,2.0,36.8,0.0,0.0,18411,Nacoes Shopping,NS
2026-02-03 00:00:00,FEMALE,0.0,0.0,0,0,2.04,44.95,0.0,0.0,22081,Nacoes Shopping,NS
2026-02-04 00:00:00,NONE,0.0,0.0,0,0,2.21,0.3,0.0,0.0,136,Nacoes Shopping,NS
2026-02-04 00:00:00,MALE,0.0,0.0,0,0,2.06,38.6,0.0,0.0,18739,Nacoes Shopping,NS
2026-02-04 00:00:00,FEMALE,0.0,0.0,0,0,2.09,42.79,0.0,0.0,20460,Nacoes Shopping,NS
2026-02-05 00:00:00,NONE,0.0,0.0,0,0,1.62,0.17,0.0,0.0,105,Nacoes Shopping,NS
2026-02-05 00:00:00,MALE,0.0,0.0,0,0,2.0,38.83,0.0,0.0,19370,Nacoes Shopping,NS
2026-02-05 00:00:00,FEMALE,0.0,0.0,0,0,1.95,44.04,0.0,0.0,22609,Nacoes Shopping,NS
2026-02-06 00:00:00,NONE,0.0,0.0,0,0,1.67,0.2,0.0,0.0,120,Nacoes Shopping,NS
2026-02-06 00:00:00,MALE,0.0,0.0,0,0,1.79,36.61,0.0,0.0,20507,Nacoes Shopping,NS
2026-02-06 00:00:00,FEMALE,0.0,0.0,0,0,1.84,42.51,0.0,0.0,23056,Nacoes Shopping,NS
2026-02-07 00:00:00,NONE,0.0,0.0,0,0,1.4,0.13,0.0,0.0,93,Nacoes Shopping,NS
2026-02-07 00:00:00,MALE,0.0,0.0,0,0,2.0,31.5,0.0,0.0,15754,Nacoes Shopping,NS
2026-02-07 00:00:00,FEMALE,0.0,0.0,0,0,1.87,31.94,0.0,0.0,17081,Nacoes Shopping,NS
2026-02-08 00:00:00,NONE,0.0,0.0,0,0,0.78,0.04,0.0,0.0,51,Nacoes Shopping,NS
2026-02-08 00:00:00,MALE,0.0,0.0,0,0,1.89,15.35,0.0,0.0,8131,Nacoes Shopping,NS
2026-02-08 00:00:00,FEMALE,0.0,0.0,0,0,1.83,16.04,0.0,0.0,8760,Nacoes Shopping,NS
2026-02-09 00:00:00,NONE,0.0,0.0,0,0,2.37,0.09,0.0,0.0,38,Nacoes Shopping,NS
2026-02-09 00:00:00,MALE,0.0,0.0,0,0,2.07,9.21,0.0,0.0,4446,Nacoes Shopping,NS
2026-02-09 00:00:00,FEMALE,0.0,0.0,0,0,1.98,9.15,0.0,0.0,4625,Nacoes Shopping,NS
2026-02-10 00:00:00,NONE,0.0,0.0,0,0,1.56,0.05,0.0,0.0,32,Nacoes Shopping,NS
2026-02-10 00:00:00,MALE,0.0,0.0,0,0,1.64,9.27,0.0,0.0,5667,Nacoes Shopping,NS
2026-02-10 00:00:00,FEMALE,0.0,0.0,0,0,1.65,10.26,0.0,0.0,6201,Nacoes Shopping,NS
2026-02-11 00:00:00,NONE,0.0,0.0,0,0,1.52,0.05,0.0,0.0,33,Nacoes Shopping,NS
2026-02-11 00:00:00,MALE,0.0,0.0,0,0,1.44,8.33,0.0,0.0,5786,Nacoes Shopping,NS
2026-02-11 00:00:00,FEMALE,0.0,0.0,0,0,1.58,10.06,0.0,0.0,6369,Nacoes Shopping,NS
2026-02-12 00:00:00,NONE,0.0,0.0,0,0,1.48,0.04,0.0,0.0,27,Nacoes Shopping,NS
2026-02-12 00:00:00,MALE,0.0,0.0,0,0,1.51,8.16,0.0,0.0,5411,Nacoes Shopping,NS
2026-02-12 00:00:00,FEMALE,0.0,0.0,0,0,1.68,9.8,0.0,0.0,5848,Nacoes Shopping,NS
2026-02-13 00:00:00,NONE,0.0,0.0,0,0,2.5,0.1,0.0,0.0,40,Nacoes Shopping,NS
2026-02-13 00:00:00,MALE,0.0,0.0,0,0,1.66,8.44,0.0,0.0,5088,Nacoes Shopping,NS
2026-02-13 00:00:00,FEMALE,0.0,0.0,0,0,1.73,9.58,0.0,0.0,5523,Nacoes Shopping,NS
2026-02-14 00:00:00,NONE,0.0,0.0,0,0,1.71,0.07,0.0,0.0,41,Nacoes Shopping,NS
2026-02-14 00:00:00,MALE,0.0,0.0,0,0,1.65,7.96,0.0,0.0,4831,Nacoes Shopping,NS
2026-02-14 00:00:00,FEMALE,0.0,0.0,0,0,1.85,10.01,0.0,0.0,5399,Nacoes Shopping,NS
2026-02-15 00:00:00,NONE,0.0,0.0,0,0,2.08,0.1,0.0,0.0,48,Nacoes Shopping,NS
2026-02-15 00:00:00,MALE,0.0,0.0,0,0,1.89,8.0,0.0,0.0,4236,Nacoes Shopping,NS
2026-02-15 00:00:00,FEMALE,0.0,0.0,0,0,1.88,8.8,0.0,0.0,4684,Nacoes Shopping,NS
2026-02-16 00:00:00,NONE,0.0,0.0,0,0,1.18,0.06,0.0,0.0,51,Nacoes Shopping,NS
2026-02-16 00:00:00,MALE,0.0,0.0,0,0,1.96,7.95,0.0,0.0,4059,Nacoes Shopping,NS
2026-02-16 00:00:00,FEMALE,0.0,0.0,0,0,1.84,8.26,0.0,0.0,4488,Nacoes Shopping,NS
2026-02-17 00:00:00,NONE,0.0,0.0,0,0,2.31,0.09,0.0,0.0,39,Nacoes Shopping,NS
2026-02-17 00:00:00,MALE,0.0,0.0,0,0,1.49,8.16,0.0,0.0,5463,Nacoes Shopping,NS
2026-02-17 00:00:00,FEMALE,0.0,0.0,0,0,1.49,8.99,0.0,0.0,6032,Nacoes Shopping,NS
2026-02-18 00:00:00,NONE,0.0,0.0,0,0,1.67,0.04,0.0,0.0,24,Nacoes Shopping,NS
2026-02-18 00:00:00,MALE,0.0,0.0,0,0,1.29,7.06,0.0,0.0,5465,Nacoes Shopping,NS
2026-02-18 00:00:00,FEMALE,0.0,0.0,0,0,1.47,8.74,0.0,0.0,5928,Nacoes Shopping,NS
2026-02-19 00:00:00,NONE,0.0,0.0,0,0,1.74,0.04,0.0,0.0,23,Nacoes Shopping,NS
2026-02-19 00:00:00,MALE,0.0,0.0,0,0,1.44,7.12,0.0,0.0,4934,Nacoes Shopping,NS
2026-02-19 00:00:00,FEMALE,0.0,0.0,0,0,1.61,8.38,0.0,0.0,5202,Nacoes Shopping,NS
2026-02-20 00:00:00,NONE,0.0,0.0,0,0,1.15,0.03,0.0,0.0,26,Nacoes Shopping,NS
2026-02-20 00:00:00,MALE,0.0,0.0,0,0,1.55,6.72,0.0,0.0,4327,Nacoes Shopping,NS
2026-02-20 00:00:00,FEMALE,0.0,0.0,0,0,1.82,8.4,0.0,0.0,4628,Nacoes Shopping,NS
2026-02-21 00:00:00,NONE,0.0,0.0,0,0,0.43,0.01,0.0,0.0,23,Nacoes Shopping,NS
2026-02-21 00:00:00,MALE,0.0,0.0,0,0,1.66,6.57,0.0,0.0,3968,Nacoes Shopping,NS
2026-02-21 00:00:00,FEMALE,0.0,0.0,0,0,1.79,8.03,0.0,0.0,4488,Nacoes Shopping,NS
2026-02-22 00:00:00,NONE,0.0,0.0,0,0,1.92,0.05,0.0,0.0,26,Nacoes Shopping,NS
2026-02-22 00:00:00,MALE,0.0,0.0,0,0,1.76,6.39,0.0,0.0,3639,Nacoes Shopping,NS
2026-02-22 00:00:00,FEMALE,0.0,0.0,0,0,1.69,6.81,0.0,0.0,4034,Nacoes Shopping,NS
2026-02-23 00:00:00,NONE,0.0,0.0,0,0,1.2,0.03,0.0,0.0,25,Nacoes Shopping,NS
2026-02-23 00:00:00,MALE,0.0,0.0,0,0,2.0,5.37,0.0,0.0,2684,Nacoes Shopping,NS
2026-02-23 00:00:00,FEMALE,0.0,0.0,0,0,2.26,6.64,0.0,0.0,2941,Nacoes Shopping,NS
2026-02-24 00:00:00,NONE,0.0,0.0,0,0,1.79,0.05,0.0,0.0,28,Nacoes Shopping,NS
2026-02-24 00:00:00,MALE,0.0,0.0,0,0,1.65,5.81,0.0,0.0,3519,Nacoes Shopping,NS
2026-02-24 00:00:00,FEMALE,0.0,0.0,0,0,1.66,5.52,0.0,0.0,3322,Nacoes Shopping,NS
2026-02-25 00:00:00,NONE,0.0,0.0,0,0,1.43,0.01,0.0,0.0,7,Nacoes Shopping,NS
2026-02-25 00:00:00,MALE,0.0,0.0,0,0,1.56,1.63,0.0,0.0,1042,Nacoes Shopping,NS
2026-02-25 00:00:00,FEMALE,0.0,0.0,0,0,1.62,1.61,0.0,0.0,995,Nacoes Shopping,NS
2026-02-27 00:00:00,NONE,0.0,0.0,0,0,0.0,0.0,0.0,0.0,0,Nacoes Shopping,NS
2026-02-27 00:00:00,MALE,0.0,0.0,0,0,0.0,0.0,0.0,0.0,0,Nacoes Shopping,NS
2026-03-02 00:00:00,NONE,0.0,0.0,0,0,0.0,0.0,0.0,0.0,0,Nacoes Shopping,NS
2026-03-03 00:00:00,NONE,0.0,0.0,0,0,0.0,0.0,0.0,0.0,0,Nacoes Shopping,NS
2026-03-04 00:00:00,MALE,0.0,0.0,0,0,0.0,0.0,0.0,0.0,0,Nacoes Shopping,NS
2026-03-05 00:00:00,FEMALE,0.0,0.0,0,0,0.0,0.0,0.0,0.0,0,Nacoes Shopping,NS
2026-03-06 00:00:00,NONE,0.0,0.0,0,0,0.0,0.0,0.0,0.0,0,Nacoes Shopping,NS
2026-03-06 00:00:00,FEMALE,0.0,0.0,0,0,0.0,0.0,0.0,0.0,0,Nacoes Shopping,NS
2026-03-09 00:00:00,NONE,0.0,0.0,0,0,0.0,0.0,0.0,0.0,0,Nacoes Shopping,NS
2026-03-12 00:00:00,NONE,0.0,0.0,0,0,0.0,0.0,0.0,0.0,0,Nacoes Shopping,NS
2026-03-22 00:00:00,NONE,0.0,0.0,0,0,0.0,0.0,0.0,0.0,0,Nacoes Shopping,NS
2026-03-28 00:00:00,NONE,0.0,0.0,0,0,0.0,0.0,0.0,0.0,0,Nacoes Shopping,NS
2026-04-01 00:00:00,NONE,0.0,0.0,0,0,0.0,0.0,0.0,0.0,0,Nacoes Shopping,NS
2026-04-02 00:00:00,NONE,0.0,0.0,0,0,0.0,0.0,0.0,0.0,0,Nacoes Shopping,NS
2026-04-09 00:00:00,MALE,0.0,0.0,0,0,0.0,0.0,0.0,0.0,0,Nacoes Shopping,NS
2026-04-30 00:00:00,NONE,4.44,0.04,4,0,1.78,0.16,0.0,0.0,90,Nacoes Shopping,NS
2026-04-30 00:00:00,MALE,3.32,0.07,243,0,2.24,16.41,0.0,0.0,7317,Nacoes Shopping,NS
2026-04-30 00:00:00,FEMALE,4.48,0.06,384,0,2.68,22.93,0.0,0.0,8571,Nacoes Shopping,NS
2026-05-01 00:00:00,NONE,9.51,0.03,37,0,2.78,1.08,0.0,0.0,389,Nacoes Shopping,NS
2026-05-01 00:00:00,MALE,4.69,0.05,899,0,2.26,43.26,0.0,0.0,19183,Nacoes Shopping,NS
2026-05-01 00:00:00,FEMALE,5.73,0.04,1330,0,2.54,59.07,0.0,0.0,23231,Nacoes Shopping,NS
2026-05-02 00:00:00,NONE,7.89,0.03,36,0,2.43,1.11,0.0,0.0,456,Nacoes Shopping,NS
2026-05-02 00:00:00,MALE,4.46,0.05,794,0,2.38,42.28,0.0,0.0,17801,Nacoes Shopping,NS
2026-05-02 00:00:00,FEMALE,6.52,0.04,1382,0,2.79,59.18,0.0,0.0,21194,Nacoes Shopping,NS
2026-05-03 00:00:00,NONE,10.27,0.03,30,0,2.71,0.79,0.0,0.0,292,Nacoes Shopping,NS
2026-05-03 00:00:00,MALE,6.35,0.04,1210,0,2.35,44.84,0.0,0.0,19046,Nacoes Shopping,NS
2026-05-03 00:00:00,FEMALE,6.73,0.04,1478,0,2.52,55.28,0.0,0.0,21963,Nacoes Shopping,NS
2026-05-04 00:00:00,NONE,13.76,0.03,26,0,4.07,0.77,0.0,0.0,189,Nacoes Shopping,NS
2026-05-04 00:00:00,MALE,4.75,0.06,362,0,2.73,20.79,0.0,0.0,7616,Nacoes Shopping,NS
2026-05-04 00:00:00,FEMALE,6.86,0.05,625,0,3.1,28.28,0.0,0.0,9109,Nacoes Shopping,NS
2026-05-05 00:00:00,NONE,0.0,0.0,0,0,1.05,0.09,0.0,0.0,86,Nacoes Shopping,NS
2026-05-05 00:00:00,MALE,0.28,0.57,17,0,1.62,9.66,0.0,0.0,5968,Nacoes Shopping,NS
2026-05-05 00:00:00,FEMALE,0.42,0.47,25,0,2.0,11.76,0.0,0.0,5885,Nacoes Shopping,NS
2026-05-06 00:00:00,NONE,1.9,0.12,4,0,2.23,0.47,0.0,0.0,211,Nacoes Shopping,NS
2026-05-06 00:00:00,MALE,3.23,0.07,541,0,2.41,40.4,0.0,0.0,16744,Nacoes Shopping,NS
2026-05-06 00:00:00,FEMALE,3.63,0.08,601,0,2.97,49.09,0.0,0.0,16542,Nacoes Shopping,NS
2026-05-07 00:00:00,NONE,8.86,0.04,28,0,3.89,1.23,0.0,0.0,316,Nacoes Shopping,NS
2026-05-07 00:00:00,MALE,5.02,0.05,1083,0,2.69,58.11,0.0,0.0,21572,Nacoes Shopping,NS
2026-05-07 00:00:00,FEMALE,6.04,0.05,1267,0,3.31,69.47,0.0,0.0,20987,Nacoes Shopping,NS
2026-05-08 00:00:00,NONE,7.98,0.04,28,0,3.16,1.11,0.0,0.0,351,Nacoes Shopping,NS
2026-05-08 00:00:00,MALE,5.93,0.05,1092,0,2.84,52.33,0.0,0.0,18412,Nacoes Shopping,NS
2026-05-08 00:00:00,FEMALE,6.34,0.05,1332,0,3.03,63.72,0.0,0.0,20999,Nacoes Shopping,NS
2026-05-09 00:00:00,NONE,4.77,0.04,22,0,1.91,0.88,0.0,0.0,461,Nacoes Shopping,NS
2026-05-09 00:00:00,MALE,6.72,0.04,1196,0,2.86,51.0,0.0,0.0,17810,Nacoes Shopping,NS
2026-05-09 00:00:00,FEMALE,6.63,0.05,1231,0,3.07,56.91,0.0,0.0,18566,Nacoes Shopping,NS
2026-05-10 00:00:00,NONE,6.41,0.04,23,0,2.31,0.83,0.0,0.0,359,Nacoes Shopping,NS
2026-05-10 00:00:00,MALE,5.65,0.05,954,0,2.55,42.99,0.0,0.0,16881,Nacoes Shopping,NS
2026-05-10 00:00:00,FEMALE,6.34,0.05,1175,0,2.89,53.54,0.0,0.0,18543,Nacoes Shopping,NS
2026-05-11 00:00:00,NONE,6.71,0.03,19,0,1.87,0.53,0.0,0.0,283,Nacoes Shopping,NS
2026-05-11 00:00:00,MALE,4.02,0.06,271,0,2.54,17.13,0.0,0.0,6739,Nacoes Shopping,NS
2026-05-11 00:00:00,FEMALE,5.98,0.05,433,0,3.11,22.52,0.0,0.0,7244,Nacoes Shopping,NS
2026-05-12 00:00:00,NONE,0.0,0.0,0,0,0.0,0.0,0.0,0.0,0,Nacoes Shopping,NS
2026-05-12 00:00:00,MALE,0.0,0.0,0,0,0.0,0.0,0.0,0.0,0,Nacoes Shopping,NS
2026-05-12 00:00:00,FEMALE,0.0,0.0,0,0,0.0,0.0,0.0,0.0,0,Nacoes Shopping,NS
2026-05-13 00:00:00,NONE,0.0,0.0,0,0,0.0,0.0,0.0,0.0,0,Nacoes Shopping,NS
2026-05-13 00:00:00,MALE,0.0,0.0,0,0,0.0,0.0,0.0,0.0,0,Nacoes Shopping,NS
2026-05-13 00:00:00,FEMALE,0.0,0.0,0,0,0.0,0.0,0.0,0.0,0,Nacoes Shopping,NS
2026-05-14 00:00:00,NONE,0.0,0.0,0,0,0.0,0.0,0.0,0.0,0,Nacoes Shopping,NS
2026-05-14 00:00:00,MALE,0.0,0.0,0,0,0.0,0.0,0.0,0.0,0,Nacoes Shopping,NS
2026-05-14 00:00:00,FEMALE,0.0,0.0,0,0,0.0,0.0,0.0,0.0,0,Nacoes Shopping,NS
2026-05-15 00:00:00,NONE,0.0,0.0,0,0,0.0,0.0,0.0,0.0,0,Nacoes Shopping,NS
2026-05-15 00:00:00,MALE,0.0,0.0,0,0,0.0,0.0,0.0,0.0,0,Nacoes Shopping,NS
2026-05-15 00:00:00,FEMALE,0.0,0.0,0,0,0.0,0.0,0.0,0.0,0,Nacoes Shopping,NS
2026-05-16 00:00:00,NONE,0.0,0.0,0,0,0.0,0.0,0.0,0.0,0,Nacoes Shopping,NS
2026-05-16 00:00:00,MALE,0.0,0.0,0,0,0.0,0.0,0.0,0.0,0,Nacoes Shopping,NS
2026-05-17 00:00:00,NONE,0.0,0.0,0,0,0.0,0.0,0.0,0.0,0,Nacoes Shopping,NS
2026-05-17 00:00:00,FEMALE,0.0,0.0,0,0,0.0,0.0,0.0,0.0,0,Nacoes Shopping,NS
2026-05-18 00:00:00,NONE,0.0,0.0,0,0,0.0,0.0,0.0,0.0,0,Nacoes Shopping,NS
2026-05-18 00:00:00,FEMALE,0.0,0.0,0,0,0.0,0.0,0.0,0.0,0,Nacoes Shopping,NS
2026-05-19 00:00:00,MALE,0.0,0.0,0,0,0.0,0.0,0.0,0.0,0,Nacoes Shopping,NS
2026-05-20 00:00:00,NONE,0.0,0.0,0,0,0.0,0.0,0.0,0.0,0,Nacoes Shopping,NS
2026-05-21 00:00:00,NONE,0.0,0.0,0,0,0.0,0.0,0.0,0.0,0,Nacoes Shopping,NS
2026-05-22 00:00:00,NONE,0.0,0.0,0,0,0.0,0.0,0.0,0.0,0,Nacoes Shopping,NS
2026-05-23 00:00:00,NONE,0.0,0.0,0,0,0.0,0.0,0.0,0.0,0,Nacoes Shopping,NS
2026-05-24 00:00:00,NONE,0.0,0.0,0,0,0.0,0.0,0.0,0.0,0,Nacoes Shopping,NS
2026-05-25 00:00:00,NONE,0.0,0.0,0,0,0.0,0.0,0.0,0.0,0,Nacoes Shopping,NS
2026-05-25 00:00:00,FEMALE,0.0,0.0,0,0,0.0,0.0,0.0,0.0,0,Nacoes Shopping,NS
2026-05-26 00:00:00,NONE,0.0,0.0,0,0,0.0,0.0,0.0,0.0,0,Nacoes Shopping,NS
2026-05-27 00:00:00,NONE,0.0,0.0,0,0,0.0,0.0,0.0,0.0,0,Nacoes Shopping,NS
2026-05-27 00:00:00,MALE,0.0,0.0,0,0,0.0,0.0,0.0,0.0,0,Nacoes Shopping,NS
2026-05-28 00:00:00,NONE,4.65,0.05,4,0,2.21,0.19,0.0,0.0,86,Nacoes Shopping,NS
2026-05-28 00:00:00,MALE,3.66,0.07,344,0,2.39,22.48,0.0,0.0,9406,Nacoes Shopping,NS
2026-05-28 00:00:00,FEMALE,5.75,0.05,581,0,2.89,29.17,0.0,0.0,10106,Nacoes Shopping,NS
2026-05-29 00:00:00,NONE,16.76,0.03,31,0,4.7,0.87,0.0,0.0,185,Nacoes Shopping,NS
2026-05-29 00:00:00,MALE,3.57,0.08,494,0,2.74,37.9,0.0,0.0,13819,Nacoes Shopping,NS
2026-05-29 00:00:00,FEMALE,5.9,0.05,857,0,3.1,45.05,0.0,0.0,14534,Nacoes Shopping,NS
2026-05-30 00:00:00,NONE,13.58,0.03,22,0,4.51,0.73,0.0,0.0,162,Nacoes Shopping,NS
2026-05-30 00:00:00,MALE,4.5,0.06,635,0,2.74,38.64,0.0,0.0,14121,Nacoes Shopping,NS
2026-05-30 00:00:00,FEMALE,5.64,0.05,826,0,2.93,42.85,0.0,0.0,14643,Nacoes Shopping,NS
2026-05-31 00:00:00,NONE,7.41,0.03,26,0,2.54,0.89,0.0,0.0,351,Nacoes Shopping,NS
2026-05-31 00:00:00,MALE,4.69,0.05,722,0,2.49,38.32,0.0,0.0,15379,Nacoes Shopping,NS
2026-05-31 00:00:00,FEMALE,6.49,0.04,1055,0,2.78,45.14,0.0,0.0,16259,Nacoes Shopping,NS
2026-06-01 00:00:00,NONE,4.66,0.05,9,0,2.44,0.47,0.0,0.0,193,Nacoes Shopping,NS
2026-06-01 00:00:00,MALE,4.82,0.05,738,0,2.31,35.26,0.0,0.0,15296,Nacoes Shopping,NS
2026-06-01 00:00:00,FEMALE,6.55,0.04,1112,0,2.64,44.87,0.0,0.0,16981,Nacoes Shopping,NS
2026-06-02 00:00:00,NONE,6.19,0.05,13,0,3.05,0.64,0.0,0.0,210,Nacoes Shopping,NS
2026-06-02 00:00:00,MALE,5.45,0.05,727,0,2.64,35.23,0.0,0.0,13350,Nacoes Shopping,NS
2026-06-02 00:00:00,FEMALE,6.77,0.04,1002,0,2.89,42.69,0.0,0.0,14791,Nacoes Shopping,NS
2026-06-03 00:00:00,NONE,5.7,0.04,13,0,2.46,0.56,0.0,0.0,228,Nacoes Shopping,NS
2026-06-03 00:00:00,MALE,6.36,0.04,849,0,2.71,36.2,0.0,0.0,13346,Nacoes Shopping,NS
2026-06-03 00:00:00,FEMALE,7.11,0.04,1041,0,2.92,42.8,0.0,0.0,14633,Nacoes Shopping,NS
2026-06-04 00:00:00,NONE,5.21,0.04,10,0,2.29,0.44,0.0,0.0,192,Nacoes Shopping,NS
2026-06-04 00:00:00,MALE,6.54,0.04,917,0,2.59,36.27,0.0,0.0,14021,Nacoes Shopping,NS
2026-06-04 00:00:00,FEMALE,7.83,0.04,1232,0,2.74,43.16,0.0,0.0,15732,Nacoes Shopping,NS
2026-06-05 00:00:00,NONE,8.37,0.04,17,0,3.15,0.64,0.0,0.0,203,Nacoes Shopping,NS
2026-06-05 00:00:00,MALE,4.96,0.05,705,0,2.27,32.35,0.0,0.0,14221,Nacoes Shopping,NS
2026-06-05 00:00:00,FEMALE,6.65,0.04,1005,0,2.54,38.39,0.0,0.0,15110,Nacoes Shopping,NS
2026-06-06 00:00:00,NONE,11.38,0.03,19,0,3.41,0.57,0.0,0.0,167,Nacoes Shopping,NS
2026-06-06 00:00:00,MALE,4.76,0.05,650,0,2.32,31.73,0.0,0.0,13654,Nacoes Shopping,NS
2026-06-06 00:00:00,FEMALE,7.13,0.04,1007,0,2.71,38.32,0.0,0.0,14123,Nacoes Shopping,NS
2026-06-07 00:00:00,NONE,11.48,0.03,24,0,2.87,0.6,0.0,0.0,209,Nacoes Shopping,NS
2026-06-07 00:00:00,MALE,4.93,0.04,744,0,2.12,32.04,0.0,0.0,15079,Nacoes Shopping,NS
2026-06-07 00:00:00,FEMALE,7.44,0.03,1136,0,2.49,37.96,0.0,0.0,15272,Nacoes Shopping,NS
2026-06-08 00:00:00,NONE,7.1,0.04,11,0,2.77,0.43,0.0,0.0,155,Nacoes Shopping,NS
2026-06-08 00:00:00,MALE,4.18,0.05,584,0,2.21,30.91,0.0,0.0,13983,Nacoes Shopping,NS
2026-06-08 00:00:00,FEMALE,6.77,0.04,955,0,2.58,36.35,0.0,0.0,14101,Nacoes Shopping,NS
2026-06-09 00:00:00,NONE,2.7,0.04,5,0,1.14,0.21,0.0,0.0,185,Nacoes Shopping,NS
2026-06-09 00:00:00,MALE,4.1,0.05,543,0,2.24,29.64,0.0,0.0,13246,Nacoes Shopping,NS
2026-06-09 00:00:00,FEMALE,6.48,0.04,870,0,2.71,36.38,0.0,0.0,13431,Nacoes Shopping,NS
2026-06-10 00:00:00,NONE,3.41,0.06,6,0,2.05,0.36,0.0,0.0,176,Nacoes Shopping,NS
2026-06-10 00:00:00,MALE,4.33,0.06,523,0,2.44,29.51,0.0,0.0,12071,Nacoes Shopping,NS
2026-06-10 00:00:00,FEMALE,6.01,0.05,754,0,2.83,35.49,0.0,0.0,12543,Nacoes Shopping,NS
2026-06-11 00:00:00,NONE,10.94,0.03,14,0,3.67,0.47,0.0,0.0,128,Nacoes Shopping,NS
2026-06-11 00:00:00,MALE,3.57,0.07,424,0,2.33,27.61,0.0,0.0,11870,Nacoes Shopping,NS
2026-06-11 00:00:00,FEMALE,6.45,0.04,825,0,2.64,33.84,0.0,0.0,12798,Nacoes Shopping,NS
2026-06-12 00:00:00,NONE,10.68,0.03,22,0,2.91,0.6,0.0,0.0,206,Nacoes Shopping,NS
2026-06-12 00:00:00,MALE,3.73,0.06,427,0,2.21,25.29,0.0,0.0,11440,Nacoes Shopping,NS
2026-06-12 00:00:00,FEMALE,6.19,0.04,752,0,2.63,31.95,0.0,0.0,12142,Nacoes Shopping,NS
2026-06-13 00:00:00,NONE,14.21,0.03,28,0,4.47,0.88,0.0,0.0,197,Nacoes Shopping,NS
2026-06-13 00:00:00,MALE,3.41,0.07,341,0,2.23,22.24,0.0,0.0,9993,Nacoes Shopping,NS
2026-06-13 00:00:00,FEMALE,4.71,0.05,492,0,2.44,25.53,0.0,0.0,10448,Nacoes Shopping,NS
2026-06-14 00:00:00,NONE,8.05,0.03,7,0,2.53,0.22,0.0,0.0,87,Nacoes Shopping,NS
2026-06-14 00:00:00,MALE,1.04,0.16,52,0,1.71,8.54,0.0,0.0,4999,Nacoes Shopping,NS
2026-06-14 00:00:00,FEMALE,2.73,0.07,127,0,1.86,8.68,0.0,0.0,4656,Nacoes Shopping,NS
2026-06-15 00:00:00,NONE,0.0,0.0,0,0,1.07,0.03,0.0,0.0,28,Nacoes Shopping,NS
2026-06-15 00:00:00,MALE,0.0,0.0,0,0,1.45,5.45,0.0,0.0,3746,Nacoes Shopping,NS
2026-06-15 00:00:00,FEMALE,0.0,0.0,0,0,1.51,5.44,0.0,0.0,3593,Nacoes Shopping,NS
2026-06-16 00:00:00,NONE,0.0,0.0,0,0,2.5,0.09,0.0,0.0,36,Nacoes Shopping,NS
2026-06-16 00:00:00,MALE,0.0,0.0,0,0,1.73,5.76,0.0,0.0,3333,Nacoes Shopping,NS
2026-06-16 00:00:00,FEMALE,0.0,0.0,0,0,1.7,5.26,0.0,0.0,3088,Nacoes Shopping,NS
2026-06-17 00:00:00,NONE,0.0,0.0,0,0,1.56,0.05,0.0,0.0,32,Nacoes Shopping,NS
2026-06-17 00:00:00,MALE,0.0,0.0,0,0,1.9,5.43,0.0,0.0,2855,Nacoes Shopping,NS
2026-06-17 00:00:00,FEMALE,0.0,0.0,0,0,1.95,4.94,0.0,0.0,2534,Nacoes Shopping,NS
2026-06-18 00:00:00,NONE,0.0,0.0,0,0,1.11,0.03,0.0,0.0,27,Nacoes Shopping,NS
2026-06-18 00:00:00,MALE,0.0,0.0,0,0,1.93,6.16,0.0,0.0,3195,Nacoes Shopping,NS
2026-06-18 00:00:00,FEMALE,0.0,0.0,0,0,1.88,5.19,0.0,0.0,2754,Nacoes Shopping,NS
2026-06-19 00:00:00,NONE,0.0,0.0,0,0,2.5,0.03,0.0,0.0,12,Nacoes Shopping,NS
2026-06-19 00:00:00,MALE,0.0,0.0,0,0,2.11,5.57,0.0,0.0,2638,Nacoes Shopping,NS
2026-06-19 00:00:00,FEMALE,0.0,0.0,0,0,2.11,5.04,0.0,0.0,2393,Nacoes Shopping,NS
2026-06-20 00:00:00,NONE,0.0,0.0,0,0,1.3,0.03,0.0,0.0,23,Nacoes Shopping,NS
2026-06-20 00:00:00,MALE,0.0,0.0,0,0,1.77,5.19,0.0,0.0,2932,Nacoes Shopping,NS
2026-06-20 00:00:00,FEMALE,0.0,0.0,0,0,1.81,4.87,0.0,0.0,2685,Nacoes Shopping,NS
2026-06-21 00:00:00,NONE,0.0,0.0,0,0,2.5,0.04,0.0,0.0,16,Nacoes Shopping,NS
2026-06-21 00:00:00,MALE,0.0,0.0,0,0,1.6,4.51,0.0,0.0,2815,Nacoes Shopping,NS
2026-06-21 00:00:00,FEMALE,0.0,0.0,0,0,1.68,4.76,0.0,0.0,2832,Nacoes Shopping,NS
2026-06-22 00:00:00,NONE,0.0,0.0,0,0,3.08,0.08,0.0,0.0,26,Nacoes Shopping,NS
2026-06-22 00:00:00,MALE,0.0,0.0,0,0,1.7,4.51,0.0,0.0,2658,Nacoes Shopping,NS
2026-06-22 00:00:00,FEMALE,0.0,0.0,0,0,1.75,4.26,0.0,0.0,2434,Nacoes Shopping,NS
2026-06-23 00:00:00,NONE,0.0,0.0,0,0,2.59,0.07,0.0,0.0,27,Nacoes Shopping,NS
2026-06-23 00:00:00,MALE,0.0,0.0,0,0,1.91,4.97,0.0,0.0,2605,Nacoes Shopping,NS
2026-06-23 00:00:00,FEMALE,0.0,0.0,0,0,1.86,4.02,0.0,0.0,2167,Nacoes Shopping,NS
2026-06-24 00:00:00,NONE,0.0,0.0,0,0,2.5,0.05,0.0,0.0,20,Nacoes Shopping,NS
2026-06-24 00:00:00,MALE,0.0,0.0,0,0,2.2,4.8,0.0,0.0,2185,Nacoes Shopping,NS
2026-06-24 00:00:00,FEMALE,0.0,0.0,0,0,2.16,3.85,0.0,0.0,1784,Nacoes Shopping,NS
2026-06-25 00:00:00,NONE,0.0,0.0,0,0,1.76,0.03,0.0,0.0,17,Nacoes Shopping,NS
2026-06-25 00:00:00,MALE,0.0,0.0,0,0,2.13,4.97,0.0,0.0,2335,Nacoes Shopping,NS
2026-06-25 00:00:00,FEMALE,0.0,0.0,0,0,1.94,3.64,0.0,0.0,1879,Nacoes Shopping,NS
2026-06-26 00:00:00,NONE,0.0,0.0,0,0,1.0,0.01,0.0,0.0,10,Nacoes Shopping,NS
2026-06-26 00:00:00,MALE,0.0,0.0,0,0,2.02,3.81,0.0,0.0,1883,Nacoes Shopping,NS
2026-06-26 00:00:00,FEMALE,0.0,0.0,0,0,2.22,3.62,0.0,0.0,1631,Nacoes Shopping,NS
2026-06-27 00:00:00,NONE,0.0,0.0,0,0,2.5,0.05,0.0,0.0,20,Nacoes Shopping,NS
2026-06-27 00:00:00,MALE,0.0,0.0,0,0,1.9,3.29,0.0,0.0,1730,Nacoes Shopping,NS
2026-06-27 00:00:00,FEMALE,0.0,0.0,0,0,2.03,2.91,0.0,0.0,1433,Nacoes Shopping,NS
2026-06-28 00:00:00,NONE,0.0,0.0,0,0,5.0,0.03,0.0,0.0,6,Nacoes Shopping,NS
2026-06-28 00:00:00,MALE,0.0,0.0,0,0,1.68,2.67,0.0,0.0,1586,Nacoes Shopping,NS
2026-06-28 00:00:00,FEMALE,0.0,0.0,0,0,1.51,2.08,0.0,0.0,1375,Nacoes Shopping,NS
2026-06-29 00:00:00,NONE,0.0,0.0,0,0,3.33,0.02,0.0,0.0,6,Nacoes Shopping,NS
2026-06-29 00:00:00,MALE,0.0,0.0,0,0,2.07,2.0,0.0,0.0,967,Nacoes Shopping,NS
2026-06-29 00:00:00,FEMALE,0.0,0.0,0,0,1.99,1.6,0.0,0.0,803,Nacoes Shopping,NS
2026-06-30 00:00:00,NONE,0.0,0.0,0,0,0.0,0.0,0.0,0.0,1,Nacoes Shopping,NS
2026-06-30 00:00:00,MALE,0.0,0.0,0,0,2.55,0.13,0.0,0.0,51,Nacoes Shopping,NS
2026-06-30 00:00:00,FEMALE,0.0,0.0,0,0,2.57,0.09,0.0,0.0,35,Nacoes Shopping,NS
2026-07-01 00:00:00,NONE,0.0,0.0,0,0,1.78,0.19,0.0,0.0,107,Nacoes Shopping,NS
2026-07-01 00:00:00,MALE,0.0,0.0,0,0,2.09,45.98,0.0,0.0,21953,Nacoes Shopping,NS
2026-07-01 00:00:00,FEMALE,0.0,0.0,0,0,1.55,33.29,0.0,0.0,21473,Nacoes Shopping,NS
2026-07-02 00:00:00,NONE,0.0,0.0,0,0,3.5,0.84,0.0,0.0,240,Nacoes Shopping,NS
2026-07-02 00:00:00,MALE,0.0,0.0,0,0,3.0,96.72,0.0,0.0,32220,Nacoes Shopping,NS
2026-07-02 00:00:00,FEMALE,0.0,0.0,0,0,2.55,76.52,0.0,0.0,30052,Nacoes Shopping,NS
2026-07-03 00:00:00,NONE,0.0,0.0,0,0,2.96,0.72,0.0,0.0,243,Nacoes Shopping,NS
2026-07-03 00:00:00,MALE,0.0,0.0,0,0,3.12,84.88,0.0,0.0,27242,Nacoes Shopping,NS
2026-07-03 00:00:00,FEMALE,0.0,0.0,0,0,2.95,79.29,0.0,0.0,26860,Nacoes Shopping,NS
2026-07-04 00:00:00,NONE,0.0,0.0,0,0,3.17,0.86,0.0,0.0,271,Nacoes Shopping,NS
2026-07-04 00:00:00,MALE,0.0,0.0,0,0,3.23,79.65,0.0,0.0,24694,Nacoes Shopping,NS
2026-07-04 00:00:00,FEMALE,0.0,0.0,0,0,3.51,83.02,0.0,0.0,23635,Nacoes Shopping,NS
2026-07-05 00:00:00,NONE,0.0,0.0,0,0,2.5,0.3,0.0,0.0,120,Nacoes Shopping,NS
2026-07-05 00:00:00,MALE,0.0,0.0,0,0,4.41,45.8,0.0,0.0,10375,Nacoes Shopping,NS
2026-07-05 00:00:00,FEMALE,0.0,0.0,0,0,3.98,36.08,0.0,0.0,9073,Nacoes Shopping,NS
2026-07-06 00:00:00,NONE,0.0,0.0,0,0,6.39,0.23,0.0,0.0,36,Nacoes Shopping,NS
2026-07-06 00:00:00,MALE,0.0,0.0,0,0,10.32,21.34,0.0,0.0,2067,Nacoes Shopping,NS
2026-07-06 00:00:00,FEMALE,0.0,0.0,0,0,7.93,10.81,0.0,0.0,1364,Nacoes Shopping,NS
2026-07-07 00:00:00,NONE,0.0,0.0,0,0,4.29,0.06,0.0,0.0,14,Nacoes Shopping,NS
2026-07-07 00:00:00,MALE,0.0,0.0,0,0,13.13,10.44,0.0,0.0,795,Nacoes Shopping,NS
2026-07-07 00:00:00,FEMALE,0.0,0.0,0,0,10.53,5.81,0.0,0.0,552,Nacoes Shopping,NS
2026-07-08 00:00:00,NONE,0.0,0.0,0,0,0.0,0.0,0.0,0.0,0,Nacoes Shopping,NS
2026-07-08 00:00:00,MALE,0.0,0.0,0,0,0.0,0.0,0.0,0.0,0,Nacoes Shopping,NS
2026-07-09 00:00:00,NONE,0.0,0.0,0,0,0.0,0.0,0.0,0.0,0,Nacoes Shopping,NS
2026-07-09 00:00:00,MALE,0.0,0.0,0,0,0.0,0.0,0.0,0.0,0,Nacoes Shopping,NS
2026-07-10 00:00:00,NONE,0.0,0.0,0,0,0.0,0.0,0.0,0.0,0,Nacoes Shopping,NS
2026-07-11 00:00:00,NONE,0.0,0.0,0,0,0.0,0.0,0.0,0.0,0,Nacoes Shopping,NS
2026-07-12 00:00:00,NONE,0.0,0.0,0,0,0.0,0.0,0.0,0.0,0,Nacoes Shopping,NS
2026-07-13 00:00:00,NONE,0.0,0.0,0,0,0.0,0.0,0.0,0.0,0,Nacoes Shopping,NS
2026-07-19 00:00:00,NONE,0.0,0.0,0,0,0.0,0.0,0.0,0.0,0,Nacoes Shopping,NS
2026-07-25 00:00:00,NONE,0.0,0.0,0,0,0.0,0.0,0.0,0.0,0,Nacoes Shopping,NS
2026-08-04 00:00:00,NONE,0.0,0.0,0,0,0.0,0.0,0.0,0.0,1,Nacoes Shopping,NS
2026-08-04 00:00:00,MALE,0.0,0.0,0,0,0.94,0.13,0.0,0.0,139,Nacoes Shopping,NS
2026-08-04 00:00:00,FEMALE,0.0,0.0,0,0,0.89,0.11,0.0,0.0,124,Nacoes Shopping,NS
2026-08-05 00:00:00,NONE,0.0,0.0,0,0,1.5,0.16,0.0,0.0,107,Nacoes Shopping,NS
2026-08-05 00:00:00,MALE,0.19,1.7,28,0,3.25,47.52,0.0,0.0,14610,Nacoes Shopping,NS
2026-08-05 00:00:00,FEMALE,0.16,1.12,20,0,1.79,22.43,0.0,0.0,12511,Nacoes Shopping,NS
2026-08-06 00:00:00,NONE,0.0,0.0,0,0,1.61,0.18,0.0,0.0,112,Nacoes Shopping,NS
2026-08-06 00:00:00,MALE,0.13,1.44,17,0,1.81,24.4,0.0,0.0,13514,Nacoes Shopping,NS
2026-08-06 00:00:00,FEMALE,0.19,1.03,21,0,1.94,21.68,0.0,0.0,11156,Nacoes Shopping,NS
2026-08-07 00:00:00,NONE,0.81,0.16,1,0,1.3,0.16,0.0,0.0,123,Nacoes Shopping,NS
2026-08-07 00:00:00,MALE,0.2,1.05,25,0,2.08,26.2,0.0,0.0,12604,Nacoes Shopping,NS
2026-08-07 00:00:00,FEMALE,0.14,1.69,15,0,2.36,25.33,0.0,0.0,10719,Nacoes Shopping,NS
2026-08-08 00:00:00,NONE,0.0,0.0,0,0,1.7,0.19,0.0,0.0,112,Nacoes Shopping,NS
2026-08-08 00:00:00,MALE,0.2,1.17,24,0,2.31,28.14,0.0,0.0,12187,Nacoes Shopping,NS
2026-08-08 00:00:00,FEMALE,0.32,1.11,33,0,3.49,36.54,0.0,0.0,10470,Nacoes Shopping,NS
2026-08-09 00:00:00,NONE,0.0,0.0,0,0,1.79,0.21,0.0,0.0,117,Nacoes Shopping,NS
2026-08-09 00:00:00,MALE,0.25,0.97,31,0,2.44,30.14,0.0,0.0,12343,Nacoes Shopping,NS
2026-08-09 00:00:00,FEMALE,0.3,1.02,32,0,3.02,32.69,0.0,0.0,10817,Nacoes Shopping,NS
2026-08-10 00:00:00,NONE,0.81,0.3,1,0,2.44,0.3,0.0,0.0,123,Nacoes Shopping,NS
2026-08-10 00:00:00,MALE,0.29,1.0,35,0,2.95,35.15,0.0,0.0,11916,Nacoes Shopping,NS
2026-08-10 00:00:00,FEMALE,0.21,1.48,20,0,3.05,29.53,0.0,0.0,9669,Nacoes Shopping,NS
2026-08-11 00:00:00,NONE,0.0,0.0,0,0,1.83,0.24,0.0,0.0,131,Nacoes Shopping,NS
2026-08-11 00:00:00,MALE,0.27,0.8,31,0,2.16,24.86,0.0,0.0,11489,Nacoes Shopping,NS
2026-08-11 00:00:00,FEMALE,0.22,1.07,21,0,2.38,22.45,0.0,0.0,9420,Nacoes Shopping,NS
2026-08-12 00:00:00,NONE,0.0,0.0,0,0,2.12,0.28,0.0,0.0,132,Nacoes Shopping,NS
2026-08-12 00:00:00,MALE,0.36,0.77,40,0,2.74,30.62,0.0,0.0,11171,Nacoes Shopping,NS
2026-08-12 00:00:00,FEMALE,0.26,0.85,24,0,2.22,20.41,0.0,0.0,9204,Nacoes Shopping,NS
2026-08-13 00:00:00,NONE,0.0,0.0,0,0,2.24,0.26,0.0,0.0,116,Nacoes Shopping,NS
2026-08-13 00:00:00,MALE,0.26,0.71,28,0,1.84,19.93,0.0,0.0,10861,Nacoes Shopping,NS
2026-08-13 00:00:00,FEMALE,0.17,2.87,16,0,4.96,45.99,0.0,0.0,9275,Nacoes Shopping,NS
2026-08-14 00:00:00,NONE,0.0,0.0,0,0,2.05,0.26,0.0,0.0,127,Nacoes Shopping,NS
2026-08-14 00:00:00,MALE,0.26,1.16,27,0,3.01,31.21,0.0,0.0,10380,Nacoes Shopping,NS
2026-08-14 00:00:00,FEMALE,0.29,0.75,25,0,2.13,18.64,0.0,0.0,8745,Nacoes Shopping,NS
2026-08-15 00:00:00,NONE,1.57,0.14,2,0,2.13,0.27,0.0,0.0,127,Nacoes Shopping,NS
2026-08-15 00:00:00,MALE,0.19,1.06,22,0,2.03,23.29,0.0,0.0,11455,Nacoes Shopping,NS
2026-08-15 00:00:00,FEMALE,0.24,2.6,24,0,6.19,62.39,0.0,0.0,10079,Nacoes Shopping,NS
2026-08-16 00:00:00,NONE,0.0,0.0,0,0,1.63,0.14,0.0,0.0,86,Nacoes Shopping,NS
2026-08-16 00:00:00,MALE,0.27,1.55,15,0,4.17,23.25,0.0,0.0,5576,Nacoes Shopping,NS
2026-08-16 00:00:00,FEMALE,0.19,2.19,10,0,4.16,21.87,0.0,0.0,5258,Nacoes Shopping,NS
2026-08-17 00:00:00,NONE,0.0,0.0,0,0,0.0,0.0,0.0,0.0,2,Nacoes Shopping,NS
2026-08-17 00:00:00,MALE,0.84,14.45,2,0,120.92,28.9,0.0,0.0,239,Nacoes Shopping,NS
2026-08-17 00:00:00,FEMALE,0.96,12.4,3,0,118.88,37.21,0.0,0.0,313,Nacoes Shopping,NS
2026-08-18 00:00:00,NONE,0.0,0.0,0,0,0.0,0.0,0.0,0.0,0,Nacoes Shopping,NS
2026-08-18 00:00:00,MALE,0.83,3.36,1,0,27.77,3.36,0.0,0.0,121,Nacoes Shopping,NS
2026-08-18 00:00:00,FEMALE,3.85,4.12,5,0,158.38,20.59,0.0,0.0,130,Nacoes Shopping,NS
2026-08-19 00:00:00,NONE,0.0,0.0,0,0,0.0,0.0,0.0,0.0,0,Nacoes Shopping,NS
2026-08-20 00:00:00,NONE,0.0,0.0,0,0,0.0,0.0,0.0,0.0,0,Nacoes Shopping,NS
2026-08-21 00:00:00,NONE,0.0,0.0,0,0,0.0,0.0,0.0,0.0,0,Nacoes Shopping,NS
2026-08-22 00:00:00,NONE,0.0,0.0,0,0,0.0,0.0,0.0,0.0,0,Nacoes Shopping,NS
2026-08-23 00:00:00,NONE,0.0,0.0,0,0,0.0,0.0,0.0,0.0,0,Nacoes Shopping,NS
2026-08-23 00:00:00,FEMALE,0.0,0.0,0,0,0.0,0.0,0.0,0.0,0,Nacoes Shopping,NS
2026-08-24 00:00:00,NONE,0.0,0.0,0,0,0.0,0.0,0.0,0.0,0,Nacoes Shopping,NS
2026-08-26 00:00:00,NONE,0.0,0.0,0,0,0.0,0.0,0.0,0.0,0,Nacoes Shopping,NS
2026-08-27 00:00:00,NONE,0.0,0.0,0,0,0.0,0.0,0.0,0.0,0,Nacoes Shopping,NS
2026-08-28 00:00:00,NONE,0.0,0.0,0,0,0.0,0.0,0.0,0.0,0,Nacoes Shopping,NS
2026-08-29 00:00:00,NONE,0.0,0.0,0,0,0.0,0.0,0.0,0.0,0,Nacoes Shopping,NS
2026-08-31 00:00:00,NONE,0.0,0.0,0,0,0.0,0.0,0.0,0.0,0,Nacoes Shopping,NS
2026-09-29 00:00:00,FEMALE,0.0,0.0,0,0,0.0,0.0,0.0,0.0,0,Nacoes Shopping,NS
2026-10-01 00:00:00,NONE,0.0,0.0,0,0,2.4,0.06,0.0,0.0,25,Nacoes Shopping,NS
2026-10-01 00:00:00,MALE,0.0,0.0,0,0,1.37,13.71,0.0,0.0,9998,Nacoes Shopping,NS
2026-10-01 00:00:00,FEMALE,0.0,0.0,0,0,1.44,10.92,0.0,0.0,7572,Nacoes Shopping,NS
2026-10-02 00:00:00,NONE,0.0,0.0,0,0,0.91,0.05,0.0,0.0,55,Nacoes Shopping,NS
2026-10-02 00:00:00,MALE,0.0,0.0,0,0,1.61,27.09,0.0,0.0,16855,Nacoes Shopping,NS
2026-10-02 00:00:00,FEMALE,0.0,0.0,0,0,1.69,23.64,0.0,0.0,13964,Nacoes Shopping,NS
2026-10-03 00:00:00,NONE,0.0,0.0,0,0,1.43,0.16,0.0,0.0,112,Nacoes Shopping,NS
2026-10-03 00:00:00,MALE,0.0,0.0,0,0,1.7,27.02,0.0,0.0,15892,Nacoes Shopping,NS
2026-10-03 00:00:00,FEMALE,0.0,0.0,0,0,1.83,25.1,0.0,0.0,13734,Nacoes Shopping,NS
2026-10-04 00:00:00,NONE,0.0,0.0,0,0,1.97,0.26,0.0,0.0,132,Nacoes Shopping,NS
2026-10-04 00:00:00,MALE,0.0,0.0,0,0,1.73,26.7,0.0,0.0,15394,Nacoes Shopping,NS
2026-10-04 00:00:00,FEMALE,0.0,0.0,0,0,1.83,24.65,0.0,0.0,13497,Nacoes Shopping,NS
2026-10-05 00:00:00,NONE,0.0,0.0,0,0,2.07,0.19,0.0,0.0,92,Nacoes Shopping,NS
2026-10-05 00:00:00,MALE,0.0,0.0,0,0,1.89,25.45,0.0,0.0,13442,Nacoes Shopping,NS
2026-10-05 00:00:00,FEMALE,0.0,0.0,0,0,2.01,25.49,0.0,0.0,12652,Nacoes Shopping,NS
2026-10-06 00:00:00,NONE,0.0,0.0,0,0,2.29,0.24,0.0,0.0,105,Nacoes Shopping,NS
2026-10-06 00:00:00,MALE,0.0,0.0,0,0,2.1,26.71,0.0,0.0,12704,Nacoes Shopping,NS
2026-10-06 00:00:00,FEMALE,0.0,0.0,0,0,2.25,23.69,0.0,0.0,10526,Nacoes Shopping,NS
