stat_time_day,ctr,conversion,video_watched_2s,video_watched_6s,comments,engaged_view_15s,clicks_on_music_disc,profile_visits,video_views_p100,conversion_rate,clicks,cost_per_conversion,average_video_play,cpc,impressions,video_views_p25,average_video_play_per_user,video_views_p75,engaged_view,follows,cpm,spend,total_complete_payment_rate,video_play_actions,video_views_p50,shares,likes,shopping,shopping_sigla
2025-10-23 00:00:00,0.0,0,571,106,0,37,0,13,8,0.0,0,0.0,1.14,0.0,8995,86,1.8,13,109,0,2.55,22.95,0.0,8926,24,0,10,Nacoes Shopping,NS
2025-10-11 00:00:00,0.0,0,1118,201,0,63,0,31,17,0.0,0,0.0,1.14,0.0,17101,133,2.29,27,202,2,2.03,34.72,0.0,16977,56,0,6,Nacoes Shopping,NS
2025-10-06 00:00:00,0.0,0,1384,239,0,71,0,17,23,0.0,0,0.0,1.56,0.0,17926,143,2.82,32,231,1,2.09,37.39,0.0,17806,60,0,12,Nacoes Shopping,NS
2025-10-01 00:00:00,0.0,0,1646,298,1,112,0,31,22,0.0,0,0.0,1.29,0.0,19121,192,2.5,37,289,2,2.1,40.19,0.0,18930,78,0,17,Nacoes Shopping,NS
2025-10-16 00:00:00,0.0,0,1024,189,0,63,0,23,15,0.0,0,0.0,1.21,0.0,13915,123,2.07,24,187,0,2.38,33.14,0.0,13816,41,1,8,Nacoes Shopping,NS
2025-10-26 00:00:00,0.0,0,45,6,0,1,0,2,1,0.0,0,0.0,0.98,0.0,825,6,1.1,1,6,0,1.98,1.63,0.0,824,3,0,0,Nacoes Shopping,NS
2025-10-21 00:00:00,0.0,0,766,110,0,31,0,12,10,0.0,0,0.0,1.09,0.0,11039,85,1.82,14,111,1,2.46,27.18,0.0,10966,27,0,7,Nacoes Shopping,NS
2025-10-08 00:00:00,0.0,0,1281,215,1,69,0,25,19,0.0,0,0.0,1.22,0.0,15995,137,2.11,31,215,3,2.33,37.29,0.0,15824,56,0,8,Nacoes Shopping,NS
2025-10-03 00:00:00,0.0,0,1527,264,0,79,0,20,16,0.0,0,0.0,1.22,0.0,19340,165,2.13,33,260,1,2.11,40.83,0.0,19177,60,0,15,Nacoes Shopping,NS
2025-09-28 00:00:00,0.0,0,1159,191,1,65,0,14,17,0.0,0,0.0,1.17,0.0,18281,120,2.8,29,190,0,2.34,42.78,0.0,18174,42,1,9,Nacoes Shopping,NS
2025-10-18 00:00:00,0.0,0,799,159,0,49,0,17,15,0.0,0,0.0,1.66,0.0,14516,105,3.28,21,154,3,2.13,30.94,0.0,14430,41,0,9,Nacoes Shopping,NS
2025-10-13 00:00:00,0.0,0,1129,221,1,77,0,20,21,0.0,0,0.0,1.19,0.0,16174,139,2.18,32,214,0,2.1,33.98,0.0,16070,49,0,13,Nacoes Shopping,NS
2025-10-19 00:00:00,0.0,0,875,169,0,62,0,16,14,0.0,0,0.0,1.14,0.0,13797,119,2.14,26,170,2,2.13,29.35,0.0,13707,46,0,10,Nacoes Shopping,NS
2025-10-14 00:00:00,0.0,0,1107,214,0,76,0,26,23,0.0,0,0.0,1.21,0.0,15236,129,2.17,35,212,1,2.23,33.94,0.0,15119,53,0,10,Nacoes Shopping,NS
2025-10-09 00:00:00,0.0,0,1254,253,0,86,0,31,20,0.0,0,0.0,1.36,0.0,15966,167,2.36,41,250,2,2.3,36.76,0.0,15832,70,0,3,Nacoes Shopping,NS
2025-10-04 00:00:00,0.0,0,1389,252,0,78,0,36,19,0.0,0,0.0,1.18,0.0,19342,149,2.32,33,251,0,1.99,38.47,0.0,19208,63,0,6,Nacoes Shopping,NS
2025-09-29 00:00:00,0.0,0,1203,199,0,71,0,15,15,0.0,0,0.0,1.2,0.0,17102,130,2.51,30,195,1,2.49,42.54,0.0,16986,59,0,9,Nacoes Shopping,NS
2025-10-24 00:00:00,0.0,0,402,64,0,21,0,3,9,0.0,0,0.0,1.11,0.0,5910,68,1.47,14,68,0,2.36,13.93,0.0,5868,28,0,5,Nacoes Shopping,NS
2025-10-17 00:00:00,0.0,0,964,178,0,60,0,12,15,0.0,0,0.0,1.18,0.0,14644,126,2.06,22,179,0,2.29,33.59,0.0,14542,48,0,6,Nacoes Shopping,NS
2025-10-12 00:00:00,0.0,0,1172,204,0,54,0,26,16,0.0,0,0.0,1.14,0.0,17636,128,2.21,32,201,1,1.98,34.86,0.0,17533,47,0,6,Nacoes Shopping,NS
2025-10-07 00:00:00,0.0,0,1399,224,0,69,0,23,15,0.0,0,0.0,1.26,0.0,17068,142,2.19,28,222,2,2.23,38.01,0.0,16926,56,0,6,Nacoes Shopping,NS
2025-10-02 00:00:00,0.0,0,1612,284,1,96,0,21,29,0.0,0,0.0,1.33,0.0,18686,199,2.46,47,284,0,2.18,40.75,0.0,18515,87,0,13,Nacoes Shopping,NS
2025-10-22 00:00:00,0.0,0,617,105,0,38,0,17,12,0.0,0,0.0,1.14,0.0,9722,81,1.83,18,102,0,2.6,25.24,0.0,9635,36,1,3,Nacoes Shopping,NS
2025-09-27 00:00:00,0.0,0,1073,196,0,52,0,23,13,0.0,0,0.0,1.13,0.0,17467,125,3.06,26,191,0,2.42,42.29,0.0,17373,51,0,2,Nacoes Shopping,NS
2025-10-25 00:00:00,0.0,0,250,32,0,5,0,8,2,0.0,0,0.0,1.01,0.0,4005,38,1.25,3,31,0,2.21,8.84,0.0,3989,14,0,0,Nacoes Shopping,NS
2025-10-05 00:00:00,0.0,0,1365,234,0,67,0,34,21,0.0,0,0.0,1.19,0.0,19237,159,2.28,34,227,0,1.95,37.51,0.0,19115,61,0,6,Nacoes Shopping,NS
2025-09-30 00:00:00,0.0,0,1240,229,0,59,0,8,13,0.0,0,0.0,1.21,0.0,16584,139,2.39,25,222,0,2.51,41.56,0.0,16456,60,0,9,Nacoes Shopping,NS
2025-10-20 00:00:00,0.0,0,816,145,0,48,0,18,11,0.0,0,0.0,1.11,0.0,12737,95,2.0,20,143,1,2.24,28.54,0.0,12647,39,0,7,Nacoes Shopping,NS
2025-10-15 00:00:00,0.0,0,1043,201,0,60,0,19,13,0.0,0,0.0,1.23,0.0,13922,116,2.17,31,194,0,2.35,32.7,0.0,13811,60,0,7,Nacoes Shopping,NS
2025-10-10 00:00:00,0.0,0,1201,232,0,73,0,29,19,0.0,0,0.0,1.19,0.0,17566,155,2.11,34,233,3,2.14,37.58,0.0,17441,57,0,16,Nacoes Shopping,NS
2025-11-22 00:00:00,5.73,0,2524,1705,0,1638,0,9,1146,0.0,843,0.0,2.76,0.08,14718,2376,3.46,1435,2227,1,4.38,64.4,0.0,12261,1786,0,4,Nacoes Shopping,NS
2025-11-17 00:00:00,6.45,0,3184,2408,0,2518,0,14,1874,0.0,1037,0.0,3.5,0.07,16071,3067,4.51,2205,3126,0,4.81,77.23,0.0,14098,2401,0,5,Nacoes Shopping,NS
2025-11-12 00:00:00,4.98,0,3102,2250,0,2359,0,24,1766,0.0,937,0.0,2.76,0.09,18801,2979,3.72,2023,2905,2,4.27,80.31,0.0,16281,2210,1,3,Nacoes Shopping,NS
2025-11-07 00:00:00,0.04,0,4570,1657,3,481,0,45,202,0.0,8,0.0,2.27,7.49,20477,1581,3.5,420,1496,13,2.93,59.9,0.0,20307,656,0,68,Nacoes Shopping,NS
2025-11-02 00:00:00,0.08,0,7458,2979,1,851,0,58,404,0.0,21,0.0,2.48,3.28,27761,3016,3.77,794,2733,13,2.48,68.81,0.0,27603,1274,2,97,Nacoes Shopping,NS
2025-11-05 00:00:00,0.06,0,6410,2502,4,716,0,56,296,0.0,16,0.0,2.4,4.24,25235,2468,3.39,625,2287,12,2.69,67.83,0.0,24994,994,2,125,Nacoes Shopping,NS
2025-10-31 00:00:00,0.04,0,6432,2748,4,774,0,87,330,0.0,9,0.0,2.46,8.63,25618,2598,4.13,690,2521,20,3.03,77.64,0.0,25445,1079,2,132,Nacoes Shopping,NS
2025-11-25 00:00:00,2.7,0,3299,2130,0,1963,0,19,1473,0.0,790,0.0,2.0,0.13,29275,2814,3.09,1672,2737,3,3.59,105.0,0.0,27706,2146,0,18,Nacoes Shopping,NS
2025-11-20 00:00:00,5.68,0,2908,2137,0,2117,0,24,1561,0.0,870,0.0,3.08,0.09,15321,2816,3.95,1785,2780,0,4.86,74.49,0.0,14145,2143,0,4,Nacoes Shopping,NS
2025-11-15 00:00:00,4.47,0,2646,1801,0,1799,0,29,1340,0.0,756,0.0,2.64,0.1,16921,2509,3.27,1699,2336,1,4.55,77.07,0.0,14899,1880,0,4,Nacoes Shopping,NS
2025-11-10 00:00:00,0.06,0,2082,472,1,195,0,27,80,0.0,9,0.0,1.73,4.61,14680,358,2.39,121,463,6,2.83,41.48,0.0,14523,194,0,33,Nacoes Shopping,NS
2025-11-23 00:00:00,5.49,0,3409,2562,0,2082,0,6,1543,0.0,900,0.0,3.17,0.07,16389,3264,4.1,2126,3142,1,4.0,65.58,0.0,13391,2637,1,6,Nacoes Shopping,NS
2025-11-18 00:00:00,4.13,0,2111,1440,0,1534,0,27,1167,0.0,624,0.0,2.51,0.12,15100,1949,3.02,1338,1849,0,4.9,73.93,0.0,14121,1468,0,9,Nacoes Shopping,NS
2025-11-13 00:00:00,6.69,0,4121,3178,0,3142,0,13,2367,0.0,1227,0.0,3.55,0.07,18344,3995,4.78,2866,4048,0,4.78,87.77,0.0,16498,3130,1,7,Nacoes Shopping,NS
2025-11-08 00:00:00,0.08,0,3131,879,1,284,0,27,115,0.0,15,0.0,1.93,3.08,17885,769,2.9,220,803,4,2.58,46.16,0.0,17737,344,0,38,Nacoes Shopping,NS
2025-11-03 00:00:00,0.03,0,7031,2804,1,831,0,55,363,0.0,7,0.0,2.71,9.65,25771,2824,3.89,744,2583,15,2.62,67.53,0.0,25540,1184,0,101,Nacoes Shopping,NS
2025-11-21 00:00:00,5.52,0,2634,1823,0,1672,0,11,1181,0.0,829,0.0,2.74,0.08,15006,2497,3.38,1502,2353,1,4.38,65.77,0.0,12685,1878,0,6,Nacoes Shopping,NS
2025-10-27 00:00:00,0.0,0,0,0,0,0,0,0,0,0.0,0,0.0,0.0,0.0,0,0,0.0,0,0,0,0.0,0.0,0.0,0,0,0,0,Nacoes Shopping,NS
2025-11-16 00:00:00,6.28,0,2877,2009,0,2234,0,19,1557,0.0,1058,0.0,3.03,0.08,16845,2773,3.84,1875,2776,1,4.8,80.79,0.0,14288,2056,0,7,Nacoes Shopping,NS
2025-11-11 00:00:00,4.41,0,3850,2551,2,2337,0,28,1821,0.0,875,0.0,2.97,0.1,19862,3187,3.74,2234,3056,3,4.34,86.18,0.0,16139,2500,0,9,Nacoes Shopping,NS
2025-11-06 00:00:00,0.05,0,5376,2074,4,598,0,44,275,0.0,11,0.0,2.34,5.93,22915,2065,3.43,553,1883,11,2.85,65.24,0.0,22720,854,0,73,Nacoes Shopping,NS
2025-11-01 00:00:00,0.05,0,7341,3176,2,856,0,72,379,0.0,15,0.0,2.46,4.95,28983,3007,3.96,758,2936,6,2.56,74.28,0.0,28781,1227,1,130,Nacoes Shopping,NS
2025-11-24 00:00:00,6.56,0,2481,1856,0,1909,0,8,1374,0.0,850,0.0,3.06,0.07,12954,2376,3.88,1584,2431,0,4.81,62.32,0.0,11277,1866,0,1,Nacoes Shopping,NS
2025-11-19 00:00:00,6.11,0,2720,1984,0,2198,0,28,1622,0.0,886,0.0,3.19,0.09,14499,2623,4.12,1798,2649,1,5.33,77.25,0.0,13729,1943,0,7,Nacoes Shopping,NS
2025-11-14 00:00:00,7.87,0,3378,2366,0,2619,0,15,1845,0.0,1334,0.0,3.29,0.07,16957,3169,4.17,2137,3206,0,5.33,90.39,0.0,14956,2409,0,2,Nacoes Shopping,NS
2025-11-09 00:00:00,0.03,0,2066,448,0,169,0,21,68,0.0,5,0.0,1.58,8.04,15071,319,2.3,106,429,7,2.67,40.19,0.0,14976,158,0,21,Nacoes Shopping,NS
2025-11-04 00:00:00,0.04,0,7642,3040,2,839,0,85,350,0.0,10,0.0,2.79,6.93,26857,2933,4.0,739,2749,10,2.58,69.31,0.0,26545,1159,1,142,Nacoes Shopping,NS
2025-10-30 00:00:00,0.04,0,3585,1494,0,437,0,25,221,0.0,5,0.0,2.6,7.8,13255,1545,4.42,444,1371,8,2.94,38.98,0.0,13183,689,0,40,Nacoes Shopping,NS
2025-12-22 00:00:00,3.62,0,3313,2260,0,1511,0,144,410,0.0,976,0.0,3.48,0.08,26926,1957,2.89,544,2940,7,3.04,81.74,0.0,12780,852,2,19,Nacoes Shopping,NS
2025-12-17 00:00:00,2.98,0,2955,2009,2,1204,0,240,255,0.0,839,0.0,3.6,0.1,28140,1555,2.55,391,2495,5,2.97,83.48,0.0,10883,663,2,26,Nacoes Shopping,NS
2025-12-12 00:00:00,4.34,0,3563,1837,0,1414,0,94,349,0.0,1258,0.0,2.03,0.08,29014,1664,3.1,472,2541,4,3.51,101.73,0.0,24425,748,0,21,Nacoes Shopping,NS
2025-12-07 00:00:00,3.22,0,3435,2262,0,1363,0,180,315,0.0,848,0.0,3.82,0.11,26315,1978,2.76,488,2787,4,3.58,94.33,0.0,11338,806,0,36,Nacoes Shopping,NS
2025-12-02 00:00:00,5.28,0,2391,1746,0,1342,0,21,437,0.0,1040,0.0,2.3,0.07,19715,1848,3.09,582,2368,0,3.69,72.75,0.0,17328,889,1,6,Nacoes Shopping,NS
2025-11-27 00:00:00,1.99,0,3365,1755,0,1168,0,28,463,0.0,696,0.0,1.64,0.19,34901,1694,2.79,573,2196,4,3.78,131.9,0.0,33414,810,0,18,Nacoes Shopping,NS
2025-12-05 00:00:00,3.25,0,3328,2301,0,1385,0,170,374,0.0,905,0.0,3.7,0.1,27808,1901,2.67,516,2856,6,3.29,91.44,0.0,11976,792,2,30,Nacoes Shopping,NS
2025-12-25 00:00:00,3.47,0,3367,2202,0,1443,0,148,370,0.0,1062,0.0,3.14,0.07,30600,1845,2.64,478,2846,7,2.58,78.99,0.0,14126,798,0,23,Nacoes Shopping,NS
2025-12-20 00:00:00,3.42,0,2944,2090,0,1293,0,137,258,0.0,858,0.0,3.47,0.1,25104,1875,2.92,356,2719,4,3.29,82.64,0.0,11748,647,1,17,Nacoes Shopping,NS
2025-12-15 00:00:00,3.17,0,3706,1922,0,1223,0,222,237,0.0,964,0.0,2.12,0.09,30421,1684,2.84,356,2497,3,2.89,88.06,0.0,24643,614,0,27,Nacoes Shopping,NS
2025-12-10 00:00:00,2.43,0,4125,2219,2,1318,0,191,329,0.0,744,0.0,2.35,0.13,30615,1943,3.11,477,2712,10,3.05,93.45,0.0,24106,780,2,55,Nacoes Shopping,NS
2025-11-30 00:00:00,5.23,0,1658,971,0,960,0,12,209,0.0,1015,0.0,1.47,0.08,19422,990,2.67,263,1591,1,4.1,79.69,0.0,18575,402,0,6,Nacoes Shopping,NS
2025-12-23 00:00:00,3.01,0,2681,1784,1,1196,0,205,269,0.0,779,0.0,3.57,0.11,25875,1541,2.35,386,2316,8,3.16,81.88,0.0,10256,636,0,30,Nacoes Shopping,NS
2025-12-18 00:00:00,3.35,0,2425,1567,1,1062,0,221,176,0.0,838,0.0,2.87,0.1,25010,1377,2.17,263,2128,4,3.2,80.14,0.0,11220,463,0,16,Nacoes Shopping,NS
2025-12-13 00:00:00,3.13,0,3927,2143,0,1428,0,131,350,0.0,937,0.0,2.22,0.1,29979,1881,3.22,482,2770,3,3.09,92.54,0.0,24808,785,2,22,Nacoes Shopping,NS
2025-12-08 00:00:00,3.6,0,4777,3284,0,1883,0,134,533,0.0,1057,0.0,3.48,0.09,29389,2866,3.95,726,4002,7,3.38,99.44,0.0,18819,1131,0,32,Nacoes Shopping,NS
2025-12-03 00:00:00,4.3,0,2474,1782,1,1259,0,21,382,0.0,1024,0.0,1.99,0.07,23820,1908,2.44,514,2381,1,3.2,76.29,0.0,21264,787,0,9,Nacoes Shopping,NS
2025-11-28 00:00:00,2.35,0,2831,1462,0,915,0,22,265,0.0,716,0.0,1.59,0.18,30427,1338,2.59,333,1871,2,4.14,125.88,0.0,29036,551,2,15,Nacoes Shopping,NS
2025-12-11 00:00:00,2.66,0,3693,1868,0,1190,0,155,299,0.0,767,0.0,2.3,0.12,28815,1665,3.17,416,2347,4,3.28,94.49,0.0,23244,710,0,25,Nacoes Shopping,NS
2025-12-21 00:00:00,2.85,0,3131,2084,0,1146,0,218,254,0.0,799,0.0,3.3,0.1,27991,1792,2.58,364,2575,6,2.95,82.57,0.0,12235,647,0,25,Nacoes Shopping,NS
2025-12-16 00:00:00,3.63,0,2848,1530,0,1086,0,231,183,0.0,1030,0.0,1.99,0.08,28378,1319,2.26,277,2106,10,2.99,84.94,0.0,18926,484,0,23,Nacoes Shopping,NS
2025-12-06 00:00:00,3.91,0,3236,2224,3,1410,0,186,413,0.0,1018,0.0,3.85,0.1,26033,1833,2.83,563,2819,12,3.74,97.27,0.0,11006,823,0,24,Nacoes Shopping,NS
2025-12-01 00:00:00,4.94,0,2571,1905,0,1168,0,10,303,0.0,968,0.0,2.18,0.07,19609,1833,3.72,406,2498,0,3.53,69.13,0.0,17569,705,0,2,Nacoes Shopping,NS
2025-11-26 00:00:00,2.27,0,3299,1723,0,1361,0,26,819,0.0,811,0.0,1.58,0.15,35751,2174,2.6,984,2230,1,3.37,120.58,0.0,34188,1401,0,6,Nacoes Shopping,NS
2025-12-04 00:00:00,3.55,0,3679,2567,0,1540,0,159,460,0.0,1037,0.0,2.99,0.09,29208,2353,3.04,622,3189,9,3.12,91.14,0.0,17223,918,2,21,Nacoes Shopping,NS
2025-11-29 00:00:00,2.68,0,2578,1161,6,806,0,16,179,0.0,884,0.0,1.51,0.15,33029,1025,2.58,234,1598,2,3.89,128.63,0.0,31191,411,1,14,Nacoes Shopping,NS
2025-12-14 00:00:00,3.73,0,4399,2487,0,1621,0,120,343,0.0,1142,0.0,2.34,0.08,30583,2216,3.5,497,3245,8,3.03,92.57,0.0,26166,850,0,39,Nacoes Shopping,NS
2025-12-09 00:00:00,3.35,0,4911,2861,1,1615,0,83,421,0.0,1027,0.0,2.6,0.09,30672,2406,3.67,639,3453,10,3.07,94.18,0.0,24774,1025,0,38,Nacoes Shopping,NS
2025-12-24 00:00:00,2.84,0,3949,2711,2,1502,0,180,420,0.0,866,0.0,4.06,0.09,30440,2330,3.02,556,3297,8,2.63,79.95,0.0,12294,973,2,33,Nacoes Shopping,NS
2025-12-19 00:00:00,3.87,0,2761,1936,2,1272,0,200,204,0.0,996,0.0,3.21,0.08,25731,1698,2.62,309,2579,4,3.23,83.03,0.0,11558,602,1,17,Nacoes Shopping,NS
2026-01-21 00:00:00,0.0,0,1115,203,0,67,0,33,60,0.0,0,0.0,1.06,0.0,19038,280,1.76,82,205,2,1.77,33.74,0.0,18910,135,0,9,Nacoes Shopping,NS
2026-01-11 00:00:00,0.0,0,0,0,0,0,0,0,0,0.0,0,0.0,0.0,0.0,0,0,0.0,0,0,0,0.0,0.0,0.0,0,0,0,0,Nacoes Shopping,NS
2026-01-16 00:00:00,0.0,0,1230,209,0,73,0,33,55,0.0,0,0.0,1.04,0.0,20387,303,1.76,81,209,0,1.65,33.66,0.0,20253,142,0,5,Nacoes Shopping,NS
2026-01-06 00:00:00,0.0,0,0,0,0,0,0,0,0,0.0,0,0.0,0.0,0.0,0,0,0.0,0,0,0,0.0,0.0,0.0,1,0,0,0,Nacoes Shopping,NS
2026-01-01 00:00:00,7.41,0,10,4,0,2,0,1,2,0.0,4,0.0,5.52,0.0,54,7,2.52,2,4,0,0.0,0.0,0.0,21,4,0,0,Nacoes Shopping,NS
2025-12-27 00:00:00,4.26,0,4487,3182,2,2111,0,147,549,0.0,1431,0.0,4.23,0.06,33573,2878,3.5,703,4131,5,2.55,85.52,0.0,14568,1153,0,24,Nacoes Shopping,NS
2026-01-09 00:00:00,0.0,0,0,0,0,0,0,0,0,0.0,0,0.0,0.0,0.0,0,0,0.0,0,0,0,0.0,0.0,0.0,0,0,0,0,Nacoes Shopping,NS
2026-01-19 00:00:00,0.0,0,1156,211,0,76,0,29,55,0.0,0,0.0,1.1,0.0,17300,281,1.64,73,208,1,1.82,31.47,0.0,17176,127,0,9,Nacoes Shopping,NS
2026-01-14 00:00:00,0.0,0,439,89,0,26,0,17,20,0.0,0,0.0,0.96,0.0,9413,130,1.68,25,89,0,1.27,11.98,0.0,9347,52,0,1,Nacoes Shopping,NS
2026-01-04 00:00:00,0.0,0,1,1,0,1,0,0,1,0.0,0,0.0,4.76,0.0,6,1,5.95,1,1,0,0.0,0.0,0.0,5,1,0,0,Nacoes Shopping,NS
2025-12-30 00:00:00,5.55,0,3214,2378,1,1876,0,131,318,0.0,1634,0.0,4.49,0.05,29421,2184,2.93,425,3463,8,2.5,73.63,0.0,9628,779,2,21,Nacoes Shopping,NS
2026-01-24 00:00:00,0.0,0,1012,170,0,53,0,28,38,0.0,0,0.0,1.02,0.0,17731,242,1.57,59,167,1,1.74,30.78,0.0,17623,92,0,8,Nacoes Shopping,NS
2026-01-02 00:00:00,40.0,0,2,1,0,3,0,0,1,0.0,2,0.0,2.17,0.0,5,1,5.8,1,3,0,0.0,0.0,0.0,8,1,0,0,Nacoes Shopping,NS
2025-12-28 00:00:00,4.76,0,4269,2856,1,2045,0,102,525,0.0,1527,0.0,3.68,0.05,32098,2577,3.43,665,3856,8,2.59,83.09,0.0,15791,1041,0,26,Nacoes Shopping,NS
2026-01-12 00:00:00,0.0,0,0,0,0,0,0,0,0,0.0,0,0.0,0.0,0.0,0,0,0.0,0,0,0,0.0,0.0,0.0,0,0,0,0,Nacoes Shopping,NS
2026-01-22 00:00:00,0.0,0,992,168,0,42,0,31,47,0.0,0,0.0,0.96,0.0,19593,251,1.69,70,163,1,1.61,31.49,0.0,19471,110,0,7,Nacoes Shopping,NS
2026-01-17 00:00:00,0.0,0,1323,243,0,84,0,32,65,0.0,0,0.0,1.08,0.0,20552,371,1.75,85,246,3,1.64,33.8,0.0,20394,141,0,12,Nacoes Shopping,NS
2026-01-07 00:00:00,0.0,0,0,0,0,0,0,0,0,0.0,0,0.0,0.69,0.0,2,0,1.37,0,0,0,0.0,0.0,0.0,2,0,0,0,Nacoes Shopping,NS
2026-01-10 00:00:00,0.0,0,0,0,0,0,0,0,0,0.0,0,0.0,0.0,0.0,0,0,0.0,0,0,0,0.0,0.0,0.0,0,0,0,0,Nacoes Shopping,NS
2026-01-20 00:00:00,0.0,0,1047,207,0,76,0,30,65,0.0,0,0.0,1.1,0.0,15140,280,1.52,87,203,0,2.02,30.59,0.0,15018,126,0,6,Nacoes Shopping,NS
2026-01-15 00:00:00,0.0,0,1232,244,0,78,0,36,68,0.0,0,0.0,1.04,0.0,21494,365,1.9,89,239,1,1.61,34.65,0.0,21348,159,0,3,Nacoes Shopping,NS
2026-01-05 00:00:00,12.5,0,4,3,0,3,0,0,1,0.0,1,0.0,14.6,0.0,8,2,19.47,1,4,0,0.0,0.0,0.0,4,2,0,0,Nacoes Shopping,NS
2025-12-31 00:00:00,5.05,0,1759,1352,2,1155,0,123,181,0.0,1094,0.0,4.11,0.05,21654,1286,2.1,269,2049,1,2.32,50.26,0.0,6063,470,0,8,Nacoes Shopping,NS
2025-12-26 00:00:00,3.28,0,3151,2043,1,1484,0,182,376,0.0,1008,0.0,3.27,0.07,30730,1839,2.47,500,2758,7,2.43,74.82,0.0,13227,781,2,15,Nacoes Shopping,NS
2026-01-08 00:00:00,0.0,0,0,0,0,0,0,0,0,0.0,0,0.0,0.0,0.0,0,0,0.0,0,0,0,0.0,0.0,0.0,0,0,0,0,Nacoes Shopping,NS
2026-01-03 00:00:00,0.0,0,3,1,0,0,0,0,0,0.0,0,0.0,4.89,0.0,3,1,6.52,0,1,0,0.0,0.0,0.0,4,0,0,0,Nacoes Shopping,NS
2025-12-29 00:00:00,4.7,0,3773,2501,1,1917,0,112,430,0.0,1579,0.0,3.49,0.05,33576,2256,3.07,603,3457,3,2.36,79.37,0.0,14917,950,0,20,Nacoes Shopping,NS
2026-01-13 00:00:00,0.0,0,0,0,0,0,0,0,0,0.0,0,0.0,0.0,0.0,0,0,0.0,0,0,0,0.0,0.0,0.0,0,0,0,0,Nacoes Shopping,NS
2026-01-23 00:00:00,0.0,0,955,189,0,61,0,33,47,0.0,0,0.0,1.0,0.0,18274,260,1.61,65,195,3,1.66,30.4,0.0,18143,107,1,14,Nacoes Shopping,NS
2026-01-18 00:00:00,0.0,0,1308,272,0,94,0,43,64,0.0,0,0.0,1.11,0.0,20265,339,1.71,95,264,1,1.65,33.46,0.0,20113,165,0,8,Nacoes Shopping,NS
2026-01-26 00:00:00,0.0,0,828,164,1,56,0,27,40,0.0,0,0.0,1.02,0.0,14688,224,1.44,60,157,0,1.94,28.46,0.0,14591,100,0,9,Nacoes Shopping,NS
2026-02-20 00:00:00,0.0,0,901,165,0,44,0,16,31,0.0,0,0.0,1.29,0.0,8981,182,1.69,45,170,2,1.69,15.15,0.0,8912,73,2,4,Nacoes Shopping,NS
2026-02-15 00:00:00,0.0,0,1206,264,0,92,0,19,40,0.0,0,0.0,1.5,0.0,8968,280,1.96,67,266,6,1.88,16.9,0.0,8869,115,0,7,Nacoes Shopping,NS
2026-02-10 00:00:00,0.0,0,1222,260,1,74,0,19,45,0.0,0,0.0,1.47,0.0,11900,264,2.21,67,259,1,1.65,19.58,0.0,11811,104,1,12,Nacoes Shopping,NS
2026-02-05 00:00:00,0.0,0,3546,671,2,186,0,70,82,0.0,0,0.0,1.28,0.0,42084,586,2.31,118,673,4,1.97,83.04,0.0,41603,216,0,33,Nacoes Shopping,NS
2026-01-31 00:00:00,0.0,0,4760,978,1,292,0,81,112,0.0,0,0.0,1.32,0.0,47769,752,2.75,164,974,2,1.93,92.03,0.0,47407,300,5,34,Nacoes Shopping,NS
2026-02-23 00:00:00,0.0,0,574,100,0,23,0,2,9,0.0,0,0.0,1.26,0.0,5650,107,1.52,18,105,1,2.13,12.04,0.0,5594,35,0,4,Nacoes Shopping,NS
2026-02-18 00:00:00,0.0,0,879,151,0,43,0,15,22,0.0,0,0.0,1.18,0.0,11417,145,1.73,35,154,1,1.39,15.84,0.0,11338,59,0,5,Nacoes Shopping,NS
2026-02-13 00:00:00,0.0,0,1103,216,0,70,0,22,40,0.0,0,0.0,1.36,0.0,10651,240,1.87,52,222,4,1.7,18.12,0.0,10548,90,0,16,Nacoes Shopping,NS
2026-02-08 00:00:00,0.0,0,1968,384,0,126,0,37,68,0.0,0,0.0,1.4,0.0,16942,368,1.86,87,389,3,1.86,31.43,0.0,16756,159,1,20,Nacoes Shopping,NS
2026-02-03 00:00:00,0.0,0,3535,709,2,210,0,101,102,0.0,0,0.0,1.29,0.0,40649,590,2.01,143,705,8,2.02,82.03,0.0,40085,231,0,36,Nacoes Shopping,NS
2026-01-29 00:00:00,0.0,0,2986,580,0,163,0,71,71,0.0,0,0.0,1.26,0.0,31480,509,2.96,105,588,6,1.65,52.07,0.0,31284,182,0,34,Nacoes Shopping,NS
2026-01-27 00:00:00,0.0,0,1356,264,0,96,0,34,51,0.0,0,0.0,1.26,0.0,14869,314,2.02,73,272,2,1.78,26.41,0.0,14760,131,1,14,Nacoes Shopping,NS
2026-02-21 00:00:00,0.0,0,916,178,0,53,0,19,24,0.0,0,0.0,1.36,0.0,8479,189,1.82,36,185,4,1.72,14.61,0.0,8444,71,0,11,Nacoes Shopping,NS
2026-02-16 00:00:00,0.0,0,1010,200,1,59,0,23,34,0.0,0,0.0,1.44,0.0,8598,215,1.77,43,202,4,1.89,16.27,0.0,8489,72,1,7,Nacoes Shopping,NS
2026-02-11 00:00:00,0.0,0,1091,210,0,55,0,29,31,0.0,0,0.0,1.27,0.0,12188,243,1.9,46,210,2,1.51,18.44,0.0,12087,84,1,9,Nacoes Shopping,NS
2026-02-06 00:00:00,0.0,0,3566,726,0,208,0,79,87,0.0,0,0.0,1.24,0.0,43683,567,2.34,118,730,10,1.82,79.32,0.0,43254,203,0,48,Nacoes Shopping,NS
2026-02-01 00:00:00,0.0,0,4896,1009,1,268,0,93,113,0.0,0,0.0,1.31,0.0,50195,822,2.4,161,1003,7,1.69,84.8,0.0,49635,302,1,50,Nacoes Shopping,NS
2026-02-19 00:00:00,0.0,0,878,169,0,52,0,22,33,0.0,0,0.0,1.28,0.0,10159,178,1.71,48,169,2,1.53,15.54,0.0,10070,76,0,7,Nacoes Shopping,NS
2026-02-14 00:00:00,0.0,0,1321,268,2,93,0,19,52,0.0,0,0.0,1.51,0.0,10271,296,2.09,73,281,4,1.76,18.04,0.0,10200,129,1,13,Nacoes Shopping,NS
2026-02-09 00:00:00,0.0,0,1256,253,1,82,0,34,55,0.0,0,0.0,1.58,0.0,9109,299,1.9,84,251,4,2.03,18.45,0.0,9019,123,0,18,Nacoes Shopping,NS
2026-02-04 00:00:00,0.0,0,3729,756,1,220,0,71,109,0.0,0,0.0,1.6,0.0,39335,626,2.41,156,760,5,2.08,81.69,0.0,38899,259,3,32,Nacoes Shopping,NS
2026-01-30 00:00:00,0.0,0,4944,934,1,278,0,101,98,0.0,0,0.0,1.27,0.0,52380,728,2.81,154,936,7,1.86,97.28,0.0,51967,279,2,66,Nacoes Shopping,NS
2026-01-25 00:00:00,0.0,0,1073,216,0,78,0,31,60,0.0,0,0.0,1.05,0.0,18244,308,1.59,86,213,2,1.57,28.72,0.0,18117,138,0,7,Nacoes Shopping,NS
2026-02-02 00:00:00,0.0,0,4217,841,2,252,0,98,98,0.0,0,0.0,1.31,0.0,45254,706,2.08,154,845,6,1.82,82.54,0.0,44634,272,3,46,Nacoes Shopping,NS
2026-01-28 00:00:00,0.0,0,2021,363,0,111,0,37,67,0.0,0,0.0,1.28,0.0,19483,405,2.61,93,378,2,1.55,30.18,0.0,19384,165,1,29,Nacoes Shopping,NS
2026-02-22 00:00:00,0.0,0,828,164,0,63,0,11,25,0.0,0,0.0,1.36,0.0,7699,181,1.74,40,172,3,1.72,13.25,0.0,7620,72,0,11,Nacoes Shopping,NS
2026-02-17 00:00:00,0.0,0,1084,219,0,72,0,17,34,0.0,0,0.0,1.37,0.0,11534,215,2.02,51,223,3,1.49,17.24,0.0,11440,88,0,9,Nacoes Shopping,NS
2026-02-12 00:00:00,0.0,0,1025,213,0,64,0,28,37,0.0,0,0.0,1.27,0.0,11286,242,1.73,58,217,5,1.59,18.0,0.0,11152,107,0,12,Nacoes Shopping,NS
2026-02-07 00:00:00,0.0,0,2992,604,1,177,0,57,85,0.0,0,0.0,1.45,0.0,32928,549,2.43,127,608,5,1.93,63.57,0.0,32582,210,0,30,Nacoes Shopping,NS
2026-03-05 00:00:00,0.0,0,0,0,0,0,0,0,0,0.0,0,0.0,0.0,0.0,0,0,0.0,0,0,0,0.0,0.0,0.0,0,0,0,0,Nacoes Shopping,NS
2026-03-02 00:00:00,0.0,0,0,0,0,0,0,0,0,0.0,0,0.0,0.0,0.0,0,0,0.0,0,0,0,0.0,0.0,0.0,0,0,0,0,Nacoes Shopping,NS
2026-02-25 00:00:00,0.0,0,211,43,1,15,0,5,6,0.0,0,0.0,1.36,0.0,2044,39,1.8,8,44,1,1.59,3.25,0.0,2040,16,0,3,Nacoes Shopping,NS
2026-03-03 00:00:00,0.0,0,0,0,0,0,0,0,0,0.0,0,0.0,0.0,0.0,0,0,0.0,0,0,0,0.0,0.0,0.0,0,0,0,0,Nacoes Shopping,NS
2026-02-24 00:00:00,0.0,0,622,103,0,30,0,10,18,0.0,0,0.0,1.23,0.0,6869,117,1.76,26,105,0,1.66,11.38,0.0,6825,42,2,3,Nacoes Shopping,NS
2026-03-06 00:00:00,0.0,0,0,0,0,0,0,0,0,0.0,0,0.0,0.0,0.0,0,0,0.0,0,0,0,0.0,0.0,0.0,0,0,0,0,Nacoes Shopping,NS
2026-03-22 00:00:00,0.0,0,0,0,0,0,0,0,0,0.0,0,0.0,0.0,0.0,0,0,0.0,0,0,0,0.0,0.0,0.0,0,0,0,0,Nacoes Shopping,NS
2026-03-12 00:00:00,0.0,0,0,0,0,0,0,0,0,0.0,0,0.0,0.0,0.0,0,0,0.0,0,0,0,0.0,0.0,0.0,0,0,0,0,Nacoes Shopping,NS
2026-03-09 00:00:00,0.0,0,0,0,0,0,0,0,0,0.0,0,0.0,0.0,0.0,0,0,0.0,0,0,0,0.0,0.0,0.0,0,0,0,0,Nacoes Shopping,NS
2026-03-04 00:00:00,0.0,0,0,0,0,0,0,0,0,0.0,0,0.0,0.0,0.0,0,0,0.0,0,0,0,0.0,0.0,0.0,0,0,0,0,Nacoes Shopping,NS
2026-02-27 00:00:00,0.0,0,0,0,0,0,0,0,0,0.0,0,0.0,0.0,0.0,0,0,0.0,0,0,0,0.0,0.0,0.0,0,0,0,0,Nacoes Shopping,NS
2026-04-09 00:00:00,0.0,0,0,0,0,0,0,0,0,0.0,0,0.0,0.0,0.0,0,0,0.0,0,0,0,0.0,0.0,0.0,0,0,0,0,Nacoes Shopping,NS
2026-04-01 00:00:00,0.0,0,0,0,0,0,0,0,0,0.0,0,0.0,0.0,0.0,0,0,0.0,0,0,0,0.0,0.0,0.0,0,0,0,0,Nacoes Shopping,NS
2026-04-02 00:00:00,0.0,0,0,0,0,0,0,0,0,0.0,0,0.0,0.0,0.0,0,0,0.0,0,0,0,0.0,0.0,0.0,0,0,0,0,Nacoes Shopping,NS
2026-03-28 00:00:00,0.0,0,0,0,0,0,0,0,0,0.0,0,0.0,0.0,0.0,0,0,0.0,0,0,0,0.0,0.0,0.0,0,0,0,0,Nacoes Shopping,NS
2026-05-21 00:00:00,0.0,0,0,0,0,0,0,0,0,0.0,0,0.0,0.0,0.0,0,0,0.0,0,0,0,0.0,0.0,0.0,0,0,0,0,Nacoes Shopping,NS
2026-05-16 00:00:00,0.0,0,0,0,0,0,0,0,0,0.0,0,0.0,0.0,0.0,0,0,0.0,0,0,0,0.0,0.0,0.0,0,0,0,0,Nacoes Shopping,NS
2026-05-11 00:00:00,5.07,0,2269,1457,0,1174,0,14,183,0.0,723,0.0,2.9,0.06,14266,1045,3.99,262,2006,2,2.82,40.18,0.0,13390,482,0,4,Nacoes Shopping,NS
2026-05-06 00:00:00,3.42,0,5139,2994,0,2305,0,28,536,0.0,1146,0.0,2.86,0.08,33497,2318,3.83,819,3787,4,2.69,89.96,0.0,31555,1278,0,20,Nacoes Shopping,NS
2026-05-01 00:00:00,5.29,0,6667,4418,0,3233,0,41,814,0.0,2266,0.0,2.76,0.05,42803,3948,3.31,1037,5897,2,2.42,103.41,0.0,37516,1648,0,12,Nacoes Shopping,NS
2026-05-04 00:00:00,5.99,0,2769,1802,0,1361,0,11,318,0.0,1013,0.0,2.77,0.05,16914,1666,3.44,416,2482,0,2.95,49.84,0.0,15753,643,0,5,Nacoes Shopping,NS
2026-05-24 00:00:00,0.0,0,0,0,0,0,0,0,0,0.0,0,0.0,0.0,0.0,0,0,0.0,0,0,0,0.0,0.0,0.0,0,0,0,0,Nacoes Shopping,NS
2026-05-19 00:00:00,0.0,0,0,0,0,0,0,0,0,0.0,0,0.0,0.0,0.0,0,0,0.0,0,0,0,0.0,0.0,0.0,0,0,0,0,Nacoes Shopping,NS
2026-05-14 00:00:00,0.0,0,0,0,0,0,0,0,0,0.0,0,0.0,0.0,0.0,0,0,0.0,0,0,0,0.0,0.0,0.0,0,0,0,0,Nacoes Shopping,NS
2026-05-09 00:00:00,6.65,0,6439,4301,0,3746,0,24,573,0.0,2449,0.0,3.4,0.04,36837,3050,5.04,833,6196,2,2.95,108.79,0.0,33211,1424,0,13,Nacoes Shopping,NS
2026-05-07 00:00:00,5.55,0,7847,5277,0,3848,0,33,736,0.0,2378,0.0,3.39,0.05,42875,3756,4.86,1007,6937,3,3.0,128.81,0.0,38291,1606,0,13,Nacoes Shopping,NS
2026-05-22 00:00:00,0.0,0,0,0,0,0,0,0,0,0.0,0,0.0,0.0,0.0,0,0,0.0,0,0,0,0.0,0.0,0.0,0,0,0,0,Nacoes Shopping,NS
2026-05-17 00:00:00,0.0,0,0,0,0,0,0,0,0,0.0,0,0.0,0.0,0.0,0,0,0.0,0,0,0,0.0,0.0,0.0,0,0,0,0,Nacoes Shopping,NS
2026-05-12 00:00:00,0.0,0,0,0,0,0,0,0,0,0.0,0,0.0,0.0,0.0,0,0,0.0,0,0,0,0.0,0.0,0.0,0,0,0,0,Nacoes Shopping,NS
2026-05-02 00:00:00,5.61,0,6074,3940,0,3041,0,41,764,0.0,2212,0.0,2.65,0.05,39451,3509,3.19,978,5379,3,2.6,102.57,0.0,35486,1486,1,10,Nacoes Shopping,NS
2026-05-20 00:00:00,0.0,0,0,0,0,0,0,0,0,0.0,0,0.0,0.0,0.0,0,0,0.0,0,0,0,0.0,0.0,0.0,0,0,0,0,Nacoes Shopping,NS
2026-05-15 00:00:00,0.0,0,0,0,0,0,0,0,0,0.0,0,0.0,0.0,0.0,0,0,0.0,0,0,0,0.0,0.0,0.0,0,0,0,0,Nacoes Shopping,NS
2026-05-10 00:00:00,6.01,0,5448,3298,0,2965,0,21,447,0.0,2152,0.0,2.75,0.05,35783,2335,3.9,598,4902,2,2.72,97.36,0.0,31817,1007,1,16,Nacoes Shopping,NS
2026-05-05 00:00:00,0.35,0,1003,228,0,100,0,10,24,0.0,42,0.0,1.22,0.51,11939,153,1.49,33,251,0,1.8,21.51,0.0,11844,54,0,6,Nacoes Shopping,NS
2026-04-30 00:00:00,3.95,0,2335,1559,0,1015,0,13,250,0.0,631,0.0,2.59,0.06,15978,1397,2.9,323,1984,1,2.47,39.5,0.0,14390,563,0,2,Nacoes Shopping,NS
2026-05-03 00:00:00,6.58,0,5986,3982,0,3071,0,38,610,0.0,2718,0.0,2.5,0.04,41301,3555,3.24,806,5667,1,2.44,100.91,0.0,37386,1298,0,11,Nacoes Shopping,NS
2026-05-23 00:00:00,0.0,0,0,0,0,0,0,0,0,0.0,0,0.0,0.0,0.0,0,0,0.0,0,0,0,0.0,0.0,0.0,0,0,0,0,Nacoes Shopping,NS
2026-05-18 00:00:00,0.0,0,0,0,0,0,0,0,0,0.0,0,0.0,0.0,0.0,0,0,0.0,0,0,0,0.0,0.0,0.0,0,0,0,0,Nacoes Shopping,NS
2026-05-13 00:00:00,0.0,0,0,0,0,0,0,0,0,0.0,0,0.0,0.0,0.0,0,0,0.0,0,0,0,0.0,0.0,0.0,0,0,0,0,Nacoes Shopping,NS
2026-05-08 00:00:00,6.17,0,6909,4701,0,3918,0,31,638,0.0,2452,0.0,3.33,0.05,39762,3440,4.87,915,6494,1,2.95,117.16,0.0,35558,1652,0,18,Nacoes Shopping,NS
2026-05-26 00:00:00,0.0,0,0,0,0,0,0,0,0,0.0,0,0.0,0.0,0.0,0,0,0.0,0,0,0,0.0,0.0,0.0,0,0,0,0,Nacoes Shopping,NS
2026-06-10 00:00:00,5.18,0,3641,2373,0,1643,0,32,225,0.0,1283,0.0,2.4,0.05,24790,2101,3.6,335,3354,2,2.64,65.36,0.0,23773,674,0,7,Nacoes Shopping,NS
2026-06-05 00:00:00,5.85,0,4816,3209,0,2512,0,31,418,0.0,1727,0.0,2.54,0.04,29534,2980,4.05,588,4599,2,2.42,71.38,0.0,29025,1127,1,11,Nacoes Shopping,NS
2026-05-31 00:00:00,5.64,0,5007,3590,0,2466,0,29,393,0.0,1803,0.0,2.89,0.05,31989,3320,4.11,579,4950,2,2.64,84.35,0.0,31054,1131,1,7,Nacoes Shopping,NS
2026-06-20 00:00:00,0.0,0,293,55,0,23,0,7,18,0.0,0,0.0,1.0,0.0,5640,105,1.02,24,57,0,1.79,10.09,0.0,5623,38,0,3,Nacoes Shopping,NS
2026-06-15 00:00:00,0.0,0,473,68,0,21,0,7,18,0.0,0,0.0,1.05,0.0,7367,146,1.06,23,70,1,1.48,10.92,0.0,7343,46,0,2,Nacoes Shopping,NS
2026-06-23 00:00:00,0.0,0,233,37,0,13,0,5,12,0.0,0,0.0,1.99,0.0,4799,82,1.98,18,38,1,1.89,9.06,0.0,4775,33,0,3,Nacoes Shopping,NS
2026-06-18 00:00:00,0.0,0,333,61,0,10,0,5,8,0.0,0,0.0,1.02,0.0,5976,120,1.02,11,61,0,1.9,11.38,0.0,5937,36,0,5,Nacoes Shopping,NS
2026-06-13 00:00:00,4.17,0,2671,1625,0,1193,0,25,173,0.0,861,0.0,2.02,0.06,20638,1435,3.2,255,2311,0,2.36,48.65,0.0,20272,517,0,14,Nacoes Shopping,NS
2026-06-08 00:00:00,5.49,0,4504,2835,0,1969,0,28,251,0.0,1550,0.0,2.31,0.04,28239,2412,3.59,369,4027,1,2.4,67.69,0.0,27581,755,0,14,Nacoes Shopping,NS
2026-06-03 00:00:00,6.75,0,4141,2702,1,2273,0,28,305,0.0,1903,0.0,2.25,0.04,28207,2520,3.07,451,4100,1,2.82,79.56,0.0,27422,891,0,8,Nacoes Shopping,NS
2026-05-29 00:00:00,4.84,0,4472,3098,0,2067,0,22,338,0.0,1382,0.0,2.5,0.06,28538,2902,3.71,482,4220,0,2.94,83.82,0.0,27923,985,0,13,Nacoes Shopping,NS
2026-06-21 00:00:00,0.0,0,302,46,0,11,0,4,10,0.0,0,0.0,0.97,0.0,5663,105,0.98,18,47,1,1.64,9.31,0.0,5649,32,0,1,Nacoes Shopping,NS
2026-06-16 00:00:00,0.0,0,409,83,0,22,0,6,19,0.0,0,0.0,1.12,0.0,6457,150,1.14,29,83,1,1.72,11.11,0.0,6432,63,0,2,Nacoes Shopping,NS
2026-06-11 00:00:00,5.09,0,3322,2069,0,1660,0,18,235,0.0,1263,0.0,2.1,0.05,24796,1885,3.26,327,3081,2,2.5,61.92,0.0,24128,672,0,7,Nacoes Shopping,NS
2026-06-06 00:00:00,6.0,0,4444,2715,0,2352,0,24,387,0.0,1676,0.0,2.49,0.04,27944,2422,3.87,535,4068,2,2.53,70.62,0.0,27481,974,0,8,Nacoes Shopping,NS
2026-06-01 00:00:00,5.73,0,4879,3166,0,2405,0,34,391,0.0,1859,0.0,2.33,0.04,32470,2989,3.2,546,4545,4,2.48,80.6,0.0,31644,1045,1,14,Nacoes Shopping,NS
2026-05-27 00:00:00,0.0,0,0,0,0,0,0,0,0,0.0,0,0.0,0.0,0.0,0,0,0.0,0,0,0,0.0,0.0,0.0,0,0,0,0,Nacoes Shopping,NS
2026-06-19 00:00:00,0.0,0,312,62,0,16,0,2,12,0.0,0,0.0,1.0,0.0,5043,118,1.01,26,62,0,2.11,10.64,0.0,5038,47,0,3,Nacoes Shopping,NS
2026-06-14 00:00:00,1.91,0,838,335,0,230,0,7,42,0.0,186,0.0,1.32,0.09,9742,381,1.48,63,483,1,1.79,17.44,0.0,9669,121,1,6,Nacoes Shopping,NS
2026-06-09 00:00:00,5.28,0,3932,2445,0,1844,0,31,262,0.0,1418,0.0,2.25,0.05,26862,2161,3.44,378,3521,2,2.47,66.23,0.0,26068,743,0,11,Nacoes Shopping,NS
2026-05-25 00:00:00,0.0,0,0,0,0,0,0,0,0,0.0,0,0.0,0.0,0.0,0,0,0.0,0,0,0,0.0,0.0,0.0,0,0,0,0,Nacoes Shopping,NS
2026-06-04 00:00:00,7.21,0,4545,3219,0,2738,0,24,416,0.0,2159,0.0,2.47,0.04,29945,2993,3.66,615,4823,1,2.67,79.87,0.0,29305,1138,0,11,Nacoes Shopping,NS
2026-05-30 00:00:00,5.13,0,4416,2996,0,2215,0,35,328,0.0,1483,0.0,2.42,0.06,28926,2847,3.45,512,4205,0,2.84,82.22,0.0,28349,1040,2,18,Nacoes Shopping,NS
2026-06-22 00:00:00,0.0,0,262,41,0,18,0,2,13,0.0,0,0.0,1.03,0.0,5118,91,1.03,19,46,0,1.73,8.85,0.0,5107,30,0,4,Nacoes Shopping,NS
2026-06-17 00:00:00,0.0,0,339,61,0,16,0,6,13,0.0,0,0.0,1.06,0.0,5421,118,1.07,20,63,0,1.92,10.42,0.0,5388,45,0,4,Nacoes Shopping,NS
2026-06-12 00:00:00,5.05,0,3451,2322,0,1662,0,21,265,0.0,1201,0.0,2.31,0.05,23788,2038,3.82,375,3275,2,2.43,57.84,0.0,23052,717,0,11,Nacoes Shopping,NS
2026-06-07 00:00:00,6.23,0,5094,3307,0,2535,0,35,389,0.0,1904,0.0,2.53,0.04,30560,2890,3.99,551,4794,2,2.31,70.6,0.0,29954,1018,1,22,Nacoes Shopping,NS
2026-06-02 00:00:00,6.14,0,4442,3094,0,2401,0,26,387,0.0,1742,0.0,2.52,0.05,28351,2849,3.44,559,4471,1,2.77,78.56,0.0,27770,1033,2,17,Nacoes Shopping,NS
2026-05-28 00:00:00,4.74,0,2561,1677,0,1264,0,20,213,0.0,929,0.0,2.14,0.06,19598,1584,3.24,302,2399,1,2.65,51.84,0.0,18795,567,0,15,Nacoes Shopping,NS
2026-07-12 00:00:00,0.0,0,0,0,0,0,0,0,0,0.0,0,0.0,0.0,0.0,0,0,0.0,0,0,0,0.0,0.0,0.0,0,0,0,0,Nacoes Shopping,NS
2026-07-07 00:00:00,0.0,0,537,187,0,59,0,4,11,0.0,0,0.0,3.48,0.0,1361,123,3.97,28,188,3,11.98,16.31,0.0,1344,43,0,14,Nacoes Shopping,NS
2026-07-11 00:00:00,0.0,0,0,0,0,0,0,0,0,0.0,0,0.0,0.0,0.0,0,0,0.0,0,0,0,0.0,0.0,0.0,0,0,0,0,Nacoes Shopping,NS
2026-07-06 00:00:00,0.0,0,1599,622,0,208,0,19,37,0.0,0,0.0,3.93,0.0,3467,385,4.45,70,645,36,9.34,32.38,0.0,3425,134,0,65,Nacoes Shopping,NS
2026-07-01 00:00:00,0.0,0,3026,684,0,240,0,56,79,0.0,0,0.0,1.12,0.0,43533,703,1.84,159,703,16,1.83,79.46,0.0,43202,285,1,81,Nacoes Shopping,NS
2026-06-26 00:00:00,0.0,0,171,33,0,13,0,4,10,0.0,0,0.0,2.92,0.0,3524,63,2.96,15,33,0,2.11,7.44,0.0,3509,29,0,4,Nacoes Shopping,NS
2026-07-05 00:00:00,0.0,0,3370,1071,2,336,0,40,77,0.0,0,0.0,2.82,0.0,19568,783,3.37,153,1093,36,4.2,82.18,0.0,19329,274,0,104,Nacoes Shopping,NS
2026-06-30 00:00:00,0.0,0,4,1,0,0,0,0,0,0.0,0,0.0,0.93,0.0,87,2,0.94,0,1,0,2.53,0.22,0.0,88,1,0,0,Nacoes Shopping,NS
2026-07-10 00:00:00,0.0,0,0,0,0,0,0,0,0,0.0,0,0.0,0.0,0.0,0,0,0.0,0,0,0,0.0,0.0,0.0,0,0,0,0,Nacoes Shopping,NS
2026-06-25 00:00:00,0.0,0,226,31,0,12,0,3,10,0.0,0,0.0,0.97,0.0,4231,64,0.98,15,31,0,2.04,8.64,0.0,4209,24,0,1,Nacoes Shopping,NS
2026-07-19 00:00:00,0.0,0,0,0,0,0,0,0,0,0.0,0,0.0,0.0,0.0,0,0,0.0,0,0,0,0.0,0.0,0.0,0,0,0,0,Nacoes Shopping,NS
2026-07-09 00:00:00,0.0,0,0,0,0,0,0,0,0,0.0,0,0.0,0.0,0.0,0,0,0.0,0,0,0,0.0,0.0,0.0,0,0,0,0,Nacoes Shopping,NS
2026-07-04 00:00:00,0.0,0,5353,1377,0,497,0,87,152,0.0,0,0.0,1.44,0.0,48600,1195,1.89,293,1390,50,3.36,163.53,0.0,48003,501,1,135,Nacoes Shopping,NS
2026-06-29 00:00:00,0.0,0,92,17,0,7,0,1,7,0.0,0,0.0,0.97,0.0,1776,28,0.98,8,17,0,2.04,3.62,0.0,1780,13,0,0,Nacoes Shopping,NS
2026-06-24 00:00:00,0.0,0,212,34,0,15,0,2,14,0.0,0,0.0,1.0,0.0,3989,72,1.0,15,34,0,2.18,8.7,0.0,3969,26,0,3,Nacoes Shopping,NS
2026-07-13 00:00:00,0.0,0,0,0,0,0,0,0,0,0.0,0,0.0,0.0,0.0,0,0,0.0,0,0,0,0.0,0.0,0.0,0,0,0,0,Nacoes Shopping,NS
2026-07-08 00:00:00,0.0,0,0,0,0,0,0,0,0,0.0,0,0.0,0.0,0.0,0,0,0.0,0,0,0,0.0,0.0,0.0,0,0,0,0,Nacoes Shopping,NS
2026-07-03 00:00:00,0.0,0,5414,1341,1,462,0,89,141,0.0,0,0.0,1.32,0.0,54345,1185,1.76,276,1372,49,3.03,164.89,0.0,53737,477,2,143,Nacoes Shopping,NS
2026-06-28 00:00:00,0.0,0,127,21,0,12,0,2,8,0.0,0,0.0,0.95,0.0,2967,44,0.95,13,22,0,1.61,4.78,0.0,2950,18,0,4,Nacoes Shopping,NS
2026-07-02 00:00:00,0.0,0,5244,1205,3,433,0,129,144,0.0,0,0.0,1.29,0.0,62512,1195,1.89,277,1247,37,2.78,174.08,0.0,61800,489,0,131,Nacoes Shopping,NS
2026-06-27 00:00:00,0.0,0,173,36,0,7,0,2,5,0.0,0,0.0,0.96,0.0,3183,63,0.96,8,37,0,1.96,6.25,0.0,3167,25,0,2,Nacoes Shopping,NS
2026-08-21 00:00:00,0.0,0,0,0,0,0,0,0,0,0.0,0,0.0,0.0,0.0,0,0,0.0,0,0,0,0.0,0.0,0.0,0,0,0,0,Nacoes Shopping,NS
2026-08-16 00:00:00,0.23,0,709,156,0,62,0,13,13,0.0,25,0.0,1.6,1.81,10920,133,1.63,19,171,4,4.14,45.26,0.0,10732,50,2,12,Nacoes Shopping,NS
2026-08-11 00:00:00,0.25,0,1508,299,0,94,0,38,32,0.0,52,0.0,1.15,0.91,21040,244,1.16,49,316,2,2.26,47.55,0.0,20727,87,0,14,Nacoes Shopping,NS
2026-08-06 00:00:00,0.15,0,1542,279,0,91,0,34,29,0.0,38,0.0,1.24,1.22,24782,231,1.25,47,296,2,1.87,46.26,0.0,24607,81,0,13,Nacoes Shopping,NS
2026-08-10 00:00:00,0.26,0,1593,306,0,127,0,37,43,0.0,56,0.0,1.16,1.16,21708,255,1.18,63,328,2,2.99,64.98,0.0,21420,99,1,15,Nacoes Shopping,NS
2026-08-05 00:00:00,0.18,0,1777,347,0,116,0,39,33,0.0,48,0.0,1.07,1.46,27228,287,1.09,55,365,4,2.57,70.11,0.0,27016,98,0,20,Nacoes Shopping,NS
2026-08-20 00:00:00,0.0,0,0,0,0,0,0,0,0,0.0,0,0.0,0.0,0.0,0,0,0.0,0,0,0,0.0,0.0,0.0,0,0,0,0,Nacoes Shopping,NS
2026-08-15 00:00:00,0.22,0,1379,269,0,92,0,24,30,0.0,48,0.0,1.13,1.79,21661,217,1.16,44,288,2,3.97,85.95,0.0,21421,63,0,10,Nacoes Shopping,NS
2026-08-14 00:00:00,0.27,0,1174,236,0,95,0,35,25,0.0,52,0.0,1.1,0.96,19252,196,1.12,40,258,0,2.6,50.11,0.0,19035,76,2,16,Nacoes Shopping,NS
2026-08-09 00:00:00,0.27,0,1592,318,0,122,0,38,33,0.0,63,0.0,1.15,1.0,23277,265,1.17,52,355,4,2.71,63.04,0.0,23091,90,0,11,Nacoes Shopping,NS
2026-08-04 00:00:00,0.0,0,5,0,0,0,0,0,0,0.0,0,0.0,0.77,0.0,264,0,0.77,0,0,0,0.91,0.24,0.0,263,0,0,0,Nacoes Shopping,NS
2026-08-19 00:00:00,0.0,0,0,0,0,0,0,0,0,0.0,0,0.0,0.0,0.0,0,0,0.0,0,0,0,0.0,0.0,0.0,0,0,0,0,Nacoes Shopping,NS
2026-07-25 00:00:00,0.0,0,0,0,0,0,0,0,0,0.0,0,0.0,0.0,0.0,0,0,0.0,0,0,0,0.0,0.0,0.0,0,0,0,0,Nacoes Shopping,NS
2026-08-18 00:00:00,2.39,0,7,0,0,7,0,0,0,0.0,6,0.0,0.96,3.99,251,0,1.04,0,7,0,95.42,23.95,0.0,206,0,0,1,Nacoes Shopping,NS
2026-08-13 00:00:00,0.22,0,1317,284,0,115,0,28,38,0.0,44,0.0,1.26,1.5,20252,241,1.29,60,308,3,3.27,66.18,0.0,20012,95,1,14,Nacoes Shopping,NS
2026-08-08 00:00:00,0.25,0,1553,341,0,109,0,44,30,0.0,57,0.0,1.45,1.14,22769,285,1.48,44,353,3,2.85,64.87,0.0,22594,95,0,18,Nacoes Shopping,NS
2026-08-07 00:00:00,0.17,0,1511,282,0,101,0,36,27,0.0,41,0.0,1.09,1.26,23446,236,1.1,43,296,0,2.2,51.69,0.0,23262,93,2,19,Nacoes Shopping,NS
2026-08-12 00:00:00,0.31,0,1338,271,0,107,0,36,29,0.0,64,0.0,1.13,0.8,20507,236,1.16,40,299,0,2.5,51.31,0.0,20280,87,0,14,Nacoes Shopping,NS
2026-08-22 00:00:00,0.0,0,0,0,0,0,0,0,0,0.0,0,0.0,0.0,0.0,0,0,0.0,0,0,0,0.0,0.0,0.0,0,0,0,0,Nacoes Shopping,NS
2026-08-17 00:00:00,0.9,0,20,3,0,5,0,1,1,0.0,5,0.0,1.02,13.22,554,3,1.22,1,8,0,119.33,66.11,0.0,479,1,0,1,Nacoes Shopping,NS
2026-08-31 00:00:00,0.0,0,0,0,0,0,0,0,0,0.0,0,0.0,0.0,0.0,0,0,0.0,0,0,0,0.0,0.0,0.0,0,0,0,0,Nacoes Shopping,NS
2026-08-26 00:00:00,0.0,0,0,0,0,0,0,0,0,0.0,0,0.0,0.0,0.0,0,0,0.0,0,0,0,0.0,0.0,0.0,0,0,0,0,Nacoes Shopping,NS
2026-08-28 00:00:00,0.0,0,0,0,0,0,0,0,0,0.0,0,0.0,0.0,0.0,0,0,0.0,0,0,0,0.0,0.0,0.0,0,0,0,0,Nacoes Shopping,NS
2026-08-23 00:00:00,0.0,0,0,0,0,0,0,0,0,0.0,0,0.0,0.0,0.0,0,0,0.0,0,0,0,0.0,0.0,0.0,0,0,0,0,Nacoes Shopping,NS
2026-08-27 00:00:00,0.0,0,0,0,0,0,0,0,0,0.0,0,0.0,0.0,0.0,0,0,0.0,0,0,0,0.0,0.0,0.0,0,0,0,0,Nacoes Shopping,NS
2026-08-29 00:00:00,0.0,0,0,0,0,0,0,0,0,0.0,0,0.0,0.0,0.0,0,0,0.0,0,0,0,0.0,0.0,0.0,0,0,0,0,Nacoes Shopping,NS
2026-08-24 00:00:00,0.0,0,0,0,0,0,0,0,0,0.0,0,0.0,0.0,0.0,0,0,0.0,0,0,0,0.0,0.0,0.0,0,0,0,0,Nacoes Shopping,NS
