hora,shopping,shopping_sigla,comments,conversion_rate,total_complete_payment_rate,spend,shares,likes,cpc,cpm,ctr,clicks,impressions,cost_per_conversion,follows,conversion,clicks_on_music_disc,profile_visits
0,Nacoes Shopping,NS,0,0.0,0.0,32.13,0,7,13.78,412.72999999999996,14.75,18,13389,0.0,2,0,0,20
1,Nacoes Shopping,NS,0,0.0,0.0,21.939999999999998,1,7,7.49,51.32,2.56,13,8411,0.0,0,0,0,16
2,Nacoes Shopping,NS,0,0.0,0.0,24.56,0,5,11.18,100.92,4.13,12,5205,0.0,0,0,0,7
3,Nacoes Shopping,NS,0,0.0,0.0,8.58,0,3,2.9999999999999996,57.0,2.82,6,3408,0.0,0,0,0,2
4,Nacoes Shopping,NS,0,0.0,0.0,6.4,0,3,1.65,56.550000000000004,2.92,5,2805,0.0,0,0,0,4
5,Nacoes Shopping,NS,0,0.0,0.0,8.07,0,4,1.7000000000000002,41.29,1.12,3,3964,0.0,0,0,0,5
6,Nacoes Shopping,NS,0,0.0,0.0,16.34,0,11,6.05,40.64,2.41,12,7914,0.0,1,0,0,11
7,Nacoes Shopping,NS,0,0.0,0.0,37.980000000000004,1,6,12.6,61.23,2.41,15,10134,0.0,0,0,0,7
8,Nacoes Shopping,NS,0,0.0,0.0,17.740000000000002,0,5,7.69,40.97,2.7,14,8604,0.0,2,0,0,7
9,Nacoes Shopping,NS,0,0.0,0.0,28.18,0,8,8.22,61.38,2.64,14,8728,0.0,0,0,0,13
10,Nacoes Shopping,NS,0,0.0,0.0,22.009999999999998,0,8,8.03,46.339999999999996,4.86,27,9095,0.0,1,0,0,16
11,Nacoes Shopping,NS,0,0.0,0.0,25.45,0,6,12.200000000000001,46.15,2.39,16,10745,0.0,2,0,0,18
12,Nacoes Shopping,NS,1,0.0,0.0,73.98,0,19,27.96,214.92,7.38,36,15857,0.0,0,0,0,28
13,Nacoes Shopping,NS,0,0.0,0.0,72.67999999999999,1,13,41.519999999999996,417.9,8.44,41,17338,0.0,2,0,0,36
14,Nacoes Shopping,NS,0,0.0,0.0,69.74,1,16,40.709999999999994,927.55,6.49,39,17894,0.0,3,0,0,31
15,Nacoes Shopping,NS,0,0.0,0.0,42.6,1,18,20.5,316.96,6.72,29,18354,0.0,3,0,0,31
16,Nacoes Shopping,NS,0,0.0,0.0,51.77,0,19,22.91,367.44,13.39,28,18956,0.0,3,0,0,23
17,Nacoes Shopping,NS,0,0.0,0.0,62.26,0,24,24.95,249.51,5.76,32,21328,0.0,3,0,0,29
18,Nacoes Shopping,NS,1,0.0,0.0,57.02,0,20,16.11,32.04,1.94,31,28102,0.0,3,0,0,38
19,Nacoes Shopping,NS,1,0.0,0.0,61.08,1,15,19.99,33.99,1.96,33,27914,0.0,1,0,0,43
20,Nacoes Shopping,NS,0,0.0,0.0,78.76,0,18,19.68,196.57999999999998,4.79,47,29460,0.0,2,0,0,38
21,Nacoes Shopping,NS,0,0.0,0.0,72.03,1,19,13.27,38.65,2.85,49,29500,0.0,0,0,0,48
22,Nacoes Shopping,NS,0,0.0,0.0,59.15,2,27,14.47,89.31,4.33,50,27085,0.0,5,0,0,52
23,Nacoes Shopping,NS,0,0.0,0.0,42.83,0,11,18.24,31.77,2.18,29,22312,0.0,2,0,0,44
