platform,stat_time_day,spend,impressions,cpc,conversion_rate,cpm,cost_per_conversion,ctr,clicks,conversion,shopping,shopping_sigla
ANDROID,2025-09-29 00:00:00,25.51,10179,0.0,0.0,2.51,0.0,0.0,0,0,Nacoes Shopping,NS
IPHONE,2025-09-29 00:00:00,16.99,6903,0.0,0.0,2.46,0.0,0.0,0,0,Nacoes Shopping,NS
IPAD,2025-09-29 00:00:00,0.04,20,0.0,0.0,2.0,0.0,0.0,0,0,Nacoes Shopping,NS
UNKNOWN,2025-09-30 00:00:00,0.01,0,0.0,0.0,0.0,0.0,0.0,0,0,Nacoes Shopping,NS
ANDROID,2025-09-30 00:00:00,25.98,10364,0.0,0.0,2.51,0.0,0.0,0,0,Nacoes Shopping,NS
IPHONE,2025-09-30 00:00:00,15.54,6204,0.0,0.0,2.5,0.0,0.0,0,0,Nacoes Shopping,NS
IPAD,2025-09-30 00:00:00,0.03,16,0.0,0.0,1.88,0.0,0.0,0,0,Nacoes Shopping,NS
UNKNOWN,2025-10-01 00:00:00,0.01,0,0.0,0.0,0.0,0.0,0.0,0,0,Nacoes Shopping,NS
ANDROID,2025-10-01 00:00:00,20.9,10365,0.0,0.0,2.02,0.0,0.0,0,0,Nacoes Shopping,NS
IPHONE,2025-10-01 00:00:00,19.24,8731,0.0,0.0,2.2,0.0,0.0,0,0,Nacoes Shopping,NS
IPAD,2025-10-01 00:00:00,0.04,25,0.0,0.0,1.6,0.0,0.0,0,0,Nacoes Shopping,NS
UNKNOWN,2025-10-02 00:00:00,0.01,0,0.0,0.0,0.0,0.0,0.0,0,0,Nacoes Shopping,NS
ANDROID,2025-10-02 00:00:00,23.18,10956,0.0,0.0,2.12,0.0,0.0,0,0,Nacoes Shopping,NS
IPHONE,2025-10-02 00:00:00,17.53,7715,0.0,0.0,2.27,0.0,0.0,0,0,Nacoes Shopping,NS
IPAD,2025-10-02 00:00:00,0.03,15,0.0,0.0,2.0,0.0,0.0,0,0,Nacoes Shopping,NS
ANDROID,2025-10-03 00:00:00,24.13,11305,0.0,0.0,2.13,0.0,0.0,0,0,Nacoes Shopping,NS
IPHONE,2025-10-03 00:00:00,16.69,8029,0.0,0.0,2.08,0.0,0.0,0,0,Nacoes Shopping,NS
IPAD,2025-10-03 00:00:00,0.01,6,0.0,0.0,1.67,0.0,0.0,0,0,Nacoes Shopping,NS
ANDROID,2025-10-04 00:00:00,22.1,10799,0.0,0.0,2.05,0.0,0.0,0,0,Nacoes Shopping,NS
IPHONE,2025-10-04 00:00:00,16.37,8537,0.0,0.0,1.92,0.0,0.0,0,0,Nacoes Shopping,NS
IPAD,2025-10-04 00:00:00,0.0,6,0.0,0.0,0.0,0.0,0.0,0,0,Nacoes Shopping,NS
ANDROID,2025-10-05 00:00:00,21.17,10803,0.0,0.0,1.96,0.0,0.0,0,0,Nacoes Shopping,NS
IPHONE,2025-10-05 00:00:00,16.33,8421,0.0,0.0,1.94,0.0,0.0,0,0,Nacoes Shopping,NS
IPAD,2025-10-05 00:00:00,0.01,13,0.0,0.0,0.77,0.0,0.0,0,0,Nacoes Shopping,NS
ANDROID,2025-10-06 00:00:00,22.15,10535,0.0,0.0,2.1,0.0,0.0,0,0,Nacoes Shopping,NS
IPHONE,2025-10-06 00:00:00,15.22,7379,0.0,0.0,2.06,0.0,0.0,0,0,Nacoes Shopping,NS
IPAD,2025-10-06 00:00:00,0.02,12,0.0,0.0,1.67,0.0,0.0,0,0,Nacoes Shopping,NS
UNKNOWN,2025-10-07 00:00:00,0.02,0,0.0,0.0,0.0,0.0,0.0,0,0,Nacoes Shopping,NS
ANDROID,2025-10-07 00:00:00,23.44,10341,0.0,0.0,2.27,0.0,0.0,0,0,Nacoes Shopping,NS
IPHONE,2025-10-07 00:00:00,14.52,6712,0.0,0.0,2.16,0.0,0.0,0,0,Nacoes Shopping,NS
IPAD,2025-10-07 00:00:00,0.03,15,0.0,0.0,2.0,0.0,0.0,0,0,Nacoes Shopping,NS
ANDROID,2025-10-08 00:00:00,22.46,9723,0.0,0.0,2.31,0.0,0.0,0,0,Nacoes Shopping,NS
IPHONE,2025-10-08 00:00:00,14.81,6263,0.0,0.0,2.36,0.0,0.0,0,0,Nacoes Shopping,NS
IPAD,2025-10-08 00:00:00,0.02,9,0.0,0.0,2.22,0.0,0.0,0,0,Nacoes Shopping,NS
UNKNOWN,2025-10-09 00:00:00,0.01,0,0.0,0.0,0.0,0.0,0.0,0,0,Nacoes Shopping,NS
ANDROID,2025-10-09 00:00:00,21.18,9328,0.0,0.0,2.27,0.0,0.0,0,0,Nacoes Shopping,NS
IPHONE,2025-10-09 00:00:00,15.53,6626,0.0,0.0,2.34,0.0,0.0,0,0,Nacoes Shopping,NS
IPAD,2025-10-09 00:00:00,0.04,12,0.0,0.0,3.33,0.0,0.0,0,0,Nacoes Shopping,NS
ANDROID,2025-10-10 00:00:00,21.31,10019,0.0,0.0,2.13,0.0,0.0,0,0,Nacoes Shopping,NS
IPHONE,2025-10-10 00:00:00,16.23,7531,0.0,0.0,2.16,0.0,0.0,0,0,Nacoes Shopping,NS
IPAD,2025-10-10 00:00:00,0.04,16,0.0,0.0,2.5,0.0,0.0,0,0,Nacoes Shopping,NS
ANDROID,2025-10-11 00:00:00,19.5,9437,0.0,0.0,2.07,0.0,0.0,0,0,Nacoes Shopping,NS
IPHONE,2025-10-11 00:00:00,15.15,7650,0.0,0.0,1.98,0.0,0.0,0,0,Nacoes Shopping,NS
IPAD,2025-10-11 00:00:00,0.07,14,0.0,0.0,5.0,0.0,0.0,0,0,Nacoes Shopping,NS
ANDROID,2025-10-12 00:00:00,18.81,9399,0.0,0.0,2.0,0.0,0.0,0,0,Nacoes Shopping,NS
IPHONE,2025-10-12 00:00:00,16.02,8222,0.0,0.0,1.95,0.0,0.0,0,0,Nacoes Shopping,NS
IPAD,2025-10-12 00:00:00,0.03,15,0.0,0.0,2.0,0.0,0.0,0,0,Nacoes Shopping,NS
ANDROID,2025-10-13 00:00:00,19.07,8936,0.0,0.0,2.13,0.0,0.0,0,0,Nacoes Shopping,NS
IPHONE,2025-10-13 00:00:00,14.91,7227,0.0,0.0,2.06,0.0,0.0,0,0,Nacoes Shopping,NS
IPAD,2025-10-13 00:00:00,0.0,11,0.0,0.0,0.0,0.0,0.0,0,0,Nacoes Shopping,NS
ANDROID,2025-10-14 00:00:00,19.55,8874,0.0,0.0,2.2,0.0,0.0,0,0,Nacoes Shopping,NS
IPHONE,2025-10-14 00:00:00,14.37,6349,0.0,0.0,2.26,0.0,0.0,0,0,Nacoes Shopping,NS
IPAD,2025-10-14 00:00:00,0.02,13,0.0,0.0,1.54,0.0,0.0,0,0,Nacoes Shopping,NS
ANDROID,2025-10-15 00:00:00,19.88,8297,0.0,0.0,2.4,0.0,0.0,0,0,Nacoes Shopping,NS
IPHONE,2025-10-15 00:00:00,12.8,5594,0.0,0.0,2.29,0.0,0.0,0,0,Nacoes Shopping,NS
IPAD,2025-10-15 00:00:00,0.02,31,0.0,0.0,0.65,0.0,0.0,0,0,Nacoes Shopping,NS
UNKNOWN,2025-10-16 00:00:00,0.02,0,0.0,0.0,0.0,0.0,0.0,0,0,Nacoes Shopping,NS
ANDROID,2025-10-16 00:00:00,19.67,8187,0.0,0.0,2.4,0.0,0.0,0,0,Nacoes Shopping,NS
IPHONE,2025-10-16 00:00:00,13.4,5699,0.0,0.0,2.35,0.0,0.0,0,0,Nacoes Shopping,NS
IPAD,2025-10-16 00:00:00,0.05,29,0.0,0.0,1.72,0.0,0.0,0,0,Nacoes Shopping,NS
ANDROID,2025-10-17 00:00:00,19.28,8277,0.0,0.0,2.33,0.0,0.0,0,0,Nacoes Shopping,NS
IPHONE,2025-10-17 00:00:00,14.29,6355,0.0,0.0,2.25,0.0,0.0,0,0,Nacoes Shopping,NS
IPAD,2025-10-17 00:00:00,0.02,12,0.0,0.0,1.67,0.0,0.0,0,0,Nacoes Shopping,NS
ANDROID,2025-10-18 00:00:00,16.81,7911,0.0,0.0,2.12,0.0,0.0,0,0,Nacoes Shopping,NS
IPHONE,2025-10-18 00:00:00,14.1,6591,0.0,0.0,2.14,0.0,0.0,0,0,Nacoes Shopping,NS
IPAD,2025-10-18 00:00:00,0.03,14,0.0,0.0,2.14,0.0,0.0,0,0,Nacoes Shopping,NS
ANDROID,2025-10-19 00:00:00,16.76,7541,0.0,0.0,2.22,0.0,0.0,0,0,Nacoes Shopping,NS
IPHONE,2025-10-19 00:00:00,12.59,6245,0.0,0.0,2.02,0.0,0.0,0,0,Nacoes Shopping,NS
IPAD,2025-10-19 00:00:00,0.0,11,0.0,0.0,0.0,0.0,0.0,0,0,Nacoes Shopping,NS
ANDROID,2025-10-20 00:00:00,16.64,7283,0.0,0.0,2.28,0.0,0.0,0,0,Nacoes Shopping,NS
IPHONE,2025-10-20 00:00:00,11.88,5446,0.0,0.0,2.18,0.0,0.0,0,0,Nacoes Shopping,NS
IPAD,2025-10-20 00:00:00,0.02,8,0.0,0.0,2.5,0.0,0.0,0,0,Nacoes Shopping,NS
UNKNOWN,2025-10-21 00:00:00,0.01,0,0.0,0.0,0.0,0.0,0.0,0,0,Nacoes Shopping,NS
ANDROID,2025-10-21 00:00:00,16.27,6559,0.0,0.0,2.48,0.0,0.0,0,0,Nacoes Shopping,NS
IPHONE,2025-10-21 00:00:00,10.87,4470,0.0,0.0,2.43,0.0,0.0,0,0,Nacoes Shopping,NS
IPAD,2025-10-21 00:00:00,0.03,10,0.0,0.0,3.0,0.0,0.0,0,0,Nacoes Shopping,NS
ANDROID,2025-10-22 00:00:00,16.31,6145,0.0,0.0,2.65,0.0,0.0,0,0,Nacoes Shopping,NS
IPHONE,2025-10-22 00:00:00,8.9,3564,0.0,0.0,2.5,0.0,0.0,0,0,Nacoes Shopping,NS
IPAD,2025-10-22 00:00:00,0.03,13,0.0,0.0,2.31,0.0,0.0,0,0,Nacoes Shopping,NS
UNKNOWN,2025-10-23 00:00:00,0.01,0,0.0,0.0,0.0,0.0,0.0,0,0,Nacoes Shopping,NS
ANDROID,2025-10-23 00:00:00,14.72,5648,0.0,0.0,2.61,0.0,0.0,0,0,Nacoes Shopping,NS
IPHONE,2025-10-23 00:00:00,8.18,3340,0.0,0.0,2.45,0.0,0.0,0,0,Nacoes Shopping,NS
IPAD,2025-10-23 00:00:00,0.04,7,0.0,0.0,5.71,0.0,0.0,0,0,Nacoes Shopping,NS
ANDROID,2025-10-24 00:00:00,8.85,3594,0.0,0.0,2.46,0.0,0.0,0,0,Nacoes Shopping,NS
IPHONE,2025-10-24 00:00:00,5.06,2310,0.0,0.0,2.19,0.0,0.0,0,0,Nacoes Shopping,NS
IPAD,2025-10-24 00:00:00,0.02,6,0.0,0.0,3.33,0.0,0.0,0,0,Nacoes Shopping,NS
ANDROID,2025-10-25 00:00:00,5.08,2144,0.0,0.0,2.37,0.0,0.0,0,0,Nacoes Shopping,NS
IPHONE,2025-10-25 00:00:00,3.75,1854,0.0,0.0,2.02,0.0,0.0,0,0,Nacoes Shopping,NS
IPAD,2025-10-25 00:00:00,0.01,7,0.0,0.0,1.43,0.0,0.0,0,0,Nacoes Shopping,NS
ANDROID,2025-10-26 00:00:00,0.93,466,0.0,0.0,2.0,0.0,0.0,0,0,Nacoes Shopping,NS
IPHONE,2025-10-26 00:00:00,0.69,358,0.0,0.0,1.93,0.0,0.0,0,0,Nacoes Shopping,NS
IPAD,2025-10-26 00:00:00,0.01,1,0.0,0.0,10.0,0.0,0.0,0,0,Nacoes Shopping,NS
ANDROID,2025-10-27 00:00:00,0.0,0,0.0,0.0,0.0,0.0,0.0,0,0,Nacoes Shopping,NS
ANDROID,2025-10-30 00:00:00,28.08,8827,9.36,0.0,3.18,0.0,0.03,3,0,Nacoes Shopping,NS
IPHONE,2025-10-30 00:00:00,10.83,4410,5.42,0.0,2.46,0.0,0.05,2,0,Nacoes Shopping,NS
IPAD,2025-10-30 00:00:00,0.07,18,0.0,0.0,3.89,0.0,0.0,0,0,Nacoes Shopping,NS
ANDROID,2025-10-31 00:00:00,50.92,15930,12.73,0.0,3.2,0.0,0.03,4,0,Nacoes Shopping,NS
IPHONE,2025-10-31 00:00:00,26.53,9641,6.63,0.0,2.75,0.0,0.04,4,0,Nacoes Shopping,NS
IPAD,2025-10-31 00:00:00,0.19,47,0.19,0.0,4.04,0.0,2.13,1,0,Nacoes Shopping,NS
ANDROID,2025-11-01 00:00:00,46.56,17392,4.23,0.0,2.68,0.0,0.06,11,0,Nacoes Shopping,NS
IPHONE,2025-11-01 00:00:00,27.52,11535,6.88,0.0,2.39,0.0,0.03,4,0,Nacoes Shopping,NS
IPAD,2025-11-01 00:00:00,0.2,56,0.0,0.0,3.57,0.0,0.0,0,0,Nacoes Shopping,NS
ANDROID,2025-11-02 00:00:00,44.43,16465,3.42,0.0,2.7,0.0,0.08,13,0,Nacoes Shopping,NS
IPHONE,2025-11-02 00:00:00,24.26,11251,3.03,0.0,2.16,0.0,0.07,8,0,Nacoes Shopping,NS
IPAD,2025-11-02 00:00:00,0.12,45,0.0,0.0,2.67,0.0,0.0,0,0,Nacoes Shopping,NS
ANDROID,2025-11-03 00:00:00,45.65,16125,15.22,0.0,2.83,0.0,0.02,3,0,Nacoes Shopping,NS
IPHONE,2025-11-03 00:00:00,21.75,9604,5.44,0.0,2.26,0.0,0.04,4,0,Nacoes Shopping,NS
IPAD,2025-11-03 00:00:00,0.13,42,0.0,0.0,3.1,0.0,0.0,0,0,Nacoes Shopping,NS
UNKNOWN,2025-11-04 00:00:00,0.01,0,0.0,0.0,0.0,0.0,0.0,0,0,Nacoes Shopping,NS
ANDROID,2025-11-04 00:00:00,46.15,16799,9.23,0.0,2.75,0.0,0.03,5,0,Nacoes Shopping,NS
IPHONE,2025-11-04 00:00:00,22.88,9991,4.58,0.0,2.29,0.0,0.05,5,0,Nacoes Shopping,NS
IPAD,2025-11-04 00:00:00,0.27,67,0.0,0.0,4.03,0.0,0.0,0,0,Nacoes Shopping,NS
ANDROID,2025-11-05 00:00:00,43.63,15633,5.45,0.0,2.79,0.0,0.05,8,0,Nacoes Shopping,NS
IPHONE,2025-11-05 00:00:00,24.13,9570,3.45,0.0,2.52,0.0,0.07,7,0,Nacoes Shopping,NS
IPAD,2025-11-05 00:00:00,0.07,32,0.07,0.0,2.19,0.0,3.13,1,0,Nacoes Shopping,NS
UNKNOWN,2025-11-06 00:00:00,0.01,0,0.0,0.0,0.0,0.0,0.0,0,0,Nacoes Shopping,NS
ANDROID,2025-11-06 00:00:00,42.59,13998,10.65,0.0,3.04,0.0,0.03,4,0,Nacoes Shopping,NS
IPHONE,2025-11-06 00:00:00,22.49,8868,3.21,0.0,2.54,0.0,0.08,7,0,Nacoes Shopping,NS
IPAD,2025-11-06 00:00:00,0.15,49,0.0,0.0,3.06,0.0,0.0,0,0,Nacoes Shopping,NS
ANDROID,2025-11-07 00:00:00,38.81,12597,9.7,0.0,3.08,0.0,0.03,4,0,Nacoes Shopping,NS
IPHONE,2025-11-07 00:00:00,21.0,7840,5.25,0.0,2.68,0.0,0.05,4,0,Nacoes Shopping,NS
IPAD,2025-11-07 00:00:00,0.09,40,0.0,0.0,2.25,0.0,0.0,0,0,Nacoes Shopping,NS
ANDROID,2025-11-08 00:00:00,28.21,10349,2.82,0.0,2.73,0.0,0.1,10,0,Nacoes Shopping,NS
IPHONE,2025-11-08 00:00:00,17.88,7510,3.58,0.0,2.38,0.0,0.07,5,0,Nacoes Shopping,NS
IPAD,2025-11-08 00:00:00,0.07,26,0.0,0.0,2.69,0.0,0.0,0,0,Nacoes Shopping,NS
ANDROID,2025-11-09 00:00:00,24.52,8662,0.0,0.0,2.83,0.0,0.0,0,0,Nacoes Shopping,NS
IPHONE,2025-11-09 00:00:00,15.62,6384,3.12,0.0,2.45,0.0,0.08,5,0,Nacoes Shopping,NS
IPAD,2025-11-09 00:00:00,0.05,25,0.0,0.0,2.0,0.0,0.0,0,0,Nacoes Shopping,NS
ANDROID,2025-11-10 00:00:00,26.16,8552,5.23,0.0,3.06,0.0,0.06,5,0,Nacoes Shopping,NS
IPHONE,2025-11-10 00:00:00,15.23,6116,3.81,0.0,2.49,0.0,0.07,4,0,Nacoes Shopping,NS
IPAD,2025-11-10 00:00:00,0.09,12,0.0,0.0,7.5,0.0,0.0,0,0,Nacoes Shopping,NS
UNKNOWN,2025-11-11 00:00:00,0.0,0,0.0,0.0,0.0,0.0,0.0,0,0,Nacoes Shopping,NS
ANDROID,2025-11-11 00:00:00,71.17,15458,0.08,0.0,4.6,0.0,5.62,868,0,Nacoes Shopping,NS
IPHONE,2025-11-11 00:00:00,14.74,4386,2.11,0.0,3.36,0.0,0.16,7,0,Nacoes Shopping,NS
IPAD,2025-11-11 00:00:00,0.27,18,0.0,0.0,15.0,0.0,0.0,0,0,Nacoes Shopping,NS
UNKNOWN,2025-11-12 00:00:00,0.0,0,0.0,0.0,0.0,0.0,0.0,0,0,Nacoes Shopping,NS
ANDROID,2025-11-12 00:00:00,65.84,14540,0.07,0.0,4.53,0.0,6.37,926,0,Nacoes Shopping,NS
IPHONE,2025-11-12 00:00:00,14.42,4250,1.31,0.0,3.39,0.0,0.26,11,0,Nacoes Shopping,NS
IPAD,2025-11-12 00:00:00,0.05,11,0.0,0.0,4.55,0.0,0.0,0,0,Nacoes Shopping,NS
UNKNOWN,2025-11-13 00:00:00,0.0,0,0.0,0.0,0.0,0.0,0.0,0,0,Nacoes Shopping,NS
ANDROID,2025-11-13 00:00:00,74.2,14482,0.06,0.0,5.12,0.0,8.41,1218,0,Nacoes Shopping,NS
IPHONE,2025-11-13 00:00:00,13.52,3846,1.5,0.0,3.52,0.0,0.23,9,0,Nacoes Shopping,NS
IPAD,2025-11-13 00:00:00,0.05,16,0.0,0.0,3.13,0.0,0.0,0,0,Nacoes Shopping,NS
UNKNOWN,2025-11-14 00:00:00,0.01,0,0.0,0.0,0.0,0.0,0.0,0,0,Nacoes Shopping,NS
ANDROID,2025-11-14 00:00:00,77.91,13351,0.06,0.0,5.84,0.0,9.96,1330,0,Nacoes Shopping,NS
IPHONE,2025-11-14 00:00:00,12.44,3599,3.11,0.0,3.46,0.0,0.11,4,0,Nacoes Shopping,NS
IPAD,2025-11-14 00:00:00,0.03,7,0.0,0.0,4.29,0.0,0.0,0,0,Nacoes Shopping,NS
UNKNOWN,2025-11-15 00:00:00,0.0,1,0.0,0.0,0.0,0.0,0.0,0,0,Nacoes Shopping,NS
ANDROID,2025-11-15 00:00:00,60.02,12675,0.08,0.0,4.74,0.0,5.85,742,0,Nacoes Shopping,NS
IPHONE,2025-11-15 00:00:00,17.01,4220,1.22,0.0,4.03,0.0,0.33,14,0,Nacoes Shopping,NS
IPAD,2025-11-15 00:00:00,0.04,25,0.0,0.0,1.6,0.0,0.0,0,0,Nacoes Shopping,NS
UNKNOWN,2025-11-16 00:00:00,0.0,0,0.0,0.0,0.0,0.0,0.0,0,0,Nacoes Shopping,NS
ANDROID,2025-11-16 00:00:00,65.3,12990,0.06,0.0,5.03,0.0,8.08,1050,0,Nacoes Shopping,NS
IPHONE,2025-11-16 00:00:00,15.47,3839,1.93,0.0,4.03,0.0,0.21,8,0,Nacoes Shopping,NS
IPAD,2025-11-16 00:00:00,0.02,16,0.0,0.0,1.25,0.0,0.0,0,0,Nacoes Shopping,NS
UNKNOWN,2025-11-17 00:00:00,0.01,0,0.0,0.0,0.0,0.0,0.0,0,0,Nacoes Shopping,NS
ANDROID,2025-11-17 00:00:00,64.25,12412,0.06,0.0,5.18,0.0,8.31,1032,0,Nacoes Shopping,NS
IPHONE,2025-11-17 00:00:00,12.96,3651,2.59,0.0,3.55,0.0,0.14,5,0,Nacoes Shopping,NS
IPAD,2025-11-17 00:00:00,0.01,8,0.0,0.0,1.25,0.0,0.0,0,0,Nacoes Shopping,NS
UNKNOWN,2025-11-18 00:00:00,0.0,1,0.0,0.0,0.0,0.0,0.0,0,0,Nacoes Shopping,NS
ANDROID,2025-11-18 00:00:00,60.16,10623,0.1,0.0,5.66,0.0,5.74,610,0,Nacoes Shopping,NS
IPHONE,2025-11-18 00:00:00,13.76,4462,0.98,0.0,3.08,0.0,0.31,14,0,Nacoes Shopping,NS
IPAD,2025-11-18 00:00:00,0.01,14,0.0,0.0,0.71,0.0,0.0,0,0,Nacoes Shopping,NS
UNKNOWN,2025-11-19 00:00:00,0.0,0,0.0,0.0,0.0,0.0,0.0,0,0,Nacoes Shopping,NS
ANDROID,2025-11-19 00:00:00,61.67,10735,0.07,0.0,5.74,0.0,8.14,874,0,Nacoes Shopping,NS
IPHONE,2025-11-19 00:00:00,15.57,3755,1.3,0.0,4.15,0.0,0.32,12,0,Nacoes Shopping,NS
IPAD,2025-11-19 00:00:00,0.01,9,0.0,0.0,1.11,0.0,0.0,0,0,Nacoes Shopping,NS
UNKNOWN,2025-11-20 00:00:00,0.0,0,0.0,0.0,0.0,0.0,0.0,0,0,Nacoes Shopping,NS
ANDROID,2025-11-20 00:00:00,57.89,11434,0.07,0.0,5.06,0.0,7.47,854,0,Nacoes Shopping,NS
IPHONE,2025-11-20 00:00:00,16.56,3875,1.04,0.0,4.27,0.0,0.41,16,0,Nacoes Shopping,NS
IPAD,2025-11-20 00:00:00,0.04,12,0.0,0.0,3.33,0.0,0.0,0,0,Nacoes Shopping,NS
UNKNOWN,2025-11-21 00:00:00,0.0,0,0.0,0.0,0.0,0.0,0.0,0,0,Nacoes Shopping,NS
ANDROID,2025-11-21 00:00:00,53.88,11723,0.07,0.0,4.6,0.0,7.0,821,0,Nacoes Shopping,NS
IPHONE,2025-11-21 00:00:00,11.87,3271,1.48,0.0,3.63,0.0,0.24,8,0,Nacoes Shopping,NS
IPAD,2025-11-21 00:00:00,0.02,12,0.0,0.0,1.67,0.0,0.0,0,0,Nacoes Shopping,NS
UNKNOWN,2025-11-22 00:00:00,0.01,0,0.0,0.0,0.0,0.0,0.0,0,0,Nacoes Shopping,NS
ANDROID,2025-11-22 00:00:00,52.76,11548,0.06,0.0,4.57,0.0,7.25,837,0,Nacoes Shopping,NS
IPHONE,2025-11-22 00:00:00,11.58,3159,1.93,0.0,3.67,0.0,0.19,6,0,Nacoes Shopping,NS
IPAD,2025-11-22 00:00:00,0.05,11,0.0,0.0,4.55,0.0,0.0,0,0,Nacoes Shopping,NS
UNKNOWN,2025-11-23 00:00:00,0.0,0,0.0,0.0,0.0,0.0,0.0,0,0,Nacoes Shopping,NS
ANDROID,2025-11-23 00:00:00,54.16,12995,0.06,0.0,4.17,0.0,6.87,893,0,Nacoes Shopping,NS
IPHONE,2025-11-23 00:00:00,11.4,3389,1.63,0.0,3.36,0.0,0.21,7,0,Nacoes Shopping,NS
IPAD,2025-11-23 00:00:00,0.02,5,0.0,0.0,4.0,0.0,0.0,0,0,Nacoes Shopping,NS
UNKNOWN,2025-11-24 00:00:00,0.0,0,0.0,0.0,0.0,0.0,0.0,0,0,Nacoes Shopping,NS
ANDROID,2025-11-24 00:00:00,51.76,10007,0.06,0.0,5.17,0.0,8.38,839,0,Nacoes Shopping,NS
IPHONE,2025-11-24 00:00:00,10.54,2940,0.96,0.0,3.59,0.0,0.37,11,0,Nacoes Shopping,NS
IPAD,2025-11-24 00:00:00,0.02,7,0.0,0.0,2.86,0.0,0.0,0,0,Nacoes Shopping,NS
UNKNOWN,2025-11-25 00:00:00,0.0,0,0.0,0.0,0.0,0.0,0.0,0,0,Nacoes Shopping,NS
ANDROID,2025-11-25 00:00:00,78.77,20044,0.1,0.0,3.93,0.0,3.9,781,0,Nacoes Shopping,NS
IPHONE,2025-11-25 00:00:00,26.22,9216,2.91,0.0,2.85,0.0,0.1,9,0,Nacoes Shopping,NS
IPAD,2025-11-25 00:00:00,0.01,15,0.0,0.0,0.67,0.0,0.0,0,0,Nacoes Shopping,NS
UNKNOWN,2025-11-26 00:00:00,0.0,0,0.0,0.0,0.0,0.0,0.0,0,0,Nacoes Shopping,NS
ANDROID,2025-11-26 00:00:00,88.59,24612,0.11,0.0,3.6,0.0,3.29,809,0,Nacoes Shopping,NS
IPHONE,2025-11-26 00:00:00,31.92,11120,15.96,0.0,2.87,0.0,0.02,2,0,Nacoes Shopping,NS
IPAD,2025-11-26 00:00:00,0.07,19,0.0,0.0,3.68,0.0,0.0,0,0,Nacoes Shopping,NS
UNKNOWN,2025-11-27 00:00:00,0.0,0,0.0,0.0,0.0,0.0,0.0,0,0,Nacoes Shopping,NS
ANDROID,2025-11-27 00:00:00,95.56,24095,0.14,0.0,3.97,0.0,2.86,690,0,Nacoes Shopping,NS
IPHONE,2025-11-27 00:00:00,36.25,10780,6.04,0.0,3.36,0.0,0.06,6,0,Nacoes Shopping,NS
IPAD,2025-11-27 00:00:00,0.09,26,0.0,0.0,3.46,0.0,0.0,0,0,Nacoes Shopping,NS
UNKNOWN,2025-11-28 00:00:00,0.0,0,0.0,0.0,0.0,0.0,0.0,0,0,Nacoes Shopping,NS
ANDROID,2025-11-28 00:00:00,94.6,21746,0.13,0.0,4.35,0.0,3.26,709,0,Nacoes Shopping,NS
IPHONE,2025-11-28 00:00:00,31.13,8654,4.45,0.0,3.6,0.0,0.08,7,0,Nacoes Shopping,NS
IPAD,2025-11-28 00:00:00,0.15,27,0.0,0.0,5.56,0.0,0.0,0,0,Nacoes Shopping,NS
UNKNOWN,2025-11-29 00:00:00,0.0,0,0.0,0.0,0.0,0.0,0.0,0,0,Nacoes Shopping,NS
ANDROID,2025-11-29 00:00:00,94.86,23360,0.11,0.0,4.06,0.0,3.75,877,0,Nacoes Shopping,NS
IPHONE,2025-11-29 00:00:00,33.74,9656,4.82,0.0,3.49,0.0,0.07,7,0,Nacoes Shopping,NS
IPAD,2025-11-29 00:00:00,0.03,13,0.0,0.0,2.31,0.0,0.0,0,0,Nacoes Shopping,NS
UNKNOWN,2025-11-30 00:00:00,0.0,0,0.0,0.0,0.0,0.0,0.0,0,0,Nacoes Shopping,NS
ANDROID,2025-11-30 00:00:00,62.74,14534,0.06,0.0,4.32,0.0,6.91,1005,0,Nacoes Shopping,NS
IPHONE,2025-11-30 00:00:00,16.95,4887,1.7,0.0,3.47,0.0,0.2,10,0,Nacoes Shopping,NS
IPAD,2025-11-30 00:00:00,0.0,1,0.0,0.0,0.0,0.0,0.0,0,0,Nacoes Shopping,NS
UNKNOWN,2025-12-01 00:00:00,0.02,0,0.0,0.0,0.0,0.0,0.0,0,0,Nacoes Shopping,NS
ANDROID,2025-12-01 00:00:00,53.89,15036,0.06,0.0,3.58,0.0,6.35,955,0,Nacoes Shopping,NS
IPHONE,2025-12-01 00:00:00,15.18,4567,1.17,0.0,3.32,0.0,0.28,13,0,Nacoes Shopping,NS
IPAD,2025-12-01 00:00:00,0.04,6,0.0,0.0,6.67,0.0,0.0,0,0,Nacoes Shopping,NS
UNKNOWN,2025-12-02 00:00:00,0.0,0,0.0,0.0,0.0,0.0,0.0,0,0,Nacoes Shopping,NS
ANDROID,2025-12-02 00:00:00,57.97,14759,0.06,0.0,3.93,0.0,6.91,1020,0,Nacoes Shopping,NS
IPHONE,2025-12-02 00:00:00,14.74,4938,0.78,0.0,2.99,0.0,0.38,19,0,Nacoes Shopping,NS
IPAD,2025-12-02 00:00:00,0.04,18,0.04,0.0,2.22,0.0,5.56,1,0,Nacoes Shopping,NS
UNKNOWN,2025-12-03 00:00:00,0.0,0,0.0,0.0,0.0,0.0,0.0,0,0,Nacoes Shopping,NS
ANDROID,2025-12-03 00:00:00,57.42,17095,0.06,0.0,3.36,0.0,5.86,1002,0,Nacoes Shopping,NS
IPHONE,2025-12-03 00:00:00,18.83,6710,0.86,0.0,2.81,0.0,0.33,22,0,Nacoes Shopping,NS
IPAD,2025-12-03 00:00:00,0.04,15,0.0,0.0,2.67,0.0,0.0,0,0,Nacoes Shopping,NS
UNKNOWN,2025-12-04 00:00:00,0.0,0,0.0,0.0,0.0,0.0,0.0,0,0,Nacoes Shopping,NS
ANDROID,2025-12-04 00:00:00,69.44,21044,0.07,0.0,3.3,0.0,4.81,1012,0,Nacoes Shopping,NS
IPHONE,2025-12-04 00:00:00,21.67,8132,0.87,0.0,2.66,0.0,0.31,25,0,Nacoes Shopping,NS
IPAD,2025-12-04 00:00:00,0.03,32,0.0,0.0,0.94,0.0,0.0,0,0,Nacoes Shopping,NS
UNKNOWN,2025-12-05 00:00:00,0.02,0,0.0,0.0,0.0,0.0,0.0,0,0,Nacoes Shopping,NS
ANDROID,2025-12-05 00:00:00,68.31,19657,0.08,0.0,3.48,0.0,4.51,886,0,Nacoes Shopping,NS
IPHONE,2025-12-05 00:00:00,23.02,8117,1.21,0.0,2.84,0.0,0.23,19,0,Nacoes Shopping,NS
IPAD,2025-12-05 00:00:00,0.09,34,0.0,0.0,2.65,0.0,0.0,0,0,Nacoes Shopping,NS
UNKNOWN,2025-12-06 00:00:00,0.02,0,0.0,0.0,0.0,0.0,0.0,0,0,Nacoes Shopping,NS
ANDROID,2025-12-06 00:00:00,72.16,17997,0.07,0.0,4.01,0.0,5.53,995,0,Nacoes Shopping,NS
IPHONE,2025-12-06 00:00:00,25.05,8015,1.09,0.0,3.13,0.0,0.29,23,0,Nacoes Shopping,NS
IPAD,2025-12-06 00:00:00,0.04,21,0.0,0.0,1.9,0.0,0.0,0,0,Nacoes Shopping,NS
UNKNOWN,2025-12-07 00:00:00,0.0,0,0.0,0.0,0.0,0.0,0.0,0,0,Nacoes Shopping,NS
ANDROID,2025-12-07 00:00:00,67.1,17918,0.08,0.0,3.74,0.0,4.54,814,0,Nacoes Shopping,NS
IPHONE,2025-12-07 00:00:00,27.16,8382,0.8,0.0,3.24,0.0,0.41,34,0,Nacoes Shopping,NS
IPAD,2025-12-07 00:00:00,0.07,15,0.0,0.0,4.67,0.0,0.0,0,0,Nacoes Shopping,NS
UNKNOWN,2025-12-08 00:00:00,0.0,0,0.0,0.0,0.0,0.0,0.0,0,0,Nacoes Shopping,NS
ANDROID,2025-12-08 00:00:00,72.72,20298,0.07,0.0,3.58,0.0,5.06,1028,0,Nacoes Shopping,NS
IPHONE,2025-12-08 00:00:00,26.41,9076,0.94,0.0,2.91,0.0,0.31,28,0,Nacoes Shopping,NS
IPAD,2025-12-08 00:00:00,0.31,15,0.31,0.0,20.67,0.0,6.67,1,0,Nacoes Shopping,NS
UNKNOWN,2025-12-09 00:00:00,0.0,0,0.0,0.0,0.0,0.0,0.0,0,0,Nacoes Shopping,NS
ANDROID,2025-12-09 00:00:00,72.42,21812,0.07,0.0,3.32,0.0,4.61,1006,0,Nacoes Shopping,NS
IPHONE,2025-12-09 00:00:00,21.72,8840,1.03,0.0,2.46,0.0,0.24,21,0,Nacoes Shopping,NS
IPAD,2025-12-09 00:00:00,0.04,20,0.0,0.0,2.0,0.0,0.0,0,0,Nacoes Shopping,NS
UNKNOWN,2025-12-10 00:00:00,0.0,0,0.0,0.0,0.0,0.0,0.0,0,0,Nacoes Shopping,NS
ANDROID,2025-12-10 00:00:00,68.5,20793,0.1,0.0,3.29,0.0,3.4,708,0,Nacoes Shopping,NS
IPHONE,2025-12-10 00:00:00,24.93,9791,0.69,0.0,2.55,0.0,0.37,36,0,Nacoes Shopping,NS
IPAD,2025-12-10 00:00:00,0.02,31,0.0,0.0,0.65,0.0,0.0,0,0,Nacoes Shopping,NS
UNKNOWN,2025-12-11 00:00:00,0.02,0,0.0,0.0,0.0,0.0,0.0,0,0,Nacoes Shopping,NS
ANDROID,2025-12-11 00:00:00,71.97,19882,0.1,0.0,3.62,0.0,3.74,744,0,Nacoes Shopping,NS
IPHONE,2025-12-11 00:00:00,22.39,8900,0.97,0.0,2.52,0.0,0.26,23,0,Nacoes Shopping,NS
IPAD,2025-12-11 00:00:00,0.11,33,0.0,0.0,3.33,0.0,0.0,0,0,Nacoes Shopping,NS
UNKNOWN,2025-12-12 00:00:00,0.01,0,0.0,0.0,0.0,0.0,0.0,0,0,Nacoes Shopping,NS
ANDROID,2025-12-12 00:00:00,80.21,20796,0.06,0.0,3.86,0.0,5.94,1236,0,Nacoes Shopping,NS
IPHONE,2025-12-12 00:00:00,21.46,8194,0.98,0.0,2.62,0.0,0.27,22,0,Nacoes Shopping,NS
IPAD,2025-12-12 00:00:00,0.05,24,0.0,0.0,2.08,0.0,0.0,0,0,Nacoes Shopping,NS
UNKNOWN,2025-12-13 00:00:00,0.0,0,0.0,0.0,0.0,0.0,0.0,0,0,Nacoes Shopping,NS
ANDROID,2025-12-13 00:00:00,70.41,21208,0.08,0.0,3.32,0.0,4.31,914,0,Nacoes Shopping,NS
IPHONE,2025-12-13 00:00:00,22.1,8755,0.96,0.0,2.52,0.0,0.26,23,0,Nacoes Shopping,NS
IPAD,2025-12-13 00:00:00,0.03,16,0.0,0.0,1.88,0.0,0.0,0,0,Nacoes Shopping,NS
UNKNOWN,2025-12-14 00:00:00,0.0,0,0.0,0.0,0.0,0.0,0.0,0,0,Nacoes Shopping,NS
ANDROID,2025-12-14 00:00:00,71.22,21271,0.06,0.0,3.35,0.0,5.27,1121,0,Nacoes Shopping,NS
IPHONE,2025-12-14 00:00:00,21.24,9294,1.06,0.0,2.29,0.0,0.22,20,0,Nacoes Shopping,NS
IPAD,2025-12-14 00:00:00,0.11,18,0.11,0.0,6.11,0.0,5.56,1,0,Nacoes Shopping,NS
UNKNOWN,2025-12-15 00:00:00,0.0,0,0.0,0.0,0.0,0.0,0.0,0,0,Nacoes Shopping,NS
ANDROID,2025-12-15 00:00:00,66.92,20799,0.07,0.0,3.22,0.0,4.51,937,0,Nacoes Shopping,NS
IPHONE,2025-12-15 00:00:00,21.03,9582,0.78,0.0,2.19,0.0,0.28,27,0,Nacoes Shopping,NS
IPAD,2025-12-15 00:00:00,0.11,40,0.0,0.0,2.75,0.0,0.0,0,0,Nacoes Shopping,NS
UNKNOWN,2025-12-16 00:00:00,0.01,0,0.0,0.0,0.0,0.0,0.0,0,0,Nacoes Shopping,NS
ANDROID,2025-12-16 00:00:00,64.1,19914,0.06,0.0,3.22,0.0,5.11,1018,0,Nacoes Shopping,NS
IPHONE,2025-12-16 00:00:00,20.7,8436,1.73,0.0,2.45,0.0,0.14,12,0,Nacoes Shopping,NS
IPAD,2025-12-16 00:00:00,0.13,28,0.0,0.0,4.64,0.0,0.0,0,0,Nacoes Shopping,NS
UNKNOWN,2025-12-17 00:00:00,0.01,0,0.0,0.0,0.0,0.0,0.0,0,0,Nacoes Shopping,NS
ANDROID,2025-12-17 00:00:00,64.48,21033,0.08,0.0,3.07,0.0,3.97,834,0,Nacoes Shopping,NS
IPHONE,2025-12-17 00:00:00,18.98,7094,3.8,0.0,2.68,0.0,0.07,5,0,Nacoes Shopping,NS
IPAD,2025-12-17 00:00:00,0.01,13,0.0,0.0,0.77,0.0,0.0,0,0,Nacoes Shopping,NS
UNKNOWN,2025-12-18 00:00:00,0.01,0,0.0,0.0,0.0,0.0,0.0,0,0,Nacoes Shopping,NS
ANDROID,2025-12-18 00:00:00,61.66,18256,0.07,0.0,3.38,0.0,4.53,827,0,Nacoes Shopping,NS
IPHONE,2025-12-18 00:00:00,18.46,6743,1.68,0.0,2.74,0.0,0.16,11,0,Nacoes Shopping,NS
IPAD,2025-12-18 00:00:00,0.01,11,0.0,0.0,0.91,0.0,0.0,0,0,Nacoes Shopping,NS
UNKNOWN,2025-12-19 00:00:00,0.03,0,0.0,0.0,0.0,0.0,0.0,0,0,Nacoes Shopping,NS
ANDROID,2025-12-19 00:00:00,64.74,19312,0.07,0.0,3.35,0.0,5.03,971,0,Nacoes Shopping,NS
IPHONE,2025-12-19 00:00:00,18.22,6407,0.73,0.0,2.84,0.0,0.39,25,0,Nacoes Shopping,NS
IPAD,2025-12-19 00:00:00,0.04,12,0.0,0.0,3.33,0.0,0.0,0,0,Nacoes Shopping,NS
UNKNOWN,2025-12-20 00:00:00,0.0,0,0.0,0.0,0.0,0.0,0.0,0,0,Nacoes Shopping,NS
ANDROID,2025-12-20 00:00:00,65.29,18652,0.08,0.0,3.5,0.0,4.57,853,0,Nacoes Shopping,NS
IPHONE,2025-12-20 00:00:00,17.3,6424,3.46,0.0,2.69,0.0,0.08,5,0,Nacoes Shopping,NS
IPAD,2025-12-20 00:00:00,0.05,28,0.0,0.0,1.79,0.0,0.0,0,0,Nacoes Shopping,NS
UNKNOWN,2025-12-21 00:00:00,0.01,0,0.0,0.0,0.0,0.0,0.0,0,0,Nacoes Shopping,NS
ANDROID,2025-12-21 00:00:00,64.6,20873,0.08,0.0,3.09,0.0,3.76,784,0,Nacoes Shopping,NS
IPHONE,2025-12-21 00:00:00,17.89,7098,1.19,0.0,2.52,0.0,0.21,15,0,Nacoes Shopping,NS
IPAD,2025-12-21 00:00:00,0.07,20,0.0,0.0,3.5,0.0,0.0,0,0,Nacoes Shopping,NS
UNKNOWN,2025-12-22 00:00:00,0.01,0,0.0,0.0,0.0,0.0,0.0,0,0,Nacoes Shopping,NS
ANDROID,2025-12-22 00:00:00,64.36,19609,0.07,0.0,3.28,0.0,4.97,974,0,Nacoes Shopping,NS
IPHONE,2025-12-22 00:00:00,17.24,7293,8.62,0.0,2.36,0.0,0.03,2,0,Nacoes Shopping,NS
IPAD,2025-12-22 00:00:00,0.13,24,0.0,0.0,5.42,0.0,0.0,0,0,Nacoes Shopping,NS
UNKNOWN,2025-12-23 00:00:00,0.01,0,0.0,0.0,0.0,0.0,0.0,0,0,Nacoes Shopping,NS
ANDROID,2025-12-23 00:00:00,63.51,18179,0.08,0.0,3.49,0.0,4.26,775,0,Nacoes Shopping,NS
IPHONE,2025-12-23 00:00:00,18.32,7675,4.58,0.0,2.39,0.0,0.05,4,0,Nacoes Shopping,NS
IPAD,2025-12-23 00:00:00,0.04,21,0.0,0.0,1.9,0.0,0.0,0,0,Nacoes Shopping,NS
UNKNOWN,2025-12-24 00:00:00,0.0,0,0.0,0.0,0.0,0.0,0.0,0,0,Nacoes Shopping,NS
ANDROID,2025-12-24 00:00:00,62.18,22961,0.07,0.0,2.71,0.0,3.76,863,0,Nacoes Shopping,NS
IPHONE,2025-12-24 00:00:00,17.7,7458,5.9,0.0,2.37,0.0,0.04,3,0,Nacoes Shopping,NS
IPAD,2025-12-24 00:00:00,0.07,21,0.0,0.0,3.33,0.0,0.0,0,0,Nacoes Shopping,NS
UNKNOWN,2025-12-25 00:00:00,0.03,0,0.0,0.0,0.0,0.0,0.0,0,0,Nacoes Shopping,NS
ANDROID,2025-12-25 00:00:00,61.91,22471,0.06,0.0,2.76,0.0,4.67,1050,0,Nacoes Shopping,NS
IPHONE,2025-12-25 00:00:00,17.02,8113,1.42,0.0,2.1,0.0,0.15,12,0,Nacoes Shopping,NS
IPAD,2025-12-25 00:00:00,0.03,16,0.0,0.0,1.88,0.0,0.0,0,0,Nacoes Shopping,NS
UNKNOWN,2025-12-26 00:00:00,0.0,0,0.0,0.0,0.0,0.0,0.0,0,0,Nacoes Shopping,NS
ANDROID,2025-12-26 00:00:00,57.32,22274,0.06,0.0,2.57,0.0,4.47,996,0,Nacoes Shopping,NS
IPHONE,2025-12-26 00:00:00,17.49,8447,1.46,0.0,2.07,0.0,0.14,12,0,Nacoes Shopping,NS
IPAD,2025-12-26 00:00:00,0.01,9,0.0,0.0,1.11,0.0,0.0,0,0,Nacoes Shopping,NS
UNKNOWN,2025-12-27 00:00:00,0.03,0,0.0,0.0,0.0,0.0,0.0,0,0,Nacoes Shopping,NS
ANDROID,2025-12-27 00:00:00,67.68,25447,0.05,0.0,2.66,0.0,5.55,1412,0,Nacoes Shopping,NS
IPHONE,2025-12-27 00:00:00,17.73,8100,0.93,0.0,2.19,0.0,0.23,19,0,Nacoes Shopping,NS
IPAD,2025-12-27 00:00:00,0.08,26,0.0,0.0,3.08,0.0,0.0,0,0,Nacoes Shopping,NS
UNKNOWN,2025-12-28 00:00:00,0.05,0,0.0,0.0,0.0,0.0,0.0,0,0,Nacoes Shopping,NS
ANDROID,2025-12-28 00:00:00,67.78,24775,0.04,0.0,2.74,0.0,6.14,1521,0,Nacoes Shopping,NS
IPHONE,2025-12-28 00:00:00,15.19,7300,2.53,0.0,2.08,0.0,0.08,6,0,Nacoes Shopping,NS
IPAD,2025-12-28 00:00:00,0.07,23,0.0,0.0,3.04,0.0,0.0,0,0,Nacoes Shopping,NS
UNKNOWN,2025-12-29 00:00:00,0.0,0,0.0,0.0,0.0,0.0,0.0,0,0,Nacoes Shopping,NS
ANDROID,2025-12-29 00:00:00,62.91,25298,0.04,0.0,2.49,0.0,6.22,1573,0,Nacoes Shopping,NS
IPHONE,2025-12-29 00:00:00,16.39,8247,2.73,0.0,1.99,0.0,0.07,6,0,Nacoes Shopping,NS
IPAD,2025-12-29 00:00:00,0.07,31,0.0,0.0,2.26,0.0,0.0,0,0,Nacoes Shopping,NS
UNKNOWN,2025-12-30 00:00:00,0.0,0,0.0,0.0,0.0,0.0,0.0,0,0,Nacoes Shopping,NS
ANDROID,2025-12-30 00:00:00,59.32,22534,0.04,0.0,2.63,0.0,7.24,1632,0,Nacoes Shopping,NS
IPHONE,2025-12-30 00:00:00,14.29,6871,7.15,0.0,2.08,0.0,0.03,2,0,Nacoes Shopping,NS
IPAD,2025-12-30 00:00:00,0.02,16,0.0,0.0,1.25,0.0,0.0,0,0,Nacoes Shopping,NS
UNKNOWN,2025-12-31 00:00:00,0.01,0,0.0,0.0,0.0,0.0,0.0,0,0,Nacoes Shopping,NS
ANDROID,2025-12-31 00:00:00,39.31,16153,0.04,0.0,2.43,0.0,6.75,1091,0,Nacoes Shopping,NS
IPHONE,2025-12-31 00:00:00,10.88,5491,3.63,0.0,1.98,0.0,0.05,3,0,Nacoes Shopping,NS
IPAD,2025-12-31 00:00:00,0.06,10,0.0,0.0,6.0,0.0,0.0,0,0,Nacoes Shopping,NS
ANDROID,2026-01-01 00:00:00,0.0,42,0.0,0.0,0.0,0.0,9.52,4,0,Nacoes Shopping,NS
IPHONE,2026-01-01 00:00:00,0.0,12,0.0,0.0,0.0,0.0,0.0,0,0,Nacoes Shopping,NS
UNKNOWN,2026-01-02 00:00:00,0.0,0,0.0,0.0,0.0,0.0,0.0,0,0,Nacoes Shopping,NS
ANDROID,2026-01-02 00:00:00,0.0,5,0.0,0.0,0.0,0.0,40.0,2,0,Nacoes Shopping,NS
UNKNOWN,2026-01-03 00:00:00,0.0,0,0.0,0.0,0.0,0.0,0.0,0,0,Nacoes Shopping,NS
ANDROID,2026-01-03 00:00:00,0.0,3,0.0,0.0,0.0,0.0,0.0,0,0,Nacoes Shopping,NS
ANDROID,2026-01-04 00:00:00,0.0,6,0.0,0.0,0.0,0.0,0.0,0,0,Nacoes Shopping,NS
UNKNOWN,2026-01-05 00:00:00,0.0,0,0.0,0.0,0.0,0.0,0.0,0,0,Nacoes Shopping,NS
ANDROID,2026-01-05 00:00:00,0.0,8,0.0,0.0,0.0,0.0,12.5,1,0,Nacoes Shopping,NS
ANDROID,2026-01-06 00:00:00,0.0,0,0.0,0.0,0.0,0.0,0.0,0,0,Nacoes Shopping,NS
UNKNOWN,2026-01-07 00:00:00,0.0,0,0.0,0.0,0.0,0.0,0.0,0,0,Nacoes Shopping,NS
ANDROID,2026-01-07 00:00:00,0.0,2,0.0,0.0,0.0,0.0,0.0,0,0,Nacoes Shopping,NS
ANDROID,2026-01-08 00:00:00,0.0,0,0.0,0.0,0.0,0.0,0.0,0,0,Nacoes Shopping,NS
ANDROID,2026-01-09 00:00:00,0.0,0,0.0,0.0,0.0,0.0,0.0,0,0,Nacoes Shopping,NS
ANDROID,2026-01-10 00:00:00,0.0,0,0.0,0.0,0.0,0.0,0.0,0,0,Nacoes Shopping,NS
ANDROID,2026-01-11 00:00:00,0.0,0,0.0,0.0,0.0,0.0,0.0,0,0,Nacoes Shopping,NS
ANDROID,2026-01-12 00:00:00,0.0,0,0.0,0.0,0.0,0.0,0.0,0,0,Nacoes Shopping,NS
ANDROID,2026-01-13 00:00:00,0.0,0,0.0,0.0,0.0,0.0,0.0,0,0,Nacoes Shopping,NS
ANDROID,2026-01-14 00:00:00,6.17,4674,0.0,0.0,1.32,0.0,0.0,0,0,Nacoes Shopping,NS
IPHONE,2026-01-14 00:00:00,5.8,4733,0.0,0.0,1.23,0.0,0.0,0,0,Nacoes Shopping,NS
IPAD,2026-01-14 00:00:00,0.01,6,0.0,0.0,1.67,0.0,0.0,0,0,Nacoes Shopping,NS
ANDROID,2026-01-15 00:00:00,18.24,11922,0.0,0.0,1.53,0.0,0.0,0,0,Nacoes Shopping,NS
IPHONE,2026-01-15 00:00:00,16.4,9556,0.0,0.0,1.72,0.0,0.0,0,0,Nacoes Shopping,NS
IPAD,2026-01-15 00:00:00,0.01,16,0.0,0.0,0.63,0.0,0.0,0,0,Nacoes Shopping,NS
ANDROID,2026-01-16 00:00:00,19.97,11472,0.0,0.0,1.74,0.0,0.0,0,0,Nacoes Shopping,NS
IPHONE,2026-01-16 00:00:00,13.68,8908,0.0,0.0,1.54,0.0,0.0,0,0,Nacoes Shopping,NS
IPAD,2026-01-16 00:00:00,0.01,7,0.0,0.0,1.43,0.0,0.0,0,0,Nacoes Shopping,NS
UNKNOWN,2026-01-17 00:00:00,0.01,0,0.0,0.0,0.0,0.0,0.0,0,0,Nacoes Shopping,NS
ANDROID,2026-01-17 00:00:00,20.1,11696,0.0,0.0,1.72,0.0,0.0,0,0,Nacoes Shopping,NS
IPHONE,2026-01-17 00:00:00,13.64,8843,0.0,0.0,1.54,0.0,0.0,0,0,Nacoes Shopping,NS
IPAD,2026-01-17 00:00:00,0.05,13,0.0,0.0,3.85,0.0,0.0,0,0,Nacoes Shopping,NS
ANDROID,2026-01-18 00:00:00,18.32,11042,0.0,0.0,1.66,0.0,0.0,0,0,Nacoes Shopping,NS
IPHONE,2026-01-18 00:00:00,15.11,9206,0.0,0.0,1.64,0.0,0.0,0,0,Nacoes Shopping,NS
IPAD,2026-01-18 00:00:00,0.03,17,0.0,0.0,1.76,0.0,0.0,0,0,Nacoes Shopping,NS
ANDROID,2026-01-19 00:00:00,16.14,8921,0.0,0.0,1.81,0.0,0.0,0,0,Nacoes Shopping,NS
IPHONE,2026-01-19 00:00:00,15.28,8355,0.0,0.0,1.83,0.0,0.0,0,0,Nacoes Shopping,NS
IPAD,2026-01-19 00:00:00,0.05,24,0.0,0.0,2.08,0.0,0.0,0,0,Nacoes Shopping,NS
ANDROID,2026-01-20 00:00:00,15.56,7775,0.0,0.0,2.0,0.0,0.0,0,0,Nacoes Shopping,NS
IPHONE,2026-01-20 00:00:00,14.95,7348,0.0,0.0,2.03,0.0,0.0,0,0,Nacoes Shopping,NS
IPAD,2026-01-20 00:00:00,0.08,17,0.0,0.0,4.71,0.0,0.0,0,0,Nacoes Shopping,NS
ANDROID,2026-01-21 00:00:00,18.6,9877,0.0,0.0,1.88,0.0,0.0,0,0,Nacoes Shopping,NS
IPHONE,2026-01-21 00:00:00,15.12,9151,0.0,0.0,1.65,0.0,0.0,0,0,Nacoes Shopping,NS
IPAD,2026-01-21 00:00:00,0.02,10,0.0,0.0,2.0,0.0,0.0,0,0,Nacoes Shopping,NS
ANDROID,2026-01-22 00:00:00,17.28,10560,0.0,0.0,1.64,0.0,0.0,0,0,Nacoes Shopping,NS
IPHONE,2026-01-22 00:00:00,14.19,9024,0.0,0.0,1.57,0.0,0.0,0,0,Nacoes Shopping,NS
IPAD,2026-01-22 00:00:00,0.02,9,0.0,0.0,2.22,0.0,0.0,0,0,Nacoes Shopping,NS
ANDROID,2026-01-23 00:00:00,16.7,9853,0.0,0.0,1.69,0.0,0.0,0,0,Nacoes Shopping,NS
IPHONE,2026-01-23 00:00:00,13.69,8407,0.0,0.0,1.63,0.0,0.0,0,0,Nacoes Shopping,NS
IPAD,2026-01-23 00:00:00,0.01,14,0.0,0.0,0.71,0.0,0.0,0,0,Nacoes Shopping,NS
UNKNOWN,2026-01-24 00:00:00,0.01,0,0.0,0.0,0.0,0.0,0.0,0,0,Nacoes Shopping,NS
ANDROID,2026-01-24 00:00:00,17.43,9865,0.0,0.0,1.77,0.0,0.0,0,0,Nacoes Shopping,NS
IPHONE,2026-01-24 00:00:00,13.32,7857,0.0,0.0,1.7,0.0,0.0,0,0,Nacoes Shopping,NS
IPAD,2026-01-24 00:00:00,0.02,9,0.0,0.0,2.22,0.0,0.0,0,0,Nacoes Shopping,NS
ANDROID,2026-01-25 00:00:00,16.27,10179,0.0,0.0,1.6,0.0,0.0,0,0,Nacoes Shopping,NS
IPHONE,2026-01-25 00:00:00,12.45,8053,0.0,0.0,1.55,0.0,0.0,0,0,Nacoes Shopping,NS
IPAD,2026-01-25 00:00:00,0.0,12,0.0,0.0,0.0,0.0,0.0,0,0,Nacoes Shopping,NS
UNKNOWN,2026-01-26 00:00:00,0.01,0,0.0,0.0,0.0,0.0,0.0,0,0,Nacoes Shopping,NS
ANDROID,2026-01-26 00:00:00,15.88,8398,0.0,0.0,1.89,0.0,0.0,0,0,Nacoes Shopping,NS
IPHONE,2026-01-26 00:00:00,12.57,6280,0.0,0.0,2.0,0.0,0.0,0,0,Nacoes Shopping,NS
IPAD,2026-01-26 00:00:00,0.0,10,0.0,0.0,0.0,0.0,0.0,0,0,Nacoes Shopping,NS
ANDROID,2026-01-27 00:00:00,13.76,7722,0.0,0.0,1.78,0.0,0.0,0,0,Nacoes Shopping,NS
IPHONE,2026-01-27 00:00:00,12.65,7141,0.0,0.0,1.77,0.0,0.0,0,0,Nacoes Shopping,NS
IPAD,2026-01-27 00:00:00,0.0,6,0.0,0.0,0.0,0.0,0.0,0,0,Nacoes Shopping,NS
ANDROID,2026-01-28 00:00:00,15.22,10218,0.0,0.0,1.49,0.0,0.0,0,0,Nacoes Shopping,NS
IPHONE,2026-01-28 00:00:00,14.92,9250,0.0,0.0,1.61,0.0,0.0,0,0,Nacoes Shopping,NS
IPAD,2026-01-28 00:00:00,0.04,15,0.0,0.0,2.67,0.0,0.0,0,0,Nacoes Shopping,NS
ANDROID,2026-01-29 00:00:00,28.6,17441,0.0,0.0,1.64,0.0,0.0,0,0,Nacoes Shopping,NS
IPHONE,2026-01-29 00:00:00,23.38,14003,0.0,0.0,1.67,0.0,0.0,0,0,Nacoes Shopping,NS
IPAD,2026-01-29 00:00:00,0.09,36,0.0,0.0,2.5,0.0,0.0,0,0,Nacoes Shopping,NS
UNKNOWN,2026-01-30 00:00:00,0.03,0,0.0,0.0,0.0,0.0,0.0,0,0,Nacoes Shopping,NS
ANDROID,2026-01-30 00:00:00,56.91,31409,0.0,0.0,1.81,0.0,0.0,0,0,Nacoes Shopping,NS
IPHONE,2026-01-30 00:00:00,40.21,20922,0.0,0.0,1.92,0.0,0.0,0,0,Nacoes Shopping,NS
IPAD,2026-01-30 00:00:00,0.13,49,0.0,0.0,2.65,0.0,0.0,0,0,Nacoes Shopping,NS
UNKNOWN,2026-01-31 00:00:00,0.01,0,0.0,0.0,0.0,0.0,0.0,0,0,Nacoes Shopping,NS
ANDROID,2026-01-31 00:00:00,54.7,28718,0.0,0.0,1.9,0.0,0.0,0,0,Nacoes Shopping,NS
IPHONE,2026-01-31 00:00:00,37.22,19005,0.0,0.0,1.96,0.0,0.0,0,0,Nacoes Shopping,NS
IPAD,2026-01-31 00:00:00,0.1,46,0.0,0.0,2.17,0.0,0.0,0,0,Nacoes Shopping,NS
UNKNOWN,2026-02-01 00:00:00,0.01,0,0.0,0.0,0.0,0.0,0.0,0,0,Nacoes Shopping,NS
ANDROID,2026-02-01 00:00:00,48.82,29436,0.0,0.0,1.66,0.0,0.0,0,0,Nacoes Shopping,NS
IPHONE,2026-02-01 00:00:00,35.87,20713,0.0,0.0,1.73,0.0,0.0,0,0,Nacoes Shopping,NS
IPAD,2026-02-01 00:00:00,0.1,46,0.0,0.0,2.17,0.0,0.0,0,0,Nacoes Shopping,NS
UNKNOWN,2026-02-02 00:00:00,0.01,0,0.0,0.0,0.0,0.0,0.0,0,0,Nacoes Shopping,NS
ANDROID,2026-02-02 00:00:00,40.78,23231,0.0,0.0,1.76,0.0,0.0,0,0,Nacoes Shopping,NS
IPHONE,2026-02-02 00:00:00,41.64,21951,0.0,0.0,1.9,0.0,0.0,0,0,Nacoes Shopping,NS
IPAD,2026-02-02 00:00:00,0.11,72,0.0,0.0,1.53,0.0,0.0,0,0,Nacoes Shopping,NS
ANDROID,2026-02-03 00:00:00,37.97,19553,0.0,0.0,1.94,0.0,0.0,0,0,Nacoes Shopping,NS
IPHONE,2026-02-03 00:00:00,43.95,21042,0.0,0.0,2.09,0.0,0.0,0,0,Nacoes Shopping,NS
IPAD,2026-02-03 00:00:00,0.11,54,0.0,0.0,2.04,0.0,0.0,0,0,Nacoes Shopping,NS
ANDROID,2026-02-04 00:00:00,48.22,23513,0.0,0.0,2.05,0.0,0.0,0,0,Nacoes Shopping,NS
IPHONE,2026-02-04 00:00:00,33.38,15770,0.0,0.0,2.12,0.0,0.0,0,0,Nacoes Shopping,NS
IPAD,2026-02-04 00:00:00,0.09,52,0.0,0.0,1.73,0.0,0.0,0,0,Nacoes Shopping,NS
ANDROID,2026-02-05 00:00:00,44.8,23411,0.0,0.0,1.91,0.0,0.0,0,0,Nacoes Shopping,NS
IPHONE,2026-02-05 00:00:00,38.05,18629,0.0,0.0,2.04,0.0,0.0,0,0,Nacoes Shopping,NS
IPAD,2026-02-05 00:00:00,0.19,44,0.0,0.0,4.32,0.0,0.0,0,0,Nacoes Shopping,NS
ANDROID,2026-02-06 00:00:00,47.72,26405,0.0,0.0,1.81,0.0,0.0,0,0,Nacoes Shopping,NS
IPHONE,2026-02-06 00:00:00,31.51,17225,0.0,0.0,1.83,0.0,0.0,0,0,Nacoes Shopping,NS
IPAD,2026-02-06 00:00:00,0.09,53,0.0,0.0,1.7,0.0,0.0,0,0,Nacoes Shopping,NS
ANDROID,2026-02-07 00:00:00,37.49,20012,0.0,0.0,1.87,0.0,0.0,0,0,Nacoes Shopping,NS
IPHONE,2026-02-07 00:00:00,26.03,12886,0.0,0.0,2.02,0.0,0.0,0,0,Nacoes Shopping,NS
IPAD,2026-02-07 00:00:00,0.05,30,0.0,0.0,1.67,0.0,0.0,0,0,Nacoes Shopping,NS
ANDROID,2026-02-08 00:00:00,18.57,10281,0.0,0.0,1.81,0.0,0.0,0,0,Nacoes Shopping,NS
IPHONE,2026-02-08 00:00:00,12.85,6641,0.0,0.0,1.93,0.0,0.0,0,0,Nacoes Shopping,NS
IPAD,2026-02-08 00:00:00,0.01,20,0.0,0.0,0.5,0.0,0.0,0,0,Nacoes Shopping,NS
ANDROID,2026-02-09 00:00:00,10.78,5424,0.0,0.0,1.99,0.0,0.0,0,0,Nacoes Shopping,NS
IPHONE,2026-02-09 00:00:00,7.66,3675,0.0,0.0,2.08,0.0,0.0,0,0,Nacoes Shopping,NS
IPAD,2026-02-09 00:00:00,0.01,10,0.0,0.0,1.0,0.0,0.0,0,0,Nacoes Shopping,NS
ANDROID,2026-02-10 00:00:00,11.4,7027,0.0,0.0,1.62,0.0,0.0,0,0,Nacoes Shopping,NS
IPHONE,2026-02-10 00:00:00,8.17,4857,0.0,0.0,1.68,0.0,0.0,0,0,Nacoes Shopping,NS
IPAD,2026-02-10 00:00:00,0.01,16,0.0,0.0,0.63,0.0,0.0,0,0,Nacoes Shopping,NS
ANDROID,2026-02-11 00:00:00,10.28,7006,0.0,0.0,1.47,0.0,0.0,0,0,Nacoes Shopping,NS
IPHONE,2026-02-11 00:00:00,8.16,5174,0.0,0.0,1.58,0.0,0.0,0,0,Nacoes Shopping,NS
IPAD,2026-02-11 00:00:00,0.0,8,0.0,0.0,0.0,0.0,0.0,0,0,Nacoes Shopping,NS
ANDROID,2026-02-12 00:00:00,10.5,6697,0.0,0.0,1.57,0.0,0.0,0,0,Nacoes Shopping,NS
IPHONE,2026-02-12 00:00:00,7.5,4587,0.0,0.0,1.64,0.0,0.0,0,0,Nacoes Shopping,NS
IPAD,2026-02-12 00:00:00,0.0,2,0.0,0.0,0.0,0.0,0.0,0,0,Nacoes Shopping,NS
ANDROID,2026-02-13 00:00:00,10.26,6408,0.0,0.0,1.6,0.0,0.0,0,0,Nacoes Shopping,NS
IPHONE,2026-02-13 00:00:00,7.86,4237,0.0,0.0,1.86,0.0,0.0,0,0,Nacoes Shopping,NS
IPAD,2026-02-13 00:00:00,0.0,6,0.0,0.0,0.0,0.0,0.0,0,0,Nacoes Shopping,NS
ANDROID,2026-02-14 00:00:00,10.62,6525,0.0,0.0,1.63,0.0,0.0,0,0,Nacoes Shopping,NS
IPHONE,2026-02-14 00:00:00,7.42,3733,0.0,0.0,1.99,0.0,0.0,0,0,Nacoes Shopping,NS
IPAD,2026-02-14 00:00:00,0.0,13,0.0,0.0,0.0,0.0,0.0,0,0,Nacoes Shopping,NS
UNKNOWN,2026-02-15 00:00:00,0.01,0,0.0,0.0,0.0,0.0,0.0,0,0,Nacoes Shopping,NS
ANDROID,2026-02-15 00:00:00,10.14,5594,0.0,0.0,1.81,0.0,0.0,0,0,Nacoes Shopping,NS
IPHONE,2026-02-15 00:00:00,6.74,3369,0.0,0.0,2.0,0.0,0.0,0,0,Nacoes Shopping,NS
IPAD,2026-02-15 00:00:00,0.01,5,0.0,0.0,2.0,0.0,0.0,0,0,Nacoes Shopping,NS
ANDROID,2026-02-16 00:00:00,9.34,5081,0.0,0.0,1.84,0.0,0.0,0,0,Nacoes Shopping,NS
IPHONE,2026-02-16 00:00:00,6.92,3509,0.0,0.0,1.97,0.0,0.0,0,0,Nacoes Shopping,NS
IPAD,2026-02-16 00:00:00,0.01,8,0.0,0.0,1.25,0.0,0.0,0,0,Nacoes Shopping,NS
ANDROID,2026-02-17 00:00:00,10.24,6731,0.0,0.0,1.52,0.0,0.0,0,0,Nacoes Shopping,NS
IPHONE,2026-02-17 00:00:00,6.98,4795,0.0,0.0,1.46,0.0,0.0,0,0,Nacoes Shopping,NS
IPAD,2026-02-17 00:00:00,0.02,8,0.0,0.0,2.5,0.0,0.0,0,0,Nacoes Shopping,NS
UNKNOWN,2026-02-18 00:00:00,0.01,0,0.0,0.0,0.0,0.0,0.0,0,0,Nacoes Shopping,NS
ANDROID,2026-02-18 00:00:00,9.09,6622,0.0,0.0,1.37,0.0,0.0,0,0,Nacoes Shopping,NS
IPHONE,2026-02-18 00:00:00,6.74,4782,0.0,0.0,1.41,0.0,0.0,0,0,Nacoes Shopping,NS
IPAD,2026-02-18 00:00:00,0.0,13,0.0,0.0,0.0,0.0,0.0,0,0,Nacoes Shopping,NS
ANDROID,2026-02-19 00:00:00,9.48,6323,0.0,0.0,1.5,0.0,0.0,0,0,Nacoes Shopping,NS
IPHONE,2026-02-19 00:00:00,6.05,3825,0.0,0.0,1.58,0.0,0.0,0,0,Nacoes Shopping,NS
IPAD,2026-02-19 00:00:00,0.01,11,0.0,0.0,0.91,0.0,0.0,0,0,Nacoes Shopping,NS
UNKNOWN,2026-02-20 00:00:00,0.01,0,0.0,0.0,0.0,0.0,0.0,0,0,Nacoes Shopping,NS
ANDROID,2026-02-20 00:00:00,9.02,5496,0.0,0.0,1.64,0.0,0.0,0,0,Nacoes Shopping,NS
IPHONE,2026-02-20 00:00:00,6.12,3483,0.0,0.0,1.76,0.0,0.0,0,0,Nacoes Shopping,NS
IPAD,2026-02-20 00:00:00,0.0,2,0.0,0.0,0.0,0.0,0.0,0,0,Nacoes Shopping,NS
ANDROID,2026-02-21 00:00:00,8.39,5118,0.0,0.0,1.64,0.0,0.0,0,0,Nacoes Shopping,NS
IPHONE,2026-02-21 00:00:00,6.22,3350,0.0,0.0,1.86,0.0,0.0,0,0,Nacoes Shopping,NS
IPAD,2026-02-21 00:00:00,0.0,11,0.0,0.0,0.0,0.0,0.0,0,0,Nacoes Shopping,NS
UNKNOWN,2026-02-22 00:00:00,0.01,0,0.0,0.0,0.0,0.0,0.0,0,0,Nacoes Shopping,NS
ANDROID,2026-02-22 00:00:00,7.57,4615,0.0,0.0,1.64,0.0,0.0,0,0,Nacoes Shopping,NS
IPHONE,2026-02-22 00:00:00,5.67,3083,0.0,0.0,1.84,0.0,0.0,0,0,Nacoes Shopping,NS
IPAD,2026-02-22 00:00:00,0.0,1,0.0,0.0,0.0,0.0,0.0,0,0,Nacoes Shopping,NS
ANDROID,2026-02-23 00:00:00,6.41,3357,0.0,0.0,1.91,0.0,0.0,0,0,Nacoes Shopping,NS
IPHONE,2026-02-23 00:00:00,5.63,2289,0.0,0.0,2.46,0.0,0.0,0,0,Nacoes Shopping,NS
IPAD,2026-02-23 00:00:00,0.0,4,0.0,0.0,0.0,0.0,0.0,0,0,Nacoes Shopping,NS
ANDROID,2026-02-24 00:00:00,7.2,4397,0.0,0.0,1.64,0.0,0.0,0,0,Nacoes Shopping,NS
IPHONE,2026-02-24 00:00:00,4.17,2467,0.0,0.0,1.69,0.0,0.0,0,0,Nacoes Shopping,NS
IPAD,2026-02-24 00:00:00,0.01,5,0.0,0.0,2.0,0.0,0.0,0,0,Nacoes Shopping,NS
ANDROID,2026-02-25 00:00:00,2.26,1336,0.0,0.0,1.69,0.0,0.0,0,0,Nacoes Shopping,NS
IPHONE,2026-02-25 00:00:00,0.99,704,0.0,0.0,1.41,0.0,0.0,0,0,Nacoes Shopping,NS
IPAD,2026-02-25 00:00:00,0.0,4,0.0,0.0,0.0,0.0,0.0,0,0,Nacoes Shopping,NS
ANDROID,2026-02-27 00:00:00,0.0,0,0.0,0.0,0.0,0.0,0.0,0,0,Nacoes Shopping,NS
ANDROID,2026-03-02 00:00:00,0.0,0,0.0,0.0,0.0,0.0,0.0,0,0,Nacoes Shopping,NS
ANDROID,2026-03-03 00:00:00,0.0,0,0.0,0.0,0.0,0.0,0.0,0,0,Nacoes Shopping,NS
ANDROID,2026-03-04 00:00:00,0.0,0,0.0,0.0,0.0,0.0,0.0,0,0,Nacoes Shopping,NS
ANDROID,2026-03-05 00:00:00,0.0,0,0.0,0.0,0.0,0.0,0.0,0,0,Nacoes Shopping,NS
ANDROID,2026-03-06 00:00:00,0.0,0,0.0,0.0,0.0,0.0,0.0,0,0,Nacoes Shopping,NS
ANDROID,2026-03-09 00:00:00,0.0,0,0.0,0.0,0.0,0.0,0.0,0,0,Nacoes Shopping,NS
ANDROID,2026-03-12 00:00:00,0.0,0,0.0,0.0,0.0,0.0,0.0,0,0,Nacoes Shopping,NS
ANDROID,2026-03-22 00:00:00,0.0,0,0.0,0.0,0.0,0.0,0.0,0,0,Nacoes Shopping,NS
ANDROID,2026-03-28 00:00:00,0.0,0,0.0,0.0,0.0,0.0,0.0,0,0,Nacoes Shopping,NS
ANDROID,2026-04-01 00:00:00,0.0,0,0.0,0.0,0.0,0.0,0.0,0,0,Nacoes Shopping,NS
ANDROID,2026-04-02 00:00:00,0.0,0,0.0,0.0,0.0,0.0,0.0,0,0,Nacoes Shopping,NS
ANDROID,2026-04-09 00:00:00,0.0,0,0.0,0.0,0.0,0.0,0.0,0,0,Nacoes Shopping,NS
UNKNOWN,2026-04-30 00:00:00,0.01,0,0.0,0.0,0.0,0.0,0.0,0,0,Nacoes Shopping,NS
ANDROID,2026-04-30 00:00:00,31.32,11945,0.05,0.0,2.62,0.0,5.24,626,0,Nacoes Shopping,NS
IPHONE,2026-04-30 00:00:00,8.12,4015,1.62,0.0,2.02,0.0,0.12,5,0,Nacoes Shopping,NS
IPAD,2026-04-30 00:00:00,0.05,18,0.0,0.0,2.78,0.0,0.0,0,0,Nacoes Shopping,NS
UNKNOWN,2026-05-01 00:00:00,0.0,0,0.0,0.0,0.0,0.0,0.0,0,0,Nacoes Shopping,NS
ANDROID,2026-05-01 00:00:00,84.78,32745,0.04,0.0,2.59,0.0,6.84,2241,0,Nacoes Shopping,NS
IPHONE,2026-05-01 00:00:00,18.59,10030,0.74,0.0,1.85,0.0,0.25,25,0,Nacoes Shopping,NS
IPAD,2026-05-01 00:00:00,0.04,28,0.0,0.0,1.43,0.0,0.0,0,0,Nacoes Shopping,NS
UNKNOWN,2026-05-02 00:00:00,0.0,0,0.0,0.0,0.0,0.0,0.0,0,0,Nacoes Shopping,NS
ANDROID,2026-05-02 00:00:00,84.97,30300,0.04,0.0,2.8,0.0,7.21,2186,0,Nacoes Shopping,NS
IPHONE,2026-05-02 00:00:00,17.56,9116,0.68,0.0,1.93,0.0,0.29,26,0,Nacoes Shopping,NS
IPAD,2026-05-02 00:00:00,0.04,35,0.0,0.0,1.14,0.0,0.0,0,0,Nacoes Shopping,NS
UNKNOWN,2026-05-03 00:00:00,0.0,0,0.0,0.0,0.0,0.0,0.0,0,0,Nacoes Shopping,NS
ANDROID,2026-05-03 00:00:00,80.35,31399,0.03,0.0,2.56,0.0,8.56,2688,0,Nacoes Shopping,NS
IPHONE,2026-05-03 00:00:00,20.49,9872,0.68,0.0,2.08,0.0,0.3,30,0,Nacoes Shopping,NS
IPAD,2026-05-03 00:00:00,0.07,30,0.0,0.0,2.33,0.0,0.0,0,0,Nacoes Shopping,NS
UNKNOWN,2026-05-04 00:00:00,0.0,0,0.0,0.0,0.0,0.0,0.0,0,0,Nacoes Shopping,NS
ANDROID,2026-05-04 00:00:00,39.95,12658,0.04,0.0,3.16,0.0,7.92,1002,0,Nacoes Shopping,NS
IPHONE,2026-05-04 00:00:00,9.87,4243,0.9,0.0,2.33,0.0,0.26,11,0,Nacoes Shopping,NS
IPAD,2026-05-04 00:00:00,0.02,13,0.0,0.0,1.54,0.0,0.0,0,0,Nacoes Shopping,NS
UNKNOWN,2026-05-05 00:00:00,0.0,0,0.0,0.0,0.0,0.0,0.0,0,0,Nacoes Shopping,NS
ANDROID,2026-05-05 00:00:00,13.04,7703,0.36,0.0,1.69,0.0,0.47,36,0,Nacoes Shopping,NS
IPHONE,2026-05-05 00:00:00,8.44,4213,1.41,0.0,2.0,0.0,0.14,6,0,Nacoes Shopping,NS
IPAD,2026-05-05 00:00:00,0.03,23,0.0,0.0,1.3,0.0,0.0,0,0,Nacoes Shopping,NS
UNKNOWN,2026-05-06 00:00:00,0.0,0,0.0,0.0,0.0,0.0,0.0,0,0,Nacoes Shopping,NS
ANDROID,2026-05-06 00:00:00,67.51,23747,0.06,0.0,2.84,0.0,4.71,1119,0,Nacoes Shopping,NS
IPHONE,2026-05-06 00:00:00,22.31,9704,0.83,0.0,2.3,0.0,0.28,27,0,Nacoes Shopping,NS
IPAD,2026-05-06 00:00:00,0.14,46,0.0,0.0,3.04,0.0,0.0,0,0,Nacoes Shopping,NS
UNKNOWN,2026-05-07 00:00:00,0.01,0,0.0,0.0,0.0,0.0,0.0,0,0,Nacoes Shopping,NS
ANDROID,2026-05-07 00:00:00,104.66,32823,0.04,0.0,3.19,0.0,7.14,2342,0,Nacoes Shopping,NS
IPHONE,2026-05-07 00:00:00,24.08,10015,0.69,0.0,2.4,0.0,0.35,35,0,Nacoes Shopping,NS
IPAD,2026-05-07 00:00:00,0.06,37,0.06,0.0,1.62,0.0,2.7,1,0,Nacoes Shopping,NS
UNKNOWN,2026-05-08 00:00:00,0.0,0,0.0,0.0,0.0,0.0,0.0,0,0,Nacoes Shopping,NS
ANDROID,2026-05-08 00:00:00,94.7,30368,0.04,0.0,3.12,0.0,7.99,2427,0,Nacoes Shopping,NS
IPHONE,2026-05-08 00:00:00,22.37,9362,0.89,0.0,2.39,0.0,0.27,25,0,Nacoes Shopping,NS
IPAD,2026-05-08 00:00:00,0.09,32,0.0,0.0,2.81,0.0,0.0,0,0,Nacoes Shopping,NS
UNKNOWN,2026-05-09 00:00:00,0.0,0,0.0,0.0,0.0,0.0,0.0,0,0,Nacoes Shopping,NS
ANDROID,2026-05-09 00:00:00,90.74,28812,0.04,0.0,3.15,0.0,8.45,2436,0,Nacoes Shopping,NS
IPHONE,2026-05-09 00:00:00,17.99,8001,1.38,0.0,2.25,0.0,0.16,13,0,Nacoes Shopping,NS
IPAD,2026-05-09 00:00:00,0.06,24,0.0,0.0,2.5,0.0,0.0,0,0,Nacoes Shopping,NS
UNKNOWN,2026-05-10 00:00:00,0.0,0,0.0,0.0,0.0,0.0,0.0,0,0,Nacoes Shopping,NS
ANDROID,2026-05-10 00:00:00,80.46,28157,0.04,0.0,2.86,0.0,7.58,2134,0,Nacoes Shopping,NS
IPHONE,2026-05-10 00:00:00,16.88,7609,0.94,0.0,2.22,0.0,0.24,18,0,Nacoes Shopping,NS
IPAD,2026-05-10 00:00:00,0.02,17,0.0,0.0,1.18,0.0,0.0,0,0,Nacoes Shopping,NS
UNKNOWN,2026-05-11 00:00:00,0.0,0,0.0,0.0,0.0,0.0,0.0,0,0,Nacoes Shopping,NS
ANDROID,2026-05-11 00:00:00,31.91,10774,0.04,0.0,2.96,0.0,6.67,719,0,Nacoes Shopping,NS
IPHONE,2026-05-11 00:00:00,8.25,3485,2.06,0.0,2.37,0.0,0.11,4,0,Nacoes Shopping,NS
IPAD,2026-05-11 00:00:00,0.02,7,0.0,0.0,2.86,0.0,0.0,0,0,Nacoes Shopping,NS
ANDROID,2026-05-12 00:00:00,0.0,0,0.0,0.0,0.0,0.0,0.0,0,0,Nacoes Shopping,NS
IPHONE,2026-05-12 00:00:00,0.0,0,0.0,0.0,0.0,0.0,0.0,0,0,Nacoes Shopping,NS
ANDROID,2026-05-13 00:00:00,0.0,0,0.0,0.0,0.0,0.0,0.0,0,0,Nacoes Shopping,NS
IPHONE,2026-05-13 00:00:00,0.0,0,0.0,0.0,0.0,0.0,0.0,0,0,Nacoes Shopping,NS
ANDROID,2026-05-14 00:00:00,0.0,0,0.0,0.0,0.0,0.0,0.0,0,0,Nacoes Shopping,NS
ANDROID,2026-05-15 00:00:00,0.0,0,0.0,0.0,0.0,0.0,0.0,0,0,Nacoes Shopping,NS
IPHONE,2026-05-15 00:00:00,0.0,0,0.0,0.0,0.0,0.0,0.0,0,0,Nacoes Shopping,NS
ANDROID,2026-05-16 00:00:00,0.0,0,0.0,0.0,0.0,0.0,0.0,0,0,Nacoes Shopping,NS
ANDROID,2026-05-17 00:00:00,0.0,0,0.0,0.0,0.0,0.0,0.0,0,0,Nacoes Shopping,NS
ANDROID,2026-05-18 00:00:00,0.0,0,0.0,0.0,0.0,0.0,0.0,0,0,Nacoes Shopping,NS
IPHONE,2026-05-18 00:00:00,0.0,0,0.0,0.0,0.0,0.0,0.0,0,0,Nacoes Shopping,NS
ANDROID,2026-05-19 00:00:00,0.0,0,0.0,0.0,0.0,0.0,0.0,0,0,Nacoes Shopping,NS
ANDROID,2026-05-20 00:00:00,0.0,0,0.0,0.0,0.0,0.0,0.0,0,0,Nacoes Shopping,NS
IPHONE,2026-05-20 00:00:00,0.0,0,0.0,0.0,0.0,0.0,0.0,0,0,Nacoes Shopping,NS
ANDROID,2026-05-21 00:00:00,0.0,0,0.0,0.0,0.0,0.0,0.0,0,0,Nacoes Shopping,NS
IPHONE,2026-05-21 00:00:00,0.0,0,0.0,0.0,0.0,0.0,0.0,0,0,Nacoes Shopping,NS
ANDROID,2026-05-22 00:00:00,0.0,0,0.0,0.0,0.0,0.0,0.0,0,0,Nacoes Shopping,NS
ANDROID,2026-05-23 00:00:00,0.0,0,0.0,0.0,0.0,0.0,0.0,0,0,Nacoes Shopping,NS
ANDROID,2026-05-24 00:00:00,0.0,0,0.0,0.0,0.0,0.0,0.0,0,0,Nacoes Shopping,NS
ANDROID,2026-05-25 00:00:00,0.0,0,0.0,0.0,0.0,0.0,0.0,0,0,Nacoes Shopping,NS
IPHONE,2026-05-26 00:00:00,0.0,0,0.0,0.0,0.0,0.0,0.0,0,0,Nacoes Shopping,NS
ANDROID,2026-05-27 00:00:00,0.0,0,0.0,0.0,0.0,0.0,0.0,0,0,Nacoes Shopping,NS
UNKNOWN,2026-05-28 00:00:00,0.0,0,0.0,0.0,0.0,0.0,0.0,0,0,Nacoes Shopping,NS
ANDROID,2026-05-28 00:00:00,44.19,15145,0.05,0.0,2.92,0.0,6.07,920,0,Nacoes Shopping,NS
IPHONE,2026-05-28 00:00:00,7.63,4441,0.85,0.0,1.72,0.0,0.2,9,0,Nacoes Shopping,NS
IPAD,2026-05-28 00:00:00,0.02,12,0.0,0.0,1.67,0.0,0.0,0,0,Nacoes Shopping,NS
UNKNOWN,2026-05-29 00:00:00,0.01,0,0.0,0.0,0.0,0.0,0.0,0,0,Nacoes Shopping,NS
ANDROID,2026-05-29 00:00:00,69.65,21825,0.05,0.0,3.19,0.0,6.3,1375,0,Nacoes Shopping,NS
IPHONE,2026-05-29 00:00:00,14.08,6686,2.01,0.0,2.11,0.0,0.1,7,0,Nacoes Shopping,NS
IPAD,2026-05-29 00:00:00,0.08,27,0.0,0.0,2.96,0.0,0.0,0,0,Nacoes Shopping,NS
UNKNOWN,2026-05-30 00:00:00,0.0,0,0.0,0.0,0.0,0.0,0.0,0,0,Nacoes Shopping,NS
ANDROID,2026-05-30 00:00:00,68.74,21913,0.05,0.0,3.14,0.0,6.72,1472,0,Nacoes Shopping,NS
IPHONE,2026-05-30 00:00:00,13.45,6990,1.22,0.0,1.92,0.0,0.16,11,0,Nacoes Shopping,NS
IPAD,2026-05-30 00:00:00,0.03,23,0.0,0.0,1.3,0.0,0.0,0,0,Nacoes Shopping,NS
UNKNOWN,2026-05-31 00:00:00,0.01,0,0.0,0.0,0.0,0.0,0.0,0,0,Nacoes Shopping,NS
ANDROID,2026-05-31 00:00:00,70.01,24256,0.04,0.0,2.89,0.0,7.37,1788,0,Nacoes Shopping,NS
IPHONE,2026-05-31 00:00:00,14.27,7703,0.95,0.0,1.85,0.0,0.19,15,0,Nacoes Shopping,NS
IPAD,2026-05-31 00:00:00,0.06,30,0.0,0.0,2.0,0.0,0.0,0,0,Nacoes Shopping,NS
UNKNOWN,2026-06-01 00:00:00,0.01,0,0.0,0.0,0.0,0.0,0.0,0,0,Nacoes Shopping,NS
ANDROID,2026-06-01 00:00:00,64.97,23978,0.04,0.0,2.71,0.0,7.69,1844,0,Nacoes Shopping,NS
IPHONE,2026-06-01 00:00:00,15.58,8463,1.04,0.0,1.84,0.0,0.18,15,0,Nacoes Shopping,NS
IPAD,2026-06-01 00:00:00,0.04,29,0.0,0.0,1.38,0.0,0.0,0,0,Nacoes Shopping,NS
UNKNOWN,2026-06-02 00:00:00,0.0,0,0.0,0.0,0.0,0.0,0.0,0,0,Nacoes Shopping,NS
ANDROID,2026-06-02 00:00:00,62.4,20396,0.04,0.0,3.06,0.0,8.48,1730,0,Nacoes Shopping,NS
IPHONE,2026-06-02 00:00:00,16.11,7929,1.34,0.0,2.03,0.0,0.15,12,0,Nacoes Shopping,NS
IPAD,2026-06-02 00:00:00,0.05,26,0.0,0.0,1.92,0.0,0.0,0,0,Nacoes Shopping,NS
UNKNOWN,2026-06-03 00:00:00,0.0,0,0.0,0.0,0.0,0.0,0.0,0,0,Nacoes Shopping,NS
ANDROID,2026-06-03 00:00:00,63.8,21131,0.03,0.0,3.02,0.0,8.94,1889,0,Nacoes Shopping,NS
IPHONE,2026-06-03 00:00:00,15.66,7039,1.12,0.0,2.22,0.0,0.2,14,0,Nacoes Shopping,NS
IPAD,2026-06-03 00:00:00,0.1,37,0.0,0.0,2.7,0.0,0.0,0,0,Nacoes Shopping,NS
UNKNOWN,2026-06-04 00:00:00,0.0,0,0.0,0.0,0.0,0.0,0.0,0,0,Nacoes Shopping,NS
ANDROID,2026-06-04 00:00:00,62.66,21797,0.03,0.0,2.87,0.0,9.86,2149,0,Nacoes Shopping,NS
IPHONE,2026-06-04 00:00:00,17.14,8120,1.71,0.0,2.11,0.0,0.12,10,0,Nacoes Shopping,NS
IPAD,2026-06-04 00:00:00,0.07,28,0.0,0.0,2.5,0.0,0.0,0,0,Nacoes Shopping,NS
UNKNOWN,2026-06-05 00:00:00,0.0,0,0.0,0.0,0.0,0.0,0.0,0,0,Nacoes Shopping,NS
ANDROID,2026-06-05 00:00:00,59.22,22488,0.03,0.0,2.63,0.0,7.64,1719,0,Nacoes Shopping,NS
IPHONE,2026-06-05 00:00:00,12.1,7012,1.51,0.0,1.73,0.0,0.11,8,0,Nacoes Shopping,NS
IPAD,2026-06-05 00:00:00,0.06,34,0.0,0.0,1.76,0.0,0.0,0,0,Nacoes Shopping,NS
UNKNOWN,2026-06-06 00:00:00,0.0,0,0.0,0.0,0.0,0.0,0.0,0,0,Nacoes Shopping,NS
ANDROID,2026-06-06 00:00:00,57.76,20959,0.03,0.0,2.76,0.0,7.95,1666,0,Nacoes Shopping,NS
IPHONE,2026-06-06 00:00:00,12.83,6963,1.28,0.0,1.84,0.0,0.14,10,0,Nacoes Shopping,NS
IPAD,2026-06-06 00:00:00,0.03,22,0.0,0.0,1.36,0.0,0.0,0,0,Nacoes Shopping,NS
UNKNOWN,2026-06-07 00:00:00,0.0,0,0.0,0.0,0.0,0.0,0.0,0,0,Nacoes Shopping,NS
ANDROID,2026-06-07 00:00:00,58.12,22792,0.03,0.0,2.55,0.0,8.32,1897,0,Nacoes Shopping,NS
IPHONE,2026-06-07 00:00:00,12.44,7746,1.78,0.0,1.61,0.0,0.09,7,0,Nacoes Shopping,NS
IPAD,2026-06-07 00:00:00,0.04,22,0.0,0.0,1.82,0.0,0.0,0,0,Nacoes Shopping,NS
UNKNOWN,2026-06-08 00:00:00,0.0,0,0.0,0.0,0.0,0.0,0.0,0,0,Nacoes Shopping,NS
ANDROID,2026-06-08 00:00:00,55.13,21178,0.04,0.0,2.6,0.0,7.28,1542,0,Nacoes Shopping,NS
IPHONE,2026-06-08 00:00:00,12.52,7041,1.57,0.0,1.78,0.0,0.11,8,0,Nacoes Shopping,NS
IPAD,2026-06-08 00:00:00,0.04,20,0.0,0.0,2.0,0.0,0.0,0,0,Nacoes Shopping,NS
UNKNOWN,2026-06-09 00:00:00,0.0,0,0.0,0.0,0.0,0.0,0.0,0,0,Nacoes Shopping,NS
ANDROID,2026-06-09 00:00:00,52.62,20072,0.04,0.0,2.62,0.0,6.98,1401,0,Nacoes Shopping,NS
IPHONE,2026-06-09 00:00:00,13.57,6774,0.8,0.0,2.0,0.0,0.25,17,0,Nacoes Shopping,NS
IPAD,2026-06-09 00:00:00,0.04,16,0.0,0.0,2.5,0.0,0.0,0,0,Nacoes Shopping,NS
UNKNOWN,2026-06-10 00:00:00,0.0,0,0.0,0.0,0.0,0.0,0.0,0,0,Nacoes Shopping,NS
ANDROID,2026-06-10 00:00:00,52.24,18678,0.04,0.0,2.8,0.0,6.84,1277,0,Nacoes Shopping,NS
IPHONE,2026-06-10 00:00:00,13.1,6094,2.18,0.0,2.15,0.0,0.1,6,0,Nacoes Shopping,NS
IPAD,2026-06-10 00:00:00,0.02,18,0.0,0.0,1.11,0.0,0.0,0,0,Nacoes Shopping,NS
UNKNOWN,2026-06-11 00:00:00,0.03,0,0.0,0.0,0.0,0.0,0.0,0,0,Nacoes Shopping,NS
ANDROID,2026-06-11 00:00:00,50.29,18921,0.04,0.0,2.66,0.0,6.63,1254,0,Nacoes Shopping,NS
IPHONE,2026-06-11 00:00:00,11.59,5869,1.29,0.0,1.97,0.0,0.15,9,0,Nacoes Shopping,NS
IPAD,2026-06-11 00:00:00,0.01,6,0.0,0.0,1.67,0.0,0.0,0,0,Nacoes Shopping,NS
UNKNOWN,2026-06-12 00:00:00,0.03,0,0.0,0.0,0.0,0.0,0.0,0,0,Nacoes Shopping,NS
ANDROID,2026-06-12 00:00:00,46.67,18406,0.04,0.0,2.54,0.0,6.49,1195,0,Nacoes Shopping,NS
IPHONE,2026-06-12 00:00:00,11.11,5373,1.85,0.0,2.07,0.0,0.11,6,0,Nacoes Shopping,NS
IPAD,2026-06-12 00:00:00,0.03,9,0.0,0.0,3.33,0.0,0.0,0,0,Nacoes Shopping,NS
UNKNOWN,2026-06-13 00:00:00,0.0,0,0.0,0.0,0.0,0.0,0.0,0,0,Nacoes Shopping,NS
ANDROID,2026-06-13 00:00:00,38.44,15063,0.05,0.0,2.55,0.0,5.66,853,0,Nacoes Shopping,NS
IPHONE,2026-06-13 00:00:00,10.21,5555,1.28,0.0,1.84,0.0,0.14,8,0,Nacoes Shopping,NS
IPAD,2026-06-13 00:00:00,0.0,20,0.0,0.0,0.0,0.0,0.0,0,0,Nacoes Shopping,NS
ANDROID,2026-06-14 00:00:00,13.6,7039,0.07,0.0,1.93,0.0,2.64,186,0,Nacoes Shopping,NS
IPHONE,2026-06-14 00:00:00,3.82,2694,0.0,0.0,1.42,0.0,0.0,0,0,Nacoes Shopping,NS
IPAD,2026-06-14 00:00:00,0.02,9,0.0,0.0,2.22,0.0,0.0,0,0,Nacoes Shopping,NS
ANDROID,2026-06-15 00:00:00,7.71,5197,0.0,0.0,1.48,0.0,0.0,0,0,Nacoes Shopping,NS
IPHONE,2026-06-15 00:00:00,3.21,2162,0.0,0.0,1.48,0.0,0.0,0,0,Nacoes Shopping,NS
IPAD,2026-06-15 00:00:00,0.0,8,0.0,0.0,0.0,0.0,0.0,0,0,Nacoes Shopping,NS
ANDROID,2026-06-16 00:00:00,7.62,4369,0.0,0.0,1.74,0.0,0.0,0,0,Nacoes Shopping,NS
IPHONE,2026-06-16 00:00:00,3.49,2081,0.0,0.0,1.68,0.0,0.0,0,0,Nacoes Shopping,NS
IPAD,2026-06-16 00:00:00,0.0,7,0.0,0.0,0.0,0.0,0.0,0,0,Nacoes Shopping,NS
ANDROID,2026-06-17 00:00:00,6.98,3679,0.0,0.0,1.9,0.0,0.0,0,0,Nacoes Shopping,NS
IPHONE,2026-06-17 00:00:00,3.42,1732,0.0,0.0,1.97,0.0,0.0,0,0,Nacoes Shopping,NS
IPAD,2026-06-17 00:00:00,0.02,10,0.0,0.0,2.0,0.0,0.0,0,0,Nacoes Shopping,NS
ANDROID,2026-06-18 00:00:00,8.24,4314,0.0,0.0,1.91,0.0,0.0,0,0,Nacoes Shopping,NS
IPHONE,2026-06-18 00:00:00,3.13,1657,0.0,0.0,1.89,0.0,0.0,0,0,Nacoes Shopping,NS
IPAD,2026-06-18 00:00:00,0.01,5,0.0,0.0,2.0,0.0,0.0,0,0,Nacoes Shopping,NS
UNKNOWN,2026-06-19 00:00:00,0.01,0,0.0,0.0,0.0,0.0,0.0,0,0,Nacoes Shopping,NS
ANDROID,2026-06-19 00:00:00,7.99,3790,0.0,0.0,2.11,0.0,0.0,0,0,Nacoes Shopping,NS
IPHONE,2026-06-19 00:00:00,2.63,1250,0.0,0.0,2.1,0.0,0.0,0,0,Nacoes Shopping,NS
IPAD,2026-06-19 00:00:00,0.01,3,0.0,0.0,3.33,0.0,0.0,0,0,Nacoes Shopping,NS
ANDROID,2026-06-20 00:00:00,7.07,3981,0.0,0.0,1.78,0.0,0.0,0,0,Nacoes Shopping,NS
IPHONE,2026-06-20 00:00:00,3.02,1655,0.0,0.0,1.82,0.0,0.0,0,0,Nacoes Shopping,NS
IPAD,2026-06-20 00:00:00,0.0,4,0.0,0.0,0.0,0.0,0.0,0,0,Nacoes Shopping,NS
ANDROID,2026-06-21 00:00:00,6.72,4014,0.0,0.0,1.67,0.0,0.0,0,0,Nacoes Shopping,NS
IPHONE,2026-06-21 00:00:00,2.58,1641,0.0,0.0,1.57,0.0,0.0,0,0,Nacoes Shopping,NS
IPAD,2026-06-21 00:00:00,0.01,8,0.0,0.0,1.25,0.0,0.0,0,0,Nacoes Shopping,NS
ANDROID,2026-06-22 00:00:00,6.03,3547,0.0,0.0,1.7,0.0,0.0,0,0,Nacoes Shopping,NS
IPHONE,2026-06-22 00:00:00,2.81,1567,0.0,0.0,1.79,0.0,0.0,0,0,Nacoes Shopping,NS
IPAD,2026-06-22 00:00:00,0.01,4,0.0,0.0,2.5,0.0,0.0,0,0,Nacoes Shopping,NS
ANDROID,2026-06-23 00:00:00,6.32,3330,0.0,0.0,1.9,0.0,0.0,0,0,Nacoes Shopping,NS
IPHONE,2026-06-23 00:00:00,2.73,1462,0.0,0.0,1.87,0.0,0.0,0,0,Nacoes Shopping,NS
IPAD,2026-06-23 00:00:00,0.01,7,0.0,0.0,1.43,0.0,0.0,0,0,Nacoes Shopping,NS
ANDROID,2026-06-24 00:00:00,6.4,2885,0.0,0.0,2.22,0.0,0.0,0,0,Nacoes Shopping,NS
IPHONE,2026-06-24 00:00:00,2.3,1100,0.0,0.0,2.09,0.0,0.0,0,0,Nacoes Shopping,NS
IPAD,2026-06-24 00:00:00,0.0,4,0.0,0.0,0.0,0.0,0.0,0,0,Nacoes Shopping,NS
ANDROID,2026-06-25 00:00:00,6.25,3126,0.0,0.0,2.0,0.0,0.0,0,0,Nacoes Shopping,NS
IPHONE,2026-06-25 00:00:00,2.38,1097,0.0,0.0,2.17,0.0,0.0,0,0,Nacoes Shopping,NS
IPAD,2026-06-25 00:00:00,0.01,8,0.0,0.0,1.25,0.0,0.0,0,0,Nacoes Shopping,NS
ANDROID,2026-06-26 00:00:00,5.42,2568,0.0,0.0,2.11,0.0,0.0,0,0,Nacoes Shopping,NS
IPHONE,2026-06-26 00:00:00,2.01,951,0.0,0.0,2.11,0.0,0.0,0,0,Nacoes Shopping,NS
IPAD,2026-06-26 00:00:00,0.01,5,0.0,0.0,2.0,0.0,0.0,0,0,Nacoes Shopping,NS
ANDROID,2026-06-27 00:00:00,4.65,2422,0.0,0.0,1.92,0.0,0.0,0,0,Nacoes Shopping,NS
IPHONE,2026-06-27 00:00:00,1.59,758,0.0,0.0,2.1,0.0,0.0,0,0,Nacoes Shopping,NS
IPAD,2026-06-27 00:00:00,0.01,3,0.0,0.0,3.33,0.0,0.0,0,0,Nacoes Shopping,NS
ANDROID,2026-06-28 00:00:00,3.58,2224,0.0,0.0,1.61,0.0,0.0,0,0,Nacoes Shopping,NS
IPHONE,2026-06-28 00:00:00,1.2,739,0.0,0.0,1.62,0.0,0.0,0,0,Nacoes Shopping,NS
IPAD,2026-06-28 00:00:00,0.0,4,0.0,0.0,0.0,0.0,0.0,0,0,Nacoes Shopping,NS
ANDROID,2026-06-29 00:00:00,2.74,1336,0.0,0.0,2.05,0.0,0.0,0,0,Nacoes Shopping,NS
IPHONE,2026-06-29 00:00:00,0.88,437,0.0,0.0,2.01,0.0,0.0,0,0,Nacoes Shopping,NS
IPAD,2026-06-29 00:00:00,0.0,3,0.0,0.0,0.0,0.0,0.0,0,0,Nacoes Shopping,NS
ANDROID,2026-06-30 00:00:00,0.18,72,0.0,0.0,2.5,0.0,0.0,0,0,Nacoes Shopping,NS
IPHONE,2026-06-30 00:00:00,0.04,15,0.0,0.0,2.67,0.0,0.0,0,0,Nacoes Shopping,NS
ANDROID,2026-07-01 00:00:00,56.19,28214,0.0,0.0,1.99,0.0,0.0,0,0,Nacoes Shopping,NS
IPHONE,2026-07-01 00:00:00,23.2,15264,0.0,0.0,1.52,0.0,0.0,0,0,Nacoes Shopping,NS
IPAD,2026-07-01 00:00:00,0.07,55,0.0,0.0,1.27,0.0,0.0,0,0,Nacoes Shopping,NS
ANDROID,2026-07-02 00:00:00,116.16,38738,0.0,0.0,3.0,0.0,0.0,0,0,Nacoes Shopping,NS
IPHONE,2026-07-02 00:00:00,57.59,23681,0.0,0.0,2.43,0.0,0.0,0,0,Nacoes Shopping,NS
IPAD,2026-07-02 00:00:00,0.33,93,0.0,0.0,3.55,0.0,0.0,0,0,Nacoes Shopping,NS
UNKNOWN,2026-07-03 00:00:00,0.02,0,0.0,0.0,0.0,0.0,0.0,0,0,Nacoes Shopping,NS
ANDROID,2026-07-03 00:00:00,107.57,34401,0.0,0.0,3.13,0.0,0.0,0,0,Nacoes Shopping,NS
IPHONE,2026-07-03 00:00:00,57.08,19863,0.0,0.0,2.87,0.0,0.0,0,0,Nacoes Shopping,NS
IPAD,2026-07-03 00:00:00,0.22,81,0.0,0.0,2.72,0.0,0.0,0,0,Nacoes Shopping,NS
UNKNOWN,2026-07-04 00:00:00,0.03,0,0.0,0.0,0.0,0.0,0.0,0,0,Nacoes Shopping,NS
ANDROID,2026-07-04 00:00:00,106.83,30867,0.0,0.0,3.46,0.0,0.0,0,0,Nacoes Shopping,NS
IPHONE,2026-07-04 00:00:00,56.48,17656,0.0,0.0,3.2,0.0,0.0,0,0,Nacoes Shopping,NS
IPAD,2026-07-04 00:00:00,0.19,77,0.0,0.0,2.47,0.0,0.0,0,0,Nacoes Shopping,NS
UNKNOWN,2026-07-05 00:00:00,0.02,0,0.0,0.0,0.0,0.0,0.0,0,0,Nacoes Shopping,NS
ANDROID,2026-07-05 00:00:00,58.52,12787,0.0,0.0,4.58,0.0,0.0,0,0,Nacoes Shopping,NS
IPHONE,2026-07-05 00:00:00,23.59,6758,0.0,0.0,3.49,0.0,0.0,0,0,Nacoes Shopping,NS
IPAD,2026-07-05 00:00:00,0.05,23,0.0,0.0,2.17,0.0,0.0,0,0,Nacoes Shopping,NS
UNKNOWN,2026-07-06 00:00:00,0.01,0,0.0,0.0,0.0,0.0,0.0,0,0,Nacoes Shopping,NS
ANDROID,2026-07-06 00:00:00,27.86,2743,0.0,0.0,10.16,0.0,0.0,0,0,Nacoes Shopping,NS
IPHONE,2026-07-06 00:00:00,4.51,721,0.0,0.0,6.26,0.0,0.0,0,0,Nacoes Shopping,NS
IPAD,2026-07-06 00:00:00,0.0,3,0.0,0.0,0.0,0.0,0.0,0,0,Nacoes Shopping,NS
ANDROID,2026-07-07 00:00:00,14.25,1042,0.0,0.0,13.68,0.0,0.0,0,0,Nacoes Shopping,NS
IPHONE,2026-07-07 00:00:00,2.05,314,0.0,0.0,6.53,0.0,0.0,0,0,Nacoes Shopping,NS
IPAD,2026-07-07 00:00:00,0.01,5,0.0,0.0,2.0,0.0,0.0,0,0,Nacoes Shopping,NS
ANDROID,2026-07-08 00:00:00,0.0,0,0.0,0.0,0.0,0.0,0.0,0,0,Nacoes Shopping,NS
IPHONE,2026-07-08 00:00:00,0.0,0,0.0,0.0,0.0,0.0,0.0,0,0,Nacoes Shopping,NS
ANDROID,2026-07-09 00:00:00,0.0,0,0.0,0.0,0.0,0.0,0.0,0,0,Nacoes Shopping,NS
ANDROID,2026-07-10 00:00:00,0.0,0,0.0,0.0,0.0,0.0,0.0,0,0,Nacoes Shopping,NS
ANDROID,2026-07-11 00:00:00,0.0,0,0.0,0.0,0.0,0.0,0.0,0,0,Nacoes Shopping,NS
IPHONE,2026-07-12 00:00:00,0.0,0,0.0,0.0,0.0,0.0,0.0,0,0,Nacoes Shopping,NS
IPHONE,2026-07-13 00:00:00,0.0,0,0.0,0.0,0.0,0.0,0.0,0,0,Nacoes Shopping,NS
IPHONE,2026-07-19 00:00:00,0.0,0,0.0,0.0,0.0,0.0,0.0,0,0,Nacoes Shopping,NS
ANDROID,2026-07-25 00:00:00,0.0,0,0.0,0.0,0.0,0.0,0.0,0,0,Nacoes Shopping,NS
ANDROID,2026-08-04 00:00:00,0.16,165,0.0,0.0,0.97,0.0,0.0,0,0,Nacoes Shopping,NS
IPHONE,2026-08-04 00:00:00,0.08,97,0.0,0.0,0.82,0.0,0.0,0,0,Nacoes Shopping,NS
IPAD,2026-08-04 00:00:00,0.0,2,0.0,0.0,0.0,0.0,0.0,0,0,Nacoes Shopping,NS
ANDROID,2026-08-05 00:00:00,33.25,17718,1.19,0.0,1.88,0.0,0.16,28,0,Nacoes Shopping,NS
IPHONE,2026-08-05 00:00:00,36.84,9469,1.94,0.0,3.89,0.0,0.2,19,0,Nacoes Shopping,NS
IPAD,2026-08-05 00:00:00,0.02,41,0.02,0.0,0.49,0.0,2.44,1,0,Nacoes Shopping,NS
UNKNOWN,2026-08-06 00:00:00,0.01,0,0.0,0.0,0.0,0.0,0.0,0,0,Nacoes Shopping,NS
ANDROID,2026-08-06 00:00:00,31.19,16539,1.64,0.0,1.89,0.0,0.11,19,0,Nacoes Shopping,NS
IPHONE,2026-08-06 00:00:00,15.01,8213,0.79,0.0,1.83,0.0,0.23,19,0,Nacoes Shopping,NS
IPAD,2026-08-06 00:00:00,0.05,30,0.0,0.0,1.67,0.0,0.0,0,0,Nacoes Shopping,NS
ANDROID,2026-08-07 00:00:00,28.87,15441,1.15,0.0,1.87,0.0,0.16,25,0,Nacoes Shopping,NS
IPHONE,2026-08-07 00:00:00,22.8,7984,1.43,0.0,2.86,0.0,0.2,16,0,Nacoes Shopping,NS
IPAD,2026-08-07 00:00:00,0.02,21,0.0,0.0,0.95,0.0,0.0,0,0,Nacoes Shopping,NS
ANDROID,2026-08-08 00:00:00,40.18,15035,1.22,0.0,2.67,0.0,0.22,33,0,Nacoes Shopping,NS
IPHONE,2026-08-08 00:00:00,24.64,7697,1.03,0.0,3.2,0.0,0.31,24,0,Nacoes Shopping,NS
IPAD,2026-08-08 00:00:00,0.05,37,0.0,0.0,1.35,0.0,0.0,0,0,Nacoes Shopping,NS
UNKNOWN,2026-08-09 00:00:00,0.01,0,0.0,0.0,0.0,0.0,0.0,0,0,Nacoes Shopping,NS
ANDROID,2026-08-09 00:00:00,38.89,14974,0.95,0.0,2.6,0.0,0.27,41,0,Nacoes Shopping,NS
IPHONE,2026-08-09 00:00:00,24.05,8267,1.09,0.0,2.91,0.0,0.27,22,0,Nacoes Shopping,NS
IPAD,2026-08-09 00:00:00,0.09,36,0.0,0.0,2.5,0.0,0.0,0,0,Nacoes Shopping,NS
ANDROID,2026-08-10 00:00:00,27.22,13605,0.74,0.0,2.0,0.0,0.27,37,0,Nacoes Shopping,NS
IPHONE,2026-08-10 00:00:00,37.65,8069,1.98,0.0,4.67,0.0,0.24,19,0,Nacoes Shopping,NS
IPAD,2026-08-10 00:00:00,0.11,34,0.0,0.0,3.24,0.0,0.0,0,0,Nacoes Shopping,NS
UNKNOWN,2026-08-11 00:00:00,0.0,1,0.0,0.0,0.0,0.0,0.0,0,0,Nacoes Shopping,NS
ANDROID,2026-08-11 00:00:00,27.62,13457,0.75,0.0,2.05,0.0,0.27,37,0,Nacoes Shopping,NS
IPHONE,2026-08-11 00:00:00,19.87,7547,1.32,0.0,2.63,0.0,0.2,15,0,Nacoes Shopping,NS
IPAD,2026-08-11 00:00:00,0.06,35,0.0,0.0,1.71,0.0,0.0,0,0,Nacoes Shopping,NS
UNKNOWN,2026-08-12 00:00:00,0.02,0,0.0,0.0,0.0,0.0,0.0,0,0,Nacoes Shopping,NS
ANDROID,2026-08-12 00:00:00,36.12,13413,0.77,0.0,2.69,0.0,0.35,47,0,Nacoes Shopping,NS
IPHONE,2026-08-12 00:00:00,15.03,7055,0.88,0.0,2.13,0.0,0.24,17,0,Nacoes Shopping,NS
IPAD,2026-08-12 00:00:00,0.14,39,0.0,0.0,3.59,0.0,0.0,0,0,Nacoes Shopping,NS
UNKNOWN,2026-08-13 00:00:00,0.01,0,0.0,0.0,0.0,0.0,0.0,0,0,Nacoes Shopping,NS
ANDROID,2026-08-13 00:00:00,39.13,13263,1.26,0.0,2.95,0.0,0.23,31,0,Nacoes Shopping,NS
IPHONE,2026-08-13 00:00:00,26.98,6951,2.25,0.0,3.88,0.0,0.17,12,0,Nacoes Shopping,NS
IPAD,2026-08-13 00:00:00,0.06,38,0.06,0.0,1.58,0.0,2.63,1,0,Nacoes Shopping,NS
UNKNOWN,2026-08-14 00:00:00,0.01,0,0.0,0.0,0.0,0.0,0.0,0,0,Nacoes Shopping,NS
ANDROID,2026-08-14 00:00:00,36.01,12739,1.06,0.0,2.83,0.0,0.27,34,0,Nacoes Shopping,NS
IPHONE,2026-08-14 00:00:00,14.06,6481,0.78,0.0,2.17,0.0,0.28,18,0,Nacoes Shopping,NS
IPAD,2026-08-14 00:00:00,0.03,32,0.0,0.0,0.94,0.0,0.0,0,0,Nacoes Shopping,NS
ANDROID,2026-08-15 00:00:00,35.05,14016,1.21,0.0,2.5,0.0,0.21,29,0,Nacoes Shopping,NS
IPHONE,2026-08-15 00:00:00,50.82,7606,2.67,0.0,6.68,0.0,0.25,19,0,Nacoes Shopping,NS
IPAD,2026-08-15 00:00:00,0.08,39,0.0,0.0,2.05,0.0,0.0,0,0,Nacoes Shopping,NS
UNKNOWN,2026-08-16 00:00:00,0.01,0,0.0,0.0,0.0,0.0,0.0,0,0,Nacoes Shopping,NS
ANDROID,2026-08-16 00:00:00,13.26,6928,1.02,0.0,1.91,0.0,0.19,13,0,Nacoes Shopping,NS
IPHONE,2026-08-16 00:00:00,31.98,3975,2.67,0.0,8.05,0.0,0.3,12,0,Nacoes Shopping,NS
IPAD,2026-08-16 00:00:00,0.01,17,0.0,0.0,0.59,0.0,0.0,0,0,Nacoes Shopping,NS
ANDROID,2026-08-17 00:00:00,33.25,258,11.08,0.0,128.88,0.0,1.16,3,0,Nacoes Shopping,NS
IPHONE,2026-08-17 00:00:00,32.86,296,16.43,0.0,111.01,0.0,0.68,2,0,Nacoes Shopping,NS
IPAD,2026-08-17 00:00:00,0.0,0,0.0,0.0,0.0,0.0,0.0,0,0,Nacoes Shopping,NS
ANDROID,2026-08-18 00:00:00,3.24,105,3.24,0.0,30.86,0.0,0.95,1,0,Nacoes Shopping,NS
IPHONE,2026-08-18 00:00:00,15.54,145,3.89,0.0,107.17,0.0,2.76,4,0,Nacoes Shopping,NS
IPAD,2026-08-18 00:00:00,5.17,1,5.17,0.0,5170.0,0.0,100.0,1,0,Nacoes Shopping,NS
ANDROID,2026-08-19 00:00:00,0.0,0,0.0,0.0,0.0,0.0,0.0,0,0,Nacoes Shopping,NS
IPHONE,2026-08-19 00:00:00,0.0,0,0.0,0.0,0.0,0.0,0.0,0,0,Nacoes Shopping,NS
ANDROID,2026-08-20 00:00:00,0.0,0,0.0,0.0,0.0,0.0,0.0,0,0,Nacoes Shopping,NS
ANDROID,2026-08-21 00:00:00,0.0,0,0.0,0.0,0.0,0.0,0.0,0,0,Nacoes Shopping,NS
IPHONE,2026-08-22 00:00:00,0.0,0,0.0,0.0,0.0,0.0,0.0,0,0,Nacoes Shopping,NS
IPHONE,2026-08-23 00:00:00,0.0,0,0.0,0.0,0.0,0.0,0.0,0,0,Nacoes Shopping,NS
ANDROID,2026-08-24 00:00:00,0.0,0,0.0,0.0,0.0,0.0,0.0,0,0,Nacoes Shopping,NS
ANDROID,2026-08-26 00:00:00,0.0,0,0.0,0.0,0.0,0.0,0.0,0,0,Nacoes Shopping,NS
ANDROID,2026-08-27 00:00:00,0.0,0,0.0,0.0,0.0,0.0,0.0,0,0,Nacoes Shopping,NS
ANDROID,2026-08-28 00:00:00,0.0,0,0.0,0.0,0.0,0.0,0.0,0,0,Nacoes Shopping,NS
ANDROID,2026-08-29 00:00:00,0.0,0,0.0,0.0,0.0,0.0,0.0,0,0,Nacoes Shopping,NS
ANDROID,2026-08-31 00:00:00,0.0,0,0.0,0.0,0.0,0.0,0.0,0,0,Nacoes Shopping,NS
